category,ym,n,platform_n,share,month,seasonal_index,adj,roll_mean,roll_std,denom,z,shift,bad_rate
agro_industria_e_comercio,2017-01,2,789,0.0025348542458808617,1,1.0,0.0025348542458808617,,0.0,,,,0.0
agro_industria_e_comercio,2017-02,7,1733,0.004039238315060588,2,1.0,0.004039238315060588,,0.0,,,,0.0
agro_industria_e_comercio,2017-03,2,2641,0.0007572889057175312,3,1.0,0.0007572889057175312,0.003287046280470725,0.0010637601768259972,0.0010637601768259972,-2.3781275421508794,,0.5
agro_industria_e_comercio,2017-05,4,3660,0.001092896174863388,5,1.0,0.001092896174863388,0.0024437938222196605,0.0016428685224143254,0.0016428685224143254,-0.8222798288027465,,0.0
agro_industria_e_comercio,2017-06,1,3217,0.00031084861672365556,6,1.0,0.00031084861672365556,0.0021060694103805923,0.0015018574393179701,0.0015018574393179701,-1.1953336892429618,,1.0
agro_industria_e_comercio,2017-07,1,3969,0.0002519526329050139,7,1.0,0.0002519526329050139,0.0015500680030912908,0.0016900826712813691,0.0016900826712813691,-0.7680780308824097,,0.0
agro_industria_e_comercio,2017-08,1,4293,0.00023293733985557886,8,1.0,0.00023293733985557886,0.0006032465825523974,0.00039681640173430064,0.00039681640173430064,-0.9332004450379783,,0.0
agro_industria_e_comercio,2017-09,3,4243,0.0007070469007777516,9,1.0,0.0007070469007777516,0.0004721586910869093,0.00041515199096282097,0.00041515199096282097,0.5657884697748631,,0.3333333333333333
agro_industria_e_comercio,2017-10,5,4568,0.0010945709281961471,10,1.0,0.0010945709281961471,0.00037569637256550017,0.00022337640766927766,0.00022337640766927766,3.218220595144427,,0.2
agro_industria_e_comercio,2017-11,13,7451,0.0017447322507046035,11,1.0,0.0017447322507046035,0.0005716269504336231,0.00041178930228543857,0.00041178930228543857,2.84879984438698,,0.3076923076923077
agro_industria_e_comercio,2017-12,9,5624,0.001600284495021337,12,1.0,0.001600284495021337,0.0009448218548835205,0.00063916558048683,0.00063916558048683,1.0254973987156406,,0.0
agro_industria_e_comercio,2018-01,15,7220,0.002077562326869806,1,1.0,0.002077562326869806,0.00128665864367496,0.0004764591857414079,0.0004764591857414079,1.6599610352020768,,0.13333333333333333
agro_industria_e_comercio,2018-02,21,6694,0.00313713773528533,2,1.0,0.00313713773528533,0.0016292875001979736,0.0004086729733050048,0.0004086729733050048,3.6896255284344504,,0.19047619047619047
agro_industria_e_comercio,2018-03,25,7188,0.003478018920422927,3,1.0,0.003478018920422927,0.002139929201970269,0.0006941929429329781,0.0006941929429329781,1.9275472792898238,,0.16
agro_industria_e_comercio,2018-04,12,6934,0.0017306028266512836,4,1.0,0.0017306028266512836,0.0025732508693998503,0.0008810872678187774,0.0008810872678187774,-0.9563729650011049,,0.25
agro_industria_e_comercio,2018-05,8,6853,0.0011673719538888077,5,1.0,0.0011673719538888077,0.002605830452307337,0.000834284276475769,0.000834284276475769,-1.7241826784689593,,0.0
agro_industria_e_comercio,2018-06,10,6160,0.0016233766233766235,6,1.0,0.0016233766233766235,0.0023782828590620873,0.0011062059441286202,0.0011062059441286202,-0.6824282943806798,,0.1
agro_industria_e_comercio,2018-07,29,6273,0.004622987406344652,7,1.0,0.004622987406344652,0.0019998425810849106,0.0010152551892674913,0.0010152551892674913,2.5837295420793125,SURGE,0.10344827586206896
agro_industria_e_comercio,2018-08,14,6452,0.0021698698078115313,8,1.0,0.0021698698078115313,0.0022860847025653417,0.0015769564117494874,0.0015769564117494874,-0.0736956924667821,,0.14285714285714285
alimentos,2016-10,1,308,0.003246753246753247,10,0.7072905864075681,0.004590409245009155,,0.0,,,,0.0
alimentos,2017-01,2,789,0.0025348542458808617,1,0.6221214837232616,0.004074532566710783,,0.0,,,,0.0
alimentos,2017-02,9,1733,0.0051933064050779,2,1.1830057297290968,0.004389924980555373,0.004332470905859968,0.00036477989748076936,0.00036477989748076936,0.15750340161887197,,0.2222222222222222
alimentos,2017-03,22,2641,0.008330177962892843,3,1.5559154173965692,0.005353875840391946,0.00435162226409177,0.0002600625124261639,0.0002600625124261639,3.853894846089104,,0.22727272727272727
alimentos,2017-04,8,2391,0.003345880384776244,4,1.010708749264154,0.0033104298218573952,0.004602185658166814,0.0005442576577760721,0.0005442576577760721,-2.373427030108772,,0.125
alimentos,2017-05,3,3660,0.000819672131147541,5,0.6961255452095909,0.0011774774489862348,0.004282190802378874,0.0008460805359525563,0.0008460805359525563,-3.6695246155228123,,0.3333333333333333
alimentos,2017-06,1,3217,0.00031084861672365556,6,0.5065846090206662,0.0006136163854732793,0.0035579270229477377,0.0017930837306219672,0.0017930837306219672,-1.6420374504503283,,0.0
alimentos,2017-07,6,3969,0.0015117157974300832,7,1.3145945500668137,0.0011499483223578334,0.002613849874177214,0.0021646451342905155,0.0021646451342905155,-0.6762778474076255,,0.0
alimentos,2017-08,7,4293,0.001630561378989052,8,2.1000093114930687,0.0007764543566855674,0.0015628679946686856,0.0011936051114012968,0.0011936051114012968,-0.6588557894661374,,0.0
alimentos,2017-09,13,4243,0.003063869903370257,9,0.7378782300757721,0.004152270359101976,0.0009293741283757286,0.0002788641494380421,0.0002788641494380421,11.557226833283957,,0.07692307692307693
alimentos,2017-10,12,4568,0.002626970227670753,10,0.7072905864075681,0.003714131473194797,0.0016730723559046639,0.0016679780457526199,0.0016679780457526199,1.2236726511404246,,0.0
alimentos,2017-11,11,7451,0.0014763119044423566,11,0.3555432996327443,0.004152270359101976,0.0024482011278350434,0.0017307637233344387,0.0017307637233344387,0.9845764666155139,,0.18181818181818182
alimentos,2017-12,12,5624,0.0021337126600284497,12,0.513866505669904,0.004152270359101976,0.003198781637021079,0.0016280393517943423,0.0016280393517943423,0.5856668765592246,,0.08333333333333333
alimentos,2018-01,19,7220,0.002631578947368421,1,0.6221214837232616,0.004230008151493168,0.004042735637625181,0.0002190694429535856,0.0002190694429535856,0.8548545673148235,,0.21052631578947367
alimentos,2018-02,31,6694,0.004631012847325963,2,1.1830057297290968,0.003914615737648578,0.004062170085722979,0.0002349018310258957,0.0002349018310258957,-0.6281532478056108,,0.16129032258064516
alimentos,2018-03,33,7188,0.004590984974958264,3,1.5559154173965692,0.002950664877812006,0.004112291151836424,0.00013678393595945588,0.00013678393595945588,-8.492417372524914,COLLAPSE,0.21212121212121213
alimentos,2018-04,35,6934,0.005047591577732911,4,1.010708749264154,0.004994110896346556,0.0038118897815139323,0.0005896165041034237,0.0005896165041034237,2.0050678815891025,SURGE,0.08571428571428572
alimentos,2018-05,34,6853,0.004961330804027433,5,0.6961255452095909,0.007127063269217718,0.004022349915825077,0.0008460805359525555,0.0008460805359525555,3.669524615522818,SURGE,0.029411764705882353
alimentos,2018-06,24,6160,0.003896103896103896,6,0.5065846090206662,0.007690924332730674,0.004746613695256215,0.0017930837306219677,0.0017930837306219677,1.6420374504503283,,0.16666666666666666
alimentos,2018-07,59,6273,0.009405388171528774,7,1.3145945500668137,0.0071545923958461185,0.005690690844026739,0.0021646451342905173,0.0021646451342905173,0.6762778474076245,,0.1016949152542373
alimentos,2018-08,102,6452,0.015809051456912585,8,2.1000093114930687,0.007528086361518385,0.006741672723535267,0.0011936051114013002,0.0011936051114013002,0.6588557894661355,,0.09803921568627451
alimentos_bebidas,2017-03,5,2641,0.001893222264293828,3,1.0,0.001893222264293828,,0.0,,,,0.2
alimentos_bebidas,2017-04,2,2391,0.000836470096194061,4,1.0,0.000836470096194061,,0.0,,,,0.0
alimentos_bebidas,2017-05,12,3660,0.003278688524590164,5,1.0,0.003278688524590164,0.0013648461802439446,0.0007472366240969317,0.0007472366240969317,2.5612266350825377,,0.08333333333333333
alimentos_bebidas,2017-06,2,3217,0.0006216972334473111,6,1.0,0.0006216972334473111,0.002002793628359351,0.0012247906457296149,0.0012247906457296149,-1.1276183401035964,,0.0
alimentos_bebidas,2017-07,6,3969,0.0015117157974300832,7,1.0,0.0015117157974300832,0.001657519529631341,0.0012152907321244589,0.0012152907321244589,-0.11997436362110428,,0.0
alimentos_bebidas,2017-08,12,4293,0.002795248078266946,8,1.0,0.002795248078266946,0.0015621429129154048,0.0012055580787743818,0.0012055580787743818,1.0228500700730776,,0.0
alimentos_bebidas,2017-09,5,4243,0.0011784115012962526,9,1.0,0.0011784115012962526,0.0020518374084336263,0.0012103519267854174,0.0012103519267854174,-0.7216297076975884,,0.2
alimentos_bebidas,2017-10,15,4568,0.0032837127845884414,10,1.0,0.0032837127845884414,0.0015267681526101482,0.0009219135209659735,0.0009219135209659735,1.9057586118678256,,0.0
alimentos_bebidas,2017-11,28,7451,0.0037578848476714534,11,1.0,0.0037578848476714534,0.002192272040395431,0.0010076198014650514,0.0010076198014650514,1.553773362730332,,0.10714285714285714
alimentos_bebidas,2017-12,19,5624,0.0033783783783783786,12,1.0,0.0033783783783783786,0.0027538143029557736,0.0011213921117396082,0.0011213921117396082,0.5569542258093139,,0.05263157894736842
alimentos_bebidas,2018-01,10,7220,0.0013850415512465374,1,1.0,0.0013850415512465374,0.002899596877983632,0.001165606293545752,0.001165606293545752,-1.2993712672311044,,0.1
alimentos_bebidas,2018-02,21,6694,0.00313713773528533,2,1.0,0.00313713773528533,0.0029512543904712026,0.001064054954266933,0.001064054954266933,0.1746933690489597,,0.09523809523809523
alimentos_bebidas,2018-03,16,7188,0.0022259321090706734,3,1.0,0.0022259321090706734,0.002914610628145425,0.0010512360676668106,0.0010512360676668106,-0.6551130999559925,,0.125
alimentos_bebidas,2018-04,16,6934,0.0023074704355350445,4,1.0,0.0023074704355350445,0.00253162244349523,0.0009113613818315778,0.0009113613818315778,-0.24595293637492469,,0.0
alimentos_bebidas,2018-05,15,6853,0.002188822413541515,5,1.0,0.002188822413541515,0.0022638954577843965,0.0007160717512427088,0.0007160717512427088,-0.10484011429384824,,0.0
alimentos_bebidas,2018-06,9,6160,0.001461038961038961,6,1.0,0.001461038961038961,0.0024648406733581408,0.0004509294523797576,0.0004509294523797576,-2.226072630700138,,0.3333333333333333
alimentos_bebidas,2018-07,15,6273,0.0023912003825920613,7,1.0,0.0023912003825920613,0.0020458159797965485,0.000392988496859625,0.000392988496859625,0.8788664440702033,,0.06666666666666667
alimentos_bebidas,2018-08,16,6452,0.0024798512089274642,8,1.0,0.0024798512089274642,0.0020871330481768953,0.0004255741381175543,0.0004255741381175543,0.9227961137104864,,0.0
artes,2017-03,5,2641,0.001893222264293828,3,1.0,0.001893222264293828,,0.0,,,,0.2
artes,2017-04,1,2391,0.0004182350480970305,4,1.0,0.0004182350480970305,,0.0,,,,0.0
artes,2017-05,8,3660,0.002185792349726776,5,1.0,0.002185792349726776,0.0011557286561954293,0.001042973462736224,0.001042973462736224,0.9876221498761736,,0.125
artes,2017-06,5,3217,0.001554243083618278,6,1.0,0.001554243083618278,0.0014990832207058783,0.0009474037644512896,0.0009474037644512896,0.05822212765256085,,0.4
artes,2017-07,3,3969,0.0007558578987150416,7,1.0,0.0007558578987150416,0.0015128731864339781,0.0007740434405661255,0.0007740434405661255,-0.9780010372095721,,0.0
artes,2017-08,4,4293,0.0009317493594223154,8,1.0,0.0009317493594223154,0.0012285320950392816,0.0007963326447826462,0.0007963326447826462,-0.3726868885275589,,0.0
artes,2017-09,3,4243,0.0007070469007777516,9,1.0,0.0007070469007777516,0.0013569106728706028,0.0006501311391641329,0.0006501311391641329,-0.9995887490151212,,0.3333333333333333
artes,2017-10,3,4568,0.0006567425569176883,10,1.0,0.0006567425569176883,0.0009872243106333466,0.00039013568438281583,0.00039013568438281583,-0.8470944006018614,,0.0
artes,2017-11,1,7451,0.00013421017313112335,11,1.0,0.00013421017313112335,0.0007628491789581992,0.00011965040528030711,0.00011965040528030711,-5.25396470120057,,0.0
artes,2017-12,3,5624,0.0005334281650071124,12,1.0,0.0005334281650071124,0.0006074372475622197,0.0003373797595283029,0.0003373797595283029,-0.21936432303639314,,0.0
artes,2018-01,18,7220,0.002493074792243767,1,1.0,0.002493074792243767,0.0005078569489584189,0.00025955690534674113,0.00025955690534674113,7.6484878744925044,,0.2222222222222222
artes,2018-02,12,6694,0.00179265013444876,2,1.0,0.00179265013444876,0.0009543639218249228,0.0010497696100349254,0.0010497696100349254,0.7985430370726276,,0.3333333333333333
artes,2018-03,7,7188,0.0009738452977184196,3,1.0,0.0009738452977184196,0.0012383408162076907,0.001095083329205512,0.001095083329205512,-0.24153003834070225,,0.2857142857142857
artes,2018-04,26,6934,0.0037496394577444477,4,1.0,0.0037496394577444477,0.0014482495973545148,0.0008702928837315892,0.0008702928837315892,2.6443854746027253,SURGE,0.038461538461538464
artes,2018-05,35,6853,0.005107252298263534,5,1.0,0.005107252298263534,0.0022523024205388484,0.0011755456005563528,0.0011755456005563528,2.428616870645867,SURGE,0.2571428571428571
artes,2018-06,27,6160,0.004383116883116883,6,1.0,0.004383116883116883,0.0029058467970437905,0.0018735001857540198,0.0018735001857540198,0.7885081076085091,,0.037037037037037035
artes,2018-07,21,6273,0.003347680535628886,7,1.0,0.003347680535628886,0.003553463484210821,0.0018069771665838253,0.0018069771665838253,-0.11388242883609721,,0.14285714285714285
artes,2018-08,16,6452,0.0024798512089274642,8,1.0,0.0024798512089274642,0.004146922293688438,0.0007691212824438674,0.0007691212824438674,-2.167500916713537,,0.125
artes_e_artesanato,2017-07,1,3969,0.0002519526329050139,7,1.0,0.0002519526329050139,,0.0,,,,0.0
artes_e_artesanato,2018-04,1,6934,0.00014421690222094028,4,1.0,0.00014421690222094028,,0.0,,,,0.0
artes_e_artesanato,2018-05,1,6853,0.00014592149423610097,5,1.0,0.00014592149423610097,0.00019808476756297708,7.618066574279605e-05,7.618066574279605e-05,-0.6847311298511314,,0.0
artes_e_artesanato,2018-07,10,6273,0.0015941335883947075,7,1.0,0.0015941335883947075,0.00018069700978735168,6.171506524260727e-05,6.171506524260727e-05,22.902618235126447,,0.2
artes_e_artesanato,2018-08,9,6452,0.0013949163050216986,8,1.0,0.0013949163050216986,0.0005340561544391906,0.0007085124604561188,0.0007085124604561188,1.2150247153427796,,0.1111111111111111
artigos_de_festas,2017-07,1,3969,0.0002519526329050139,7,1.0,0.0002519526329050139,,0.0,,,,0.0
artigos_de_festas,2017-09,1,4243,0.00023568230025925054,9,1.0,0.00023568230025925054,,0.0,,,,1.0
artigos_de_festas,2017-10,2,4568,0.00043782837127845885,10,1.0,0.00043782837127845885,0.0002438174665821322,1.1504862545980121e-05,1.1504862545980121e-05,16.86338310613849,,0.0
artigos_de_festas,2017-11,4,7451,0.0005368406925244934,11,1.0,0.0005368406925244934,0.00030848776814757444,0.00011230727779087453,0.00011230727779087453,2.033286968295421,,0.25
artigos_de_festas,2017-12,2,5624,0.00035561877667140827,12,1.0,0.00035561877667140827,0.00036557599924180414,0.00014644070795969663,0.00014644070795969663,-0.06799490871852581,,0.0
artigos_de_festas,2018-01,2,7220,0.0002770083102493075,1,1.0,0.0002770083102493075,0.00039149253518340276,0.00012758899169595933,0.00012758899169595933,-0.8972892050664345,,0.5
artigos_de_festas,2018-03,5,7188,0.0006956037840845854,3,1.0,0.0006956037840845854,0.000401824037680917,0.00011141469245150624,0.00011141469245150624,2.6368133317025255,,0.2
artigos_de_festas,2018-04,1,6934,0.00014421690222094028,4,1.0,0.00014421690222094028,0.0004662678908824486,0.0001876502842875096,0.0001876502842875096,-1.716229686964267,,1.0
artigos_de_festas,2018-05,3,6853,0.00043776448270830295,5,1.0,0.00043776448270830295,0.0003681119433065603,0.00023511404776385654,0.00023511404776385654,0.29625001170368237,,0.3333333333333333
artigos_de_festas,2018-06,2,6160,0.0003246753246753247,6,1.0,0.0003246753246753247,0.000388648369815784,0.00023723705735345372,0.00023723705735345372,-0.26965873651495964,,0.0
artigos_de_festas,2018-07,2,6273,0.0003188267176789415,7,1.0,0.0003188267176789415,0.0004005651234222883,0.00023087173616797264,0.00023087173616797264,-0.3540424960631707,,0.0
artigos_de_festas,2018-08,14,6452,0.0021698698078115313,8,1.0,0.0021698698078115313,0.00030637085682087736,0.00012117259306376886,0.00012117259306376886,15.378881510028924,,0.07142857142857142
artigos_de_natal,2017-04,1,2391,0.0004182350480970305,4,1.0,0.0004182350480970305,,0.0,,,,0.0
artigos_de_natal,2017-06,2,3217,0.0006216972334473111,6,1.0,0.0006216972334473111,,0.0,,,,0.0
artigos_de_natal,2017-07,2,3969,0.0005039052658100278,7,1.0,0.0005039052658100278,0.0005199661407721708,0.00014386949097621766,0.00014386949097621766,-0.11163503014546683,,0.0
artigos_de_natal,2017-08,1,4293,0.00023293733985557886,8,1.0,0.00023293733985557886,0.0005146125157847898,0.00010215282237116367,0.00010215282237116367,-2.7573900494473653,,0.0
artigos_de_natal,2017-09,3,4243,0.0007070469007777516,9,1.0,0.0007070469007777516,0.0004441937218024871,0.00016368269791261074,0.00016368269791261074,1.605870274178889,,0.0
artigos_de_natal,2017-10,7,4568,0.001532399299474606,10,1.0,0.001532399299474606,0.0005163966849726673,0.00020651145745655488,0.00020651145745655488,4.919836540864478,,0.0
artigos_de_natal,2017-11,20,7451,0.002684203462622467,11,1.0,0.002684203462622467,0.000744072201479491,0.0005602884644185856,0.0005602884644185856,3.4627364016074482,,0.3
artigos_de_natal,2017-12,14,5624,0.0024893314366998577,12,1.0,0.0024893314366998577,0.0012891467506826008,0.0010738984413188382,0.0010738984413188382,1.1175960778407765,,0.07142857142857142
artigos_de_natal,2018-01,9,7220,0.0012465373961218836,1,1.0,0.0012465373961218836,0.0018532452748936707,0.0009150245839618081,0.0009150245839618081,-0.6630509053045401,,0.1111111111111111
artigos_de_natal,2018-02,17,6694,0.0025395876904690767,2,1.0,0.0025395876904690767,0.0019881178987297033,0.0007055426295789553,0.0007055426295789553,0.7816250480406443,,0.29411764705882354
artigos_de_natal,2018-03,12,7188,0.001669449081803005,3,1.0,0.001669449081803005,0.002239914996478321,0.0006673838431305464,0.0006673838431305464,-0.8547793305864125,,0.4166666666666667
artigos_de_natal,2018-04,9,6934,0.0012979521199884627,4,1.0,0.0012979521199884627,0.0019862264012734557,0.0006342478715046791,0.0006342478715046791,-1.085181854299554,,0.0
artigos_de_natal,2018-05,6,6853,0.0008755289654166059,5,1.0,0.0008755289654166059,0.0016883815720956069,0.0005979330308263881,0.0005979330308263881,-1.3594375369354958,,0.0
artigos_de_natal,2018-06,6,6160,0.000974025974025974,6,1.0,0.000974025974025974,0.0015956294644192874,0.0007079696317613821,0.0007079696317613821,-0.8780086920491273,,0.0
artigos_de_natal,2018-07,8,6273,0.001275306870715766,7,1.0,0.001275306870715766,0.0012042390353085117,0.0003588179172565829,0.0003588179172565829,0.19806099971433455,,0.0
artigos_de_natal,2018-08,11,6452,0.0017048977061376318,8,1.0,0.0017048977061376318,0.001105703482536702,0.0002129507943656899,0.0002129507943656899,2.813768435970063,,0.09090909090909091
audio,2016-10,2,308,0.006493506493506494,10,1.837959464141854,0.0035329976640906613,,0.0,,,,0.0
audio,2017-02,5,1733,0.0028851702250432777,2,0.6979417715797647,0.004133826549044062,,0.0,,,,0.2
audio,2017-03,13,2641,0.004922377887163953,3,1.2763747516590416,0.0038565302868658353,0.0038334121065673617,0.0004248501788833017,0.0004248501788833017,0.054414900705087574,,0.23076923076923078
audio,2017-04,9,2391,0.0037641154328732747,4,1.0819638917871375,0.0034789658522299525,0.0038411181666668528,0.0003007108034895947,0.0003007108034895947,-1.2043209297248663,,0.3333333333333333
audio,2017-05,17,3660,0.004644808743169399,5,1.0099244512884629,0.004599164558540539,0.003750580088057628,0.00030507906014109304,0.00030507906014109304,2.7815231569497336,,0.17647058823529413
audio,2017-06,11,3217,0.0034193347839602114,6,0.8855353497420368,0.0038613193532661227,0.004017121811670098,0.0004718033592610078,0.0004718033592610078,-0.3302275309103575,,0.18181818181818182
audio,2017-07,7,3969,0.001763668430335097,7,0.695949250487435,0.0025341911484204394,0.003948995012725612,0.0004690005674521877,0.0004690005674521877,-3.016635719634613,,0.14285714285714285
audio,2017-08,7,4293,0.001630561378989052,8,0.7073862921573354,0.0023050508570307236,0.0036184102281142634,0.0008594299751327086,0.0008594299751327086,-1.5281749637377238,,0.14285714285714285
audio,2017-09,10,4243,0.0023568230025925053,9,0.6417989509649762,0.0036722138592606085,0.003324931479314456,0.0010919109618964073,0.0010919109618964073,0.3180500902225582,,0.2
audio,2017-10,32,4568,0.0070052539404553416,10,1.837959464141854,0.0038114300544305557,0.003093193804494474,0.0007871751938909592,0.0007871751938909592,0.9124223622773017,,0.21875
audio,2017-11,33,7451,0.00442893571332707,11,1.2060669348431754,0.003672213859260609,0.0030807214797855817,0.0007711806044725041,0.0007711806044725041,0.7669959229324945,,0.3333333333333333
audio,2017-12,17,5624,0.00302275960170697,12,0.8231436723338318,0.0036722138592606085,0.0033652271574956243,0.0007098245049357063,0.0007098245049357063,0.4324825356554718,,0.17647058823529413
audio,2018-01,25,7220,0.0034626038781163434,1,0.9429199961718816,0.0036722138592606085,0.0037070179080530953,6.960809758497606e-05,0.00011121053724159286,-0.3129563947423325,,0.16
audio,2018-02,15,6694,0.00224081266806095,2,0.6979417715797647,0.003210601169477155,0.0037070179080530958,6.960809758497606e-05,0.00011121053724159287,-4.463756321017756,,0.4
audio,2018-03,32,7188,0.004451864218141347,3,1.2763747516590416,0.003487897431655382,0.0035568106868147454,0.0002308063448917289,0.0002308063448917289,-0.29857608633632116,,0.46875
audio,2018-04,29,6934,0.004182290164407268,4,1.0819638917871375,0.0038654618662912646,0.0035107315799134385,0.0002181381173183947,0.0002181381173183947,1.6261728612063764,,0.1724137931034483
audio,2018-05,19,6853,0.0027725083904859187,5,1.0099244512884629,0.002745263159980679,0.0035590435816711024,0.00027879118001163984,0.00027879118001163984,-2.9189604264254245,,0.3157894736842105
audio,2018-06,19,6160,0.0030844155844155846,6,0.8855353497420368,0.003483108365255095,0.00332730590685112,0.0004718033592610096,0.0004718033592610096,0.3302275309103563,,0.10526315789473684
audio,2018-07,21,6273,0.003347680535628886,7,0.695949250487435,0.004810236570100777,0.003395432705795605,0.00046900056745218915,0.00046900056745218915,3.016635719634604,,0.09523809523809523
audio,2018-08,23,6452,0.00356478611283323,8,0.7073862921573354,0.0050393768614904935,0.0037260174904069536,0.0008594299751327076,0.0008594299751327076,1.5281749637377255,,0.08695652173913043
automotivo,2016-10,11,308,0.03571428571428571,10,0.8576787971870861,0.04164063030521126,,0.0,,,,0.45454545454545453
automotivo,2017-01,30,789,0.03802281368821293,1,0.9533464545047898,0.03988352136680851,,0.0,,,,0.3
automotivo,2017-02,76,1733,0.04385458742065782,2,1.183011081672224,0.037070309906706844,0.04076207583600988,0.0012424636456280739,0.0012424636456280739,-2.971327122764082,COLLAPSE,0.13157894736842105
automotivo,2017-03,76,2641,0.02877697841726619,3,0.9785037124864258,0.029409166311840023,0.03953148719290887,0.002305407378521477,0.002305407378521477,-4.390686425043271,COLLAPSE,0.18421052631578946
automotivo,2017-04,80,2391,0.033458803847762446,4,1.087390535569493,0.03076981337734308,0.03700090697264166,0.005399871645893517,0.005399871645893517,-1.153933649522427,,0.175
automotivo,2017-05,106,3660,0.02896174863387978,5,0.961689834055423,0.030115477577368974,0.03428320274067462,0.005007716412269771,0.005007716412269771,-0.8322606194500145,,0.16037735849056603
automotivo,2017-06,103,3217,0.032017407522536526,6,1.0090076219847592,0.0317315814320183,0.03184119179331473,0.0035300786323477595,0.0035300786323477595,-0.031050402189917916,,0.18446601941747573
automotivo,2017-07,105,3969,0.026455026455026454,7,1.0410372541736528,0.025412180350861447,0.030506509674642596,0.0009877918484444792,0.0009877918484444792,-5.1572903054458505,COLLAPSE,0.1523809523809524
automotivo,2017-08,132,4293,0.030747728860936407,8,1.122087700941416,0.027402251031839568,0.02950726318439795,0.00280958198656815,0.00280958198656815,-0.7492260993350168,,0.09848484848484848
automotivo,2017-09,96,4243,0.02262550082488805,9,0.6006848642476816,0.03766617434788373,0.028665372598022074,0.002809696125487835,0.002809696125487835,3.203478720781198,SURGE,0.13541666666666666
automotivo,2017-10,132,4568,0.028896672504378284,10,0.8576787971870861,0.033691718390556215,0.030553046790650764,0.00542652587486889,0.00542652587486889,0.5783942935647173,,0.09848484848484848
automotivo,2017-11,244,7451,0.03274728224399409,11,0.8694082372566194,0.03766617434788373,0.03104308103028524,0.005652236445247667,0.005652236445247667,1.1717650848041063,,0.18442622950819673
automotivo,2017-12,242,5624,0.0430298719772404,12,1.1424009133451596,0.03766617434788373,0.03410657952954081,0.004846358114133266,0.004846358114133266,0.7344886066017693,,0.19421487603305784
automotivo,2018-01,244,7220,0.033795013850415515,1,0.9533464545047898,0.03544882732895895,0.036672560358551855,0.0019872279786637597,0.0019872279786637597,-0.6157990138684328,,0.13934426229508196
automotivo,2018-02,303,6694,0.04526441589483119,2,1.183011081672224,0.03826203878906062,0.03611822360382066,0.0019259908216196222,0.0019259908216196222,1.1130973009711258,,0.19141914191419143
automotivo,2018-03,323,7188,0.04493600445186422,3,0.9785037124864258,0.04592318238392743,0.03726080370344676,0.0012402124545292923,0.0012402124545292923,6.984592558190662,SURGE,0.2260061919504644
automotivo,2018-04,336,6934,0.04845687914623594,4,1.087390535569493,0.044562535318424384,0.03932505571245768,0.004562247779876389,0.004562247779876389,1.1480041985156293,,0.14583333333333334
automotivo,2018-05,298,6853,0.04348460528235809,5,0.961689834055423,0.04521687111839849,0.04104914595509285,0.005007716412269786,0.005007716412269786,0.8322606194500121,,0.15771812080536912
automotivo,2018-06,271,6160,0.043993506493506494,6,1.0090076219847592,0.043600767263749174,0.043491156902452734,0.003530078632347793,0.003530078632347793,0.031050402189919588,,0.14391143911439114
automotivo,2018-07,326,6273,0.05196875498166746,7,1.0410372541736528,0.049920168344906014,0.04482583902112487,0.0009877918484446182,0.0013447751706337462,3.7882386848207203,SURGE,0.09202453987730061
automotivo,2018-08,347,6452,0.053781773093614385,8,1.122087700941416,0.04793009766392789,0.04582508551136952,0.0028095819865682032,0.0028095819865682032,0.7492260993349988,,0.1037463976945245
bebes,2016-10,11,308,0.03571428571428571,10,1.1265941395481356,0.0317011108619918,,0.0,,,,0.36363636363636365
bebes,2017-01,32,789,0.04055766793409379,1,1.2087805859753242,0.03355254742230094,,0.0,,,,0.0625
bebes,2017-02,32,1733,0.018465089440276975,2,0.7595443053514865,0.024310746996822095,0.032626829142146374,0.0013091633467312849,0.0013091633467312849,-6.352211254682502,COLLAPSE,0.09375
bebes,2017-03,43,2641,0.01628171147292692,3,0.8106145633991961,0.02008563898069126,0.029854801760371613,0.004889720007335738,0.004889720007335738,-1.9978981956071709,,0.06976744186046512
bebes,2017-04,46,2391,0.019238812212463405,4,0.8917032478651805,0.02157535285255817,0.027412511065451523,0.00630862186646703,0.00630862186646703,-0.9252667756043991,,0.21739130434782608
bebes,2017-05,101,3660,0.027595628415300548,5,1.0368149886307878,0.02661576917569757,0.024881071563093115,0.006039970020159002,0.006039970020159002,0.2872030170372912,,0.12871287128712872
bebes,2017-06,71,3217,0.022070251787379546,6,0.9655463449755955,0.02285778606301635,0.023146877001442273,0.0028999237146847333,0.0028999237146847333,-0.09968915284288823,,0.22535211267605634
bebes,2017-07,122,3969,0.03073822121441169,7,1.1151298458727208,0.027564701391662064,0.022783636767990837,0.002794630505613449,0.002794630505613449,1.7108038483326211,,0.07377049180327869
bebes,2017-08,122,4293,0.02841835546238062,8,1.0503894259230249,0.027055066207857262,0.02465340237073354,0.0028882042995238303,0.0028882042995238303,0.8315422276463192,,0.11475409836065574
bebes,2017-09,162,4243,0.03818053264199859,9,1.3360024507761028,0.028578190571296465,0.026023330709558312,0.0021456900959451425,0.0021456900959451425,1.1906937849814594,,0.12962962962962962
bebes,2017-10,131,4568,0.028677758318739054,10,1.1265941395481356,0.025455270280601128,0.026513936058458032,0.0025183002936500906,0.0025183002936500906,-0.4203890141800548,,0.0916030534351145
bebes,2017-11,189,7451,0.02536572272178231,11,0.8875902292869196,0.028578190571296465,0.02716330711285423,0.0013028326167599854,0.0013028326167599854,1.0860055545438432,,0.24338624338624337
bebes,2017-12,136,5624,0.02418207681365576,12,0.8461724248540738,0.02857819057129647,0.02741667940776283,0.0014917669876677348,0.0014917669876677348,0.7786143366462169,,0.22794117647058823
bebes,2018-01,206,7220,0.02853185595567867,1,1.2087805859753242,0.02360383372029199,0.027797460498622632,0.0015614601453476798,0.0015614601453476798,-2.6857084958751063,COLLAPSE,0.23300970873786409
bebes,2018-02,167,6694,0.024947714371078577,2,0.7595443053514865,0.03284563414577084,0.026553871285871514,0.002456649679665268,0.002456649679665268,2.561115209864441,SURGE,0.2634730538922156
bebes,2018-03,216,7188,0.03005008347245409,3,0.8106145633991961,0.03707074216190167,0.02840146225216394,0.003778463936016161,0.003778463936016161,2.294392657053707,SURGE,0.28703703703703703
bebes,2018-04,220,6934,0.031727718488606865,4,0.8917032478651805,0.03558102829003476,0.030524600149815243,0.005771328335607271,0.005771328335607271,0.8761290029234614,,0.18181818181818182
bebes,2018-05,217,6853,0.031664964249233915,5,1.0368149886307878,0.03054061196689536,0.03227530957949981,0.006039970020158996,0.006039970020158996,-0.28720301703729084,,0.10599078341013825
bebes,2018-06,204,6160,0.033116883116883114,6,0.9655463449755955,0.03429859507957658,0.03400950414115066,0.0028999237146847185,0.0028999237146847185,0.09968915284288993,,0.09313725490196079
bebes,2018-07,207,6273,0.03299856527977044,7,1.1151298458727208,0.029591679750930862,0.034372744374602096,0.002794630505613433,0.002794630505613433,-1.7108038483326335,,0.12077294685990338
bebes,2018-08,204,6452,0.03161810291382517,8,1.0503894259230249,0.030101314934735664,0.03250297877185939,0.002888204299523821,0.002888204299523821,-0.8315422276463231,,0.1568627450980392
bebidas,2017-03,3,2641,0.001135933358576297,3,1.0,0.001135933358576297,,0.0,,,,0.3333333333333333
bebidas,2017-04,2,2391,0.000836470096194061,4,1.0,0.000836470096194061,,0.0,,,,0.5
bebidas,2017-05,1,3660,0.000273224043715847,5,1.0,0.000273224043715847,0.000986201727385179,0.0002117525035467253,0.0002117525035467253,-3.367033077424779,,0.0
bebidas,2017-06,1,3217,0.00031084861672365556,6,1.0,0.00031084861672365556,0.0007485424994954017,0.0004380242997627509,0.0004380242997627509,-0.9992456651578834,,0.0
bebidas,2017-07,2,3969,0.0005039052658100278,7,1.0,0.0005039052658100278,0.0006391190288024651,0.00041929008479697034,0.00041929008479697034,-0.3224826150084396,,0.0
bebidas,2017-08,2,4293,0.0004658746797111577,8,1.0,0.0004658746797111577,0.0004811120056108978,0.0002575564220060419,0.0002575564220060419,-0.05916111810010572,,0.0
bebidas,2017-09,7,4243,0.0016497761018147536,9,1.0,0.0016497761018147536,0.000388463151490172,0.00011346584570961148,0.00011346584570961148,11.11623451476851,,0.2857142857142857
bebidas,2017-10,10,4568,0.0021891418563922942,10,1.0,0.0021891418563922942,0.0007326011660148987,0.0006171250302706323,0.0006171250302706323,2.360203555086152,,0.1
bebidas,2017-11,15,7451,0.00201315259696685,11,1.0,0.00201315259696685,0.0012021744759320584,0.0008571598655452701,0.0008571598655452701,0.9461223671723118,,0.2
bebidas,2017-12,30,5624,0.005334281650071123,12,1.0,0.005334281650071123,0.001579486308721264,0.0007756326131286717,0.0007756326131286717,4.840945671693883,SURGE,0.03333333333333333
bebidas,2018-01,40,7220,0.00554016620498615,1,1.0,0.00554016620498615,0.0027965880513112556,0.0017066368916224411,0.0017066368916224411,1.6075933709991868,,0.125
bebidas,2018-02,27,6694,0.00403346280250971,2,1.0,0.00403346280250971,0.0037691855771041045,0.0019292561682887708,0.0019292561682887708,0.13698399919592685,,0.14814814814814814
bebidas,2018-03,19,7188,0.0026432943795214247,3,1.0,0.0026432943795214247,0.004230265813633458,0.0016216259785655687,0.0016216259785655687,-0.9786297550041781,,0.21052631578947367
bebidas,2018-04,29,6934,0.004182290164407268,4,1.0,0.004182290164407268,0.004387801259272102,0.0013407249399380666,0.0013407249399380666,-0.1532835623049777,,0.10344827586206896
bebidas,2018-05,34,6853,0.004961330804027433,5,1.0,0.004961330804027433,0.004099803387856138,0.001184239373029621,0.001184239373029621,0.7274943189629502,,0.14705882352941177
bebidas,2018-06,30,6160,0.00487012987012987,6,1.0,0.00487012987012987,0.003955094537616459,0.000964553526490209,0.000964553526490209,0.9486620569861128,,0.13333333333333333
bebidas,2018-07,17,6273,0.0027100271002710027,7,1.0,0.0027100271002710027,0.004164261304521499,0.0010719508144328288,0.0010719508144328288,-1.3566240023987801,,0.0
bebidas,2018-08,25,6452,0.003874767513949163,8,1.0,0.003874767513949163,0.0041809444847088935,0.0010404452677504389,0.0010404452677504389,-0.2942749419406942,,0.16
beleza_saude,2016-09,1,3,0.3333333333333333,9,2.072143577085466,0.16086401397058447,,0.0,,,,1.0
beleza_saude,2016-10,43,308,0.1396103896103896,10,1.0508456189971742,0.1328552806297278,,0.0,,,,0.27906976744186046
beleza_saude,2017-01,82,789,0.10392902408111533,1,0.905495437495587,0.11477586719659405,0.14685964730015613,0.019805165277765505,0.019805165277765505,-1.6199703286284262,,0.13414634146341464
beleza_saude,2017-02,154,1733,0.08886324293133295,2,0.888916396331757,0.09996805469900213,0.1361650539323021,0.023221655146673896,0.023221655146673896,-1.558760519208062,,0.18181818181818182
beleza_saude,2017-03,193,2641,0.07307837940174176,3,0.7902110733080913,0.0924795689027881,0.1271158041239771,0.026211686964811017,0.026211686964811017,-1.321404275416835,,0.10880829015544041
beleza_saude,2017-04,176,2391,0.07360936846507737,4,0.8070945987779659,0.0912029005974398,0.11001969285702802,0.017821117073694746,0.017821117073694746,-1.0558705260605221,,0.1590909090909091
beleza_saude,2017-05,267,3660,0.07295081967213114,5,0.8553359003399038,0.08528908893353015,0.09960659784895602,0.010826727001427073,0.010826727001427073,-1.322422641075061,,0.10486891385767791
beleza_saude,2017-06,238,3217,0.07398197078023003,6,1.0044888700154384,0.07365135940141673,0.09223490328319005,0.006032436174786641,0.006032436174786641,-3.080603481466688,COLLAPSE,0.12605042016806722
beleza_saude,2017-07,276,3969,0.06953892668178382,7,0.9022590723697849,0.07707201713044538,0.08565572945879371,0.00859409134518308,0.00859409134518308,-0.9987923078289633,,0.12681159420289856
beleza_saude,2017-08,345,4293,0.0803633822501747,8,0.9918802516911671,0.08102125444392527,0.08180384151570802,0.007944440148559271,0.007944440148559271,-0.09850751684807774,,0.11884057971014493
beleza_saude,2017-09,360,4243,0.0848456280933302,9,2.072143577085466,0.040945824908845456,0.07925842997732939,0.005023147722504742,0.005023147722504742,-7.627210503253871,COLLAPSE,0.13055555555555556
beleza_saude,2017-10,331,4568,0.07246059544658494,10,1.0508456189971742,0.06895455824970213,0.06817261397115822,0.01839929013778525,0.01839929013778525,0.04249861123381581,,0.12386706948640483
beleza_saude,2017-11,530,7451,0.07113139175949537,11,0.7049348253232827,0.10090491943971495,0.06699841368322956,0.01808020494743433,0.01808020494743433,1.8753385735982429,,0.1509433962264151
beleza_saude,2017-12,430,5624,0.07645803698435277,12,0.7577235818520441,0.10090491943971495,0.07295663926054696,0.025078897310326528,0.025078897310326528,1.1144142357351559,,0.13488372093023257
beleza_saude,2018-01,569,7220,0.07880886426592798,1,0.905495437495587,0.08703397168283585,0.07792755550949437,0.02889106888761538,0.02889106888761538,0.31519831297225154,,0.1335676625659051
beleza_saude,2018-02,606,6694,0.09052883178966238,2,0.888916396331757,0.10184178418042776,0.08944959220299198,0.01514739453332615,0.01514739453332615,0.818107163589845,,0.17656765676567657
beleza_saude,2018-03,621,7188,0.08639398998330551,3,0.7902110733080913,0.10933026997664182,0.09767139868567337,0.007105356696399108,0.007105356696399108,1.640856580342686,,0.2785829307568438
beleza_saude,2018-04,619,6934,0.08927026247476204,4,0.8070945987779659,0.11060693828199011,0.0997777363199051,0.009294895942473274,0.009294895942473274,1.1650697360258433,,0.12116316639741519
beleza_saude,2018-05,683,6853,0.09966438056325697,5,0.8553359003399038,0.11652074994589975,0.10220324103047387,0.01082672700142715,0.01082672700142715,1.322422641075053,,0.14055636896046853
beleza_saude,2018-06,793,6160,0.12873376623376623,6,1.0044888700154384,0.1281584794780132,0.10957493559623986,0.00603243617478683,0.00603243617478683,3.080603481466596,SURGE,0.07313997477931904
beleza_saude,2018-07,706,6273,0.11254583134066634,7,0.9022590723697849,0.12473782174898451,0.11615410942063623,0.008594091345183262,0.008594091345183262,0.9987923078289372,,0.12889518413597734
beleza_saude,2018-08,773,6452,0.11980781153130812,8,0.9918802516911671,0.12078858443550462,0.12000599736372189,0.00794444014855949,0.00794444014855949,0.09850751684807328,,0.09055627425614489
brinquedos,2016-10,25,308,0.08116883116883117,10,1.6427253083105273,0.049411079721118946,,0.0,,,,0.24
brinquedos,2017-01,43,789,0.05449936628643853,1,0.8789095911506717,0.062007932141334085,,0.0,,,,0.09302325581395349
brinquedos,2017-02,61,1733,0.03519907674552799,2,0.6411234422230128,0.05490218330416953,0.05570950593122652,0.008907319767940295,0.008907319767940295,-0.090635864445189,,0.09836065573770492
brinquedos,2017-03,100,2641,0.03786444528587656,3,0.7923434691594825,0.047787918698999496,0.055440398388874185,0.006315649557426592,0.006315649557426592,-1.2116694601707458,,0.06
brinquedos,2017-04,103,2391,0.04307820995399415,4,0.8222583713214788,0.05239011417392044,0.053527278466405516,0.006421193884769507,0.006421193884769507,-0.17709546120112102,,0.1262135922330097
brinquedos,2017-05,195,3660,0.05327868852459016,5,0.9759154546391915,0.054593549340078824,0.054272037079605887,0.005939320434389323,0.005939320434389323,0.05413283624357869,,0.08717948717948718
brinquedos,2017-06,152,3217,0.04724898974199565,6,0.8774861414079733,0.05384585295692776,0.05241844137929207,0.0032834235849054485,0.0032834235849054485,0.4347326930944216,,0.10526315789473684
brinquedos,2017-07,201,3969,0.050642479213907785,7,0.8573097775209801,0.05907138882790644,0.052154358792481634,0.003051348484724335,0.003051348484724335,2.266876454804442,SURGE,0.07462686567164178
brinquedos,2017-08,166,4293,0.038667598416026086,8,0.7132487840412391,0.0542133394142462,0.054975226324708366,0.002879960278036552,0.002879960278036552,-0.264547714866954,,0.0963855421686747
brinquedos,2017-09,272,4243,0.06410558567051615,9,1.480645504110525,0.04329570143059097,0.0554310326347898,0.00244602690583097,0.00244602690583097,-4.96124191245402,COLLAPSE,0.13970588235294118
brinquedos,2017-10,279,4568,0.06107705779334501,10,1.6427253083105273,0.03718032314006299,0.05260657065741784,0.006648400464080301,0.006648400464080301,-2.3202945732133817,COLLAPSE,0.10752688172043011
brinquedos,2017-11,449,7451,0.06026036773587438,11,1.3918325779403327,0.04329570143059097,0.048440188203201645,0.009993364582261001,0.009993364582261001,-0.5147902621047707,,0.18930957683741648
brinquedos,2017-12,420,5624,0.07467994310099574,12,1.7248812384000307,0.04329570143059097,0.044496266353872785,0.007090539383299274,0.007090539383299274,-0.16931926590938454,,0.2
brinquedos,2018-01,156,7220,0.021606648199445983,1,0.8789095911506717,0.02458347071984785,0.04176685685795897,0.0030576891452640275,0.0030576891452640275,-5.619729580662575,COLLAPSE,0.1346153846153846
brinquedos,2018-02,136,6694,0.020316701523752614,2,0.6411234422230128,0.03168921955701241,0.0370887991802732,0.008821241175487353,0.008821241175487353,-0.6121110981825606,,0.21323529411764705
brinquedos,2018-03,221,7188,0.030745687256538676,3,0.7923434691594825,0.03880348416218245,0.035716023284510554,0.009220482931334822,0.009220482931334822,0.3348480660573091,,0.28054298642533937
brinquedos,2018-04,195,6934,0.028122295933083356,4,0.8222583713214788,0.034201288687261494,0.03459296896740842,0.008207472333945632,0.008207472333945632,-0.0477224002969779,,0.1076923076923077
brinquedos,2018-05,214,6853,0.031227199766525607,5,0.9759154546391915,0.03199785352110312,0.03231936578157605,0.005939320434389366,0.005939320434389366,-0.05413283624357713,,0.09813084112149532
brinquedos,2018-06,177,6160,0.028733766233766233,6,0.8774861414079733,0.032745549904254184,0.03417296148188987,0.0032834235849055113,0.0032834235849055113,-0.43473269309441326,,0.07344632768361582
brinquedos,2018-07,148,6273,0.02359317710824167,7,0.8573097775209801,0.0275200140332755,0.03443704406870031,0.0030513484847244005,0.0030513484847244005,-2.2668764548043945,COLLAPSE,0.11486486486486487
brinquedos,2018-08,149,6452,0.02309361438313701,8,0.7132487840412391,0.032378063446935744,0.03161617653647358,0.002879960278036648,0.002879960278036648,0.26454771486694517,,0.15436241610738255
cama_mesa_banho,2016-10,5,308,0.016233766233766232,10,0.6248048057568979,0.025982140476817243,,0.0,,,,0.2
cama_mesa_banho,2017-01,44,789,0.05576679340937896,1,0.8440154018714985,0.06607319402670032,,0.0,,,,0.1590909090909091
cama_mesa_banho,2017-02,144,1733,0.0830929024812464,2,0.9531991604701174,0.08717265596443141,0.04602766725175878,0.028348655830035333,0.028348655830035333,1.451391168574547,,0.11805555555555555
cama_mesa_banho,2017-03,247,2641,0.09352517985611511,3,1.0347338004917752,0.09038573960922669,0.05974266348931632,0.03108257565057231,0.03108257565057231,0.985860260243464,,0.15789473684210525
cama_mesa_banho,2017-04,233,2391,0.09744876620660811,4,1.0248718085308448,0.095083858679166,0.06740343251929391,0.02964513228010666,0.02964513228010666,0.9337258440383822,,0.1888412017167382
cama_mesa_banho,2017-05,326,3660,0.08907103825136611,5,0.9839833353565091,0.09052088084306285,0.08467886206988111,0.012822146167339394,0.012822146167339394,0.45561941791480676,,0.12576687116564417
cama_mesa_banho,2017-06,333,3217,0.10351258936897731,6,1.159901413176593,0.08924257544051953,0.09079078377397173,0.0032536261491491266,0.0032536261491491266,-0.47584088106037814,,0.14414414414414414
cama_mesa_banho,2017-07,505,3969,0.127236079617032,7,1.1634025528153793,0.10936548085538123,0.09130826364299377,0.002581550431653454,0.002739247909289813,6.592034678989326,SURGE,0.11683168316831684
cama_mesa_banho,2017-08,441,4293,0.10272536687631027,8,1.0437428559148165,0.09842018682491854,0.0960531989545324,0.009222212430019677,0.009222212430019677,0.25666160786767833,,0.1383219954648526
cama_mesa_banho,2017-09,455,4243,0.10723544661795899,9,1.1928601705824655,0.08989775102105778,0.09688728099097053,0.009256130328027665,0.009256130328027665,-0.7551244118450213,,0.13626373626373625
cama_mesa_banho,2017-10,439,4568,0.09610332749562171,10,0.6248048057568979,0.15381336156529832,0.09673149853546928,0.009403071335323764,0.009403071335323764,6.070555140360807,SURGE,0.1571753986332574
cama_mesa_banho,2017-11,808,7451,0.10844181988994765,11,1.2062795638185217,0.08989775102105778,0.11287419506666396,0.0284321517784161,0.0284321517784161,-0.8081148491563854,,0.25742574257425743
cama_mesa_banho,2017-12,473,5624,0.08410384068278805,12,0.9355499968301481,0.08989775102105778,0.1080072626080831,0.030800538651088193,0.030800538651088193,-0.5879608727682271,,0.2029598308668076
cama_mesa_banho,2018-01,693,7220,0.09598337950138504,1,0.8440154018714985,0.11372230801541525,0.1058766536571179,0.03195780527212022,0.03195780527212022,0.24550041191789354,,0.17027417027417027
cama_mesa_banho,2018-02,591,6694,0.08828801912160143,2,0.9531991604701174,0.09262284607768415,0.11183279290570727,0.030156428487113095,0.030156428487113095,-0.6370100105266847,,0.2825719120135364
cama_mesa_banho,2018-03,665,7188,0.09251530328324986,3,1.0347338004917752,0.08940976243288888,0.09653516403380374,0.011529883680216268,0.011529883680216268,-0.6179942312116379,,0.27669172932330827
cama_mesa_banho,2018-04,602,6934,0.08681857513700605,4,1.0248718085308448,0.08471164336294956,0.0964131668867615,0.011625707380556207,0.011625707380556207,-1.0065214219465508,,0.16943521594684385
cama_mesa_banho,2018-05,602,6853,0.08784473953013279,5,0.9839833353565091,0.0892746211990527,0.09511663997223446,0.01282214616733935,0.01282214616733935,-0.4556194179148094,,0.13953488372093023
cama_mesa_banho,2018-06,647,6160,0.10503246753246753,6,1.159901413176593,0.09055292660159603,0.08900471826814382,0.0032536261491490333,0.0032536261491490333,0.4758408810603918,,0.15301391035548687
cama_mesa_banho,2018-07,514,6273,0.08193846644348797,7,1.1634025528153793,0.07043002118673433,0.0884872383991218,0.0025815504316533495,0.002654617151973654,-6.802192624636022,COLLAPSE,0.11284046692607004
cama_mesa_banho,2018-08,548,6452,0.08493490390576565,8,1.0437428559148165,0.08137531521719703,0.08374230308758315,0.009222212430019687,0.009222212430019687,-0.25666160786767656,,0.13138686131386862
casa_conforto,2017-02,3,1733,0.0017311021350259665,2,0.5440597998357253,0.003181823276685136,,0.0,,,,0.3333333333333333
casa_conforto,2017-03,11,2641,0.0041650889814464215,3,0.8271992072363465,0.005035170422082351,,0.0,,,,0.18181818181818182
casa_conforto,2017-04,15,2391,0.006273525721455458,4,1.004518600184534,0.006245305682048084,0.004108496849383744,0.001310514334403101,0.001310514334403101,1.6305116064507539,,0.13333333333333333
casa_conforto,2017-05,33,3660,0.009016393442622951,5,1.3688884238999903,0.006586653291241274,0.004820766460271857,0.001542954278688165,0.001542954278688165,1.1444842244261388,,0.30303030303030304
casa_conforto,2017-06,17,3217,0.0052844264843021444,6,0.9384438868152005,0.005631052168964429,0.005262238168014211,0.0015384172642781975,0.0015384172642781975,0.2397359997927874,,0.23529411764705882
casa_conforto,2017-07,33,3969,0.008314436885865457,7,1.4454822807825944,0.00575201577798931,0.005874545391084034,0.000685176411013219,0.000685176411013219,-0.1788292929021458,,0.2727272727272727
casa_conforto,2017-08,23,4293,0.005357558816678314,8,0.9147013182862305,0.005857167481420218,0.006053756730060774,0.0004436201430856845,0.0004436201430856845,-0.4431477057672416,,0.17391304347826086
casa_conforto,2017-09,25,4243,0.005892057506481263,9,1.4030665446820427,0.004199414153814421,0.005956722179903808,0.00042999612790157825,0.00042999612790157825,-4.08679965251133,COLLAPSE,0.08
casa_conforto,2017-10,25,4568,0.005472854640980736,10,1.3032424144233596,0.004199414153814421,0.005359912395547095,0.0007791620774359139,0.0007791620774359139,-1.4894182806633387,,0.12
casa_conforto,2017-11,34,7451,0.0045631458864581935,11,1.0866148751519036,0.004199414153814421,0.005002002891759593,0.0009277433498320729,0.0009277433498320729,-0.8650978075891843,,0.38235294117647056
casa_conforto,2017-12,14,5624,0.0024893314366998577,12,0.5927806464239168,0.004199414153814421,0.00461385248571587,0.0008288766638028996,0.0008288766638028996,-0.49999999999999967,,0.07142857142857142
casa_conforto,2018-01,16,7220,0.00221606648199446,1,0.527708485237532,0.004199414153814421,0.004199414153814421,0.0,0.0001259824246144326,0.0,,0.0625
casa_conforto,2018-02,19,6694,0.0028383627128772035,2,0.5440597998357253,0.0052170050309437044,0.004199414153814421,0.0,0.0001259824246144326,8.077244744603114,,0.21052631578947367
casa_conforto,2018-03,20,7188,0.0027824151363383415,3,0.8271992072363465,0.0033636578855464894,0.004453811873096742,0.0005087954385646434,0.0005087954385646434,-2.1426174547194696,,0.5
casa_conforto,2018-04,15,6934,0.002163253533314104,4,1.004518600184534,0.0021535226255807566,0.004244872806029759,0.0007584444117008946,0.0007584444117008946,-2.757420515181753,,0.13333333333333333
casa_conforto,2018-05,17,6853,0.0024806654020137165,5,1.3688884238999903,0.0018121750163875676,0.0037333999239713427,0.0012975585829805164,0.0012975585829805164,-1.4806459860723094,,0.23529411764705882
casa_conforto,2018-06,16,6160,0.0025974025974025974,6,0.9384438868152005,0.002767776138664411,0.0031365901396146296,0.0015384172642781972,0.0015384172642781972,-0.23973599979278742,,0.125
casa_conforto,2018-07,24,6273,0.003825920612147298,7,1.4454822807825944,0.0026468125296395316,0.0025242829165448063,0.0006851764110132183,0.0006851764110132183,0.1788292929021479,,0.125
casa_conforto,2018-08,15,6452,0.0023248605083694977,8,0.9147013182862305,0.0025416608262086235,0.002345071577568067,0.0004436201430856833,0.0004436201430856833,0.4431477057672428,,0.06666666666666667
casa_conforto_2,2017-01,2,789,0.0025348542458808617,1,1.0,0.0025348542458808617,,0.0,,,,0.0
casa_conforto_2,2017-03,3,2641,0.001135933358576297,3,1.0,0.001135933358576297,,0.0,,,,0.0
casa_conforto_2,2017-04,1,2391,0.0004182350480970305,4,1.0,0.0004182350480970305,0.0018353938022285794,0.0009891864457565599,0.0009891864457565599,-1.4326508012831318,,0.0
casa_conforto_2,2017-06,1,3217,0.00031084861672365556,6,1.0,0.00031084861672365556,0.0013630075508513962,0.0010764252058107933,0.0010764252058107933,-0.9774566114282185,,0.0
casa_conforto_2,2017-07,1,3969,0.0002519526329050139,7,1.0,0.0002519526329050139,0.0010999678173194611,0.0010243146105906192,0.0010243146105906192,-0.8278854715598386,,0.0
casa_conforto_2,2017-08,1,4293,0.00023293733985557886,8,1.0,0.00023293733985557886,0.0005292424140754992,0.000410277146533934,0.000410277146533934,-0.722207114686104,,0.0
casa_conforto_2,2017-09,1,4243,0.00023568230025925054,9,1.0,0.00023568230025925054,0.0003034934093953197,8.337536270169398e-05,8.337536270169398e-05,-0.8133231081547233,,1.0
casa_conforto_2,2017-10,3,4568,0.0006567425569176883,10,1.0,0.0006567425569176883,0.0002578552224358747,3.63119803528899e-05,3.63119803528899e-05,10.985006342405889,,0.0
casa_conforto_2,2017-11,3,7451,0.00040263051939337,11,1.0,0.00040263051939337,0.0003443287074843829,0.00020844490163875737,0.00020844490163875737,0.2796989106024108,,0.3333333333333333
casa_conforto_2,2018-02,2,6694,0.00029877502240812666,2,1.0,0.00029877502240812666,0.00038199817910647193,0.00019961432547590532,0.00019961432547590532,-0.41691976014211873,,1.0
casa_conforto_2,2018-03,1,7188,0.0001391207568169171,3,1.0,0.0001391207568169171,0.0003984575997446089,0.00018543727304876455,0.00018543727304876455,-1.39851518879645,,0.0
casa_conforto_2,2018-06,1,6160,0.00016233766233766234,6,1.0,0.00016233766233766234,0.0003743172138840255,0.0002172477186427581,0.0002172477186427581,-0.9757504146450536,,1.0
casa_conforto_2,2018-07,2,6273,0.0003188267176789415,7,1.0,0.0003188267176789415,0.000250715990239019,0.00012335844749670563,0.00012335844749670563,0.5521367107164784,,0.0
casa_construcao,2017-02,3,1733,0.0017311021350259665,2,0.7894563045960863,0.002192777643230881,,0.0,,,,0.0
casa_construcao,2017-03,5,2641,0.001893222264293828,3,0.7692799828800033,0.002461031492339173,,0.0,,,,0.2
casa_construcao,2017-04,5,2391,0.002091175240485153,4,1.2851434986730625,0.001627192016023374,0.0023269045677850268,0.00018968411578386657,0.00018968411578386657,-3.6888305004881503,,0.2
casa_construcao,2017-05,5,3660,0.001366120218579235,5,1.1917393191383827,0.0011463247009143981,0.0020936670505311426,0.00042566330621116684,0.00042566330621116684,-2.2255673340721986,,0.4
casa_construcao,2017-06,4,3217,0.0012433944668946222,6,1.2922974517259567,0.0009621581047257959,0.0018568314631269565,0.0005875008215717018,0.0005875008215717018,-1.5228461400406226,,0.0
casa_construcao,2017-07,1,3969,0.0002519526329050139,7,1.093549310017081,0.00023039896838403972,0.0015491765785006853,0.0006694390976061103,0.0006694390976061103,-1.969973989915656,,0.0
casa_construcao,2017-08,1,4293,0.00023293733985557886,8,0.8174681736789831,0.0002849497354829774,0.000991518447511902,0.000579715663934488,0.000579715663934488,-1.2188194247391801,,0.0
casa_construcao,2017-09,9,4243,0.0021211407023332546,9,0.514335332605508,0.004124042366656067,0.0006559578773768028,0.00046653532457522994,0.00046653532457522994,7.433701815477485,,0.2222222222222222
casa_construcao,2017-10,14,4568,0.003064798598949212,10,0.7431540043644772,0.004124042366656067,0.0014003872938122201,0.0018460241426883804,0.0018460241426883804,1.475416821405903,,0.14285714285714285
casa_construcao,2017-11,33,7451,0.00442893571332707,11,1.073930701860908,0.004124042366656067,0.002190858359294788,0.0022323597020764974,0.0022323597020764974,0.8659823081213432,,0.18181818181818182
casa_construcao,2017-12,29,5624,0.005156472261735419,12,1.2503441534516742,0.004124042366656067,0.003164269208862795,0.001919546315586545,0.001919546315586545,0.4999999999999998,,0.10344827586206896
casa_construcao,2018-01,28,7220,0.003878116343490305,1,0.9403677262983191,0.004124042366656067,0.004124042366656067,0.0,0.000123721270999682,0.0,,0.25
casa_construcao,2018-02,32,6694,0.004780400358530027,2,0.7894563045960863,0.0060553070900812534,0.004124042366656067,0.0,0.000123721270999682,15.609803454332038,SURGE,0.21875
casa_construcao,2018-03,32,7188,0.004451864218141347,3,0.7692799828800033,0.005787053240972961,0.004606858547512364,0.0009656323617125923,0.0009656323617125923,1.222198779013028,,0.21875
casa_construcao,2018-04,59,6934,0.008508797231035477,4,1.2851434986730625,0.00662089271728876,0.005022611266091587,0.0010433414800392928,0.0010433414800392928,1.531887192999344,,0.2033898305084746
casa_construcao,2018-05,58,6853,0.008463446665693857,5,1.1917393191383827,0.007101760032397737,0.005646823853749761,0.001073032531932478,0.001073032531932478,1.355910594833233,,0.1896551724137931
casa_construcao,2018-06,58,6160,0.009415584415584415,6,1.2922974517259567,0.007285926628586338,0.006391253270185178,0.0005875008215716986,0.0005875008215716986,1.522846140040631,,0.06896551724137931
casa_construcao,2018-07,55,6273,0.00876773473617089,7,1.093549310017081,0.008017685764928095,0.006698908154811449,0.0006694390976061072,0.0006694390976061072,1.9699739899156656,,0.09090909090909091
casa_construcao,2018-08,42,6452,0.006509609423434594,8,0.8174681736789831,0.007963134997829158,0.007256566285800232,0.0005797156639344836,0.0005797156639344836,1.2188194247391912,,0.16666666666666666
cds_dvds_musicais,2017-07,4,3969,0.0010078105316200555,7,1.0,0.0010078105316200555,,0.0,,,,0.0
cds_dvds_musicais,2017-08,2,4293,0.0004658746797111577,8,1.0,0.0004658746797111577,,0.0,,,,0.0
cds_dvds_musicais,2017-10,1,4568,0.00021891418563922942,10,1.0,0.00021891418563922942,0.0007368426056656066,0.00038320651585289017,0.00038320651585289017,-1.3515647532079167,,0.0
cds_dvds_musicais,2017-11,3,7451,0.00040263051939337,11,1.0,0.00040263051939337,0.0005641997989901475,0.0004035346738341025,0.0004035346738341025,-0.4003851219565841,,0.0
cds_dvds_musicais,2017-12,1,5624,0.00017780938833570413,12,1.0,0.00017780938833570413,0.0005238074790909532,0.0003392437373801012,0.0003392437373801012,-1.0199100311395874,,0.0
cds_dvds_musicais,2018-04,1,6934,0.00014421690222094028,4,1.0,0.00014421690222094028,0.00031630719326986533,0.00013962949728992685,0.00013962949728992685,-1.2324780536278561,,0.0
cine_foto,2017-02,1,1733,0.0005770340450086555,2,1.0,0.0005770340450086555,,0.0,,,,0.0
cine_foto,2017-04,2,2391,0.000836470096194061,4,1.0,0.000836470096194061,,0.0,,,,0.0
cine_foto,2017-05,1,3660,0.000273224043715847,5,1.0,0.000273224043715847,0.0007067520706013583,0.0001834489910774605,0.0001834489910774605,-2.3632074744006415,,0.0
cine_foto,2017-06,1,3217,0.00031084861672365556,6,1.0,0.00031084861672365556,0.0005622427283061878,0.00028191420005990703,0.00028191420005990703,-0.8917397971762713,,0.0
cine_foto,2017-09,1,4243,0.00023568230025925054,9,1.0,0.00023568230025925054,0.0004993942004105548,0.00026226607475018736,0.00026226607475018736,-1.0055128190044942,,0.0
cine_foto,2017-10,1,4568,0.00021891418563922942,10,1.0,0.00021891418563922942,0.00041405626422320353,0.00028327621931955455,0.00028327621931955455,-0.6888756107121042,,0.0
cine_foto,2017-11,1,7451,0.00013421017313112335,11,1.0,0.00013421017313112335,0.0002596672865844956,4.0985399938715874e-05,4.0985399938715874e-05,-3.0610196226208397,,1.0
cine_foto,2018-01,2,7220,0.0002770083102493075,1,1.0,0.0002770083102493075,0.0002249138189383147,7.248884195241546e-05,7.248884195241546e-05,0.7186553117401113,,0.0
cine_foto,2018-02,2,6694,0.00029877502240812666,2,1.0,0.00029877502240812666,0.0002164537423197277,6.0018473799825566e-05,6.0018473799825566e-05,1.3715990240431306,,0.0
cine_foto,2018-03,6,7188,0.0008347245409015025,3,1.0,0.0008347245409015025,0.0002322269228569467,7.352671716163509e-05,7.352671716163509e-05,8.194267897478337,,0.5
cine_foto,2018-04,5,6934,0.0007210845111047015,4,1.0,0.0007210845111047015,0.000386179511672515,0.00030780897039926937,0.00030780897039926937,1.0880287179342758,,0.2
cine_foto,2018-05,17,6853,0.0024806654020137165,5,1.0,0.0024806654020137165,0.0005328980961659095,0.0002868254554669557,0.0002868254554669557,6.790775604894677,,0.058823529411764705
cine_foto,2018-06,9,6160,0.001461038961038961,6,1.0,0.001461038961038961,0.0010838123691070119,0.0009593571243952493,0.0009593571243952493,0.39320768287382224,,0.1111111111111111
cine_foto,2018-07,7,6273,0.0011158935118762952,7,1.0,0.0011158935118762952,0.0013743783537647205,0.0008061017670600321,0.0008061017670600321,-0.32066030922020716,,0.14285714285714285
cine_foto,2018-08,9,6452,0.0013949163050216986,8,1.0,0.0013949163050216986,0.0014446705965084185,0.0007539284569861249,0.0007539284569861249,-0.06599338574593103,,0.1111111111111111
climatizacao,2016-10,5,308,0.016233766233766232,10,1.0,0.016233766233766232,,0.0,,,,0.4
climatizacao,2017-01,3,789,0.0038022813688212928,1,1.0,0.0038022813688212928,,0.0,,,,0.3333333333333333
climatizacao,2017-02,12,1733,0.006924408540103866,2,1.0,0.006924408540103866,0.010018023801293763,0.008790387248220498,0.008790387248220498,-0.3519316241518438,,0.4166666666666667
climatizacao,2017-03,16,2641,0.00605831124574025,3,1.0,0.00605831124574025,0.008986818714230464,0.006467271896371332,0.006467271896371332,-0.4528195992708063,,0.0625
climatizacao,2017-04,14,2391,0.005855290673358427,4,1.0,0.005855290673358427,0.00825469184710791,0.005479760595681199,0.005479760595681199,-0.43786605853557525,,0.07142857142857142
climatizacao,2017-05,7,3660,0.001912568306010929,5,1.0,0.001912568306010929,0.005660072957005959,0.0013224519831496221,0.0013224519831496221,-2.833754796956615,,0.14285714285714285
climatizacao,2017-06,9,3217,0.0027976375505129004,6,1.0,0.0027976375505129004,0.005187644691303368,0.002232060737104448,0.002232060737104448,-1.070762592191338,,0.2222222222222222
climatizacao,2017-07,5,3969,0.0012597631645250692,7,1.0,0.0012597631645250692,0.004155951943905627,0.002112227194911133,0.002112227194911133,-1.3711540057613962,,0.4
climatizacao,2017-08,12,4293,0.002795248078266946,8,1.0,0.002795248078266946,0.0029563149236018316,0.0020328087120505727,0.0020328087120505727,-0.0792336457336466,,0.0
climatizacao,2017-09,8,4243,0.0018854584020740043,9,1.0,0.0018854584020740043,0.0021913042748289615,0.0007478526457825526,0.0007478526457825526,-0.40896542183777423,,0.125
climatizacao,2017-10,9,4568,0.001970227670753065,10,1.0,0.001970227670753065,0.00218452679884473,0.0007513354688502643,0.0007513354688502643,-0.28522429324359955,,0.2222222222222222
climatizacao,2017-11,16,7451,0.0021473627700979736,11,1.0,0.0021473627700979736,0.001977674328904771,0.0006304449501386653,0.0006304449501386653,0.2691566347797374,,0.3125
climatizacao,2017-12,3,5624,0.0005334281650071124,12,1.0,0.0005334281650071124,0.002199574230297997,0.0004118340959036368,0.0004118340959036368,-4.045672958755553,,0.0
climatizacao,2018-01,22,7220,0.0030470914127423824,1,1.0,0.0030470914127423824,0.0016341192519830389,0.0007418625244099657,0.0007418625244099657,1.90462803318329,,0.13636363636363635
climatizacao,2018-02,11,6694,0.0016432626232446967,2,1.0,0.0016432626232446967,0.0019245275046501334,0.0010403607004649301,0.0010403607004649301,-0.2703532354497256,,0.09090909090909091
climatizacao,2018-03,23,7188,0.003199777406789093,3,1.0,0.003199777406789093,0.0018427862427730412,0.0010483870236340494,0.0010483870236340494,1.2943608929002959,,0.21739130434782608
climatizacao,2018-04,22,6934,0.0031727718488606866,4,1.0,0.0031727718488606866,0.002105889901945821,0.0012608343891133732,0.0012608343891133732,0.8461713577348597,,0.045454545454545456
climatizacao,2018-05,14,6853,0.0020429009193054137,5,1.0,0.0020429009193054137,0.0027657258229092144,0.00075126060157906,0.00075126060157906,-0.9621493554759948,,0.21428571428571427
climatizacao,2018-06,9,6160,0.001461038961038961,6,1.0,0.001461038961038961,0.0025146781995499723,0.0007925459153481637,0.0007925459153481637,-1.3294362107060382,,0.2222222222222222
climatizacao,2018-07,15,6273,0.0023912003825920613,7,1.0,0.0023912003825920613,0.0024691222839985385,0.0008615637442737221,0.0008615637442737221,-0.09044241000665999,,0.2
climatizacao,2018-08,17,6452,0.0026348419094854307,8,1.0,0.0026348419094854307,0.0022669780279492807,0.0007154583541536517,0.0007154583541536517,0.5141653310783029,,0.11764705882352941
consoles_games,2016-10,10,308,0.032467532467532464,10,2.143453698039916,0.01514729825851729,,0.0,,,,0.3
consoles_games,2017-01,21,789,0.026615969581749048,1,1.3335917783277424,0.01995810863135655,,0.0,,,,0.19047619047619047
consoles_games,2017-02,18,1733,0.0103866128101558,2,0.7071308004521739,0.014688389762564568,0.01755270344493692,0.003401756637637223,0.003401756637637223,-0.8420101692994223,,0.16666666666666666
consoles_games,2017-03,48,2641,0.01817493373722075,3,1.0033677654583433,0.018113930268547497,0.016597932217479468,0.00291903038716562,0.00291903038716562,0.5193498696462918,,0.22916666666666666
consoles_games,2017-04,15,2391,0.006273525721455458,4,0.48426493785447644,0.012954738679306734,0.016976931730246475,0.0025010107537103265,0.0025010107537103265,-1.6082270118082032,,0.06666666666666667
consoles_games,2017-05,26,3660,0.007103825136612022,5,0.5082235958977614,0.013977755448491785,0.016428791835443837,0.0031829657706601887,0.0031829657706601887,-0.7700479878059371,,0.07692307692307693
consoles_games,2017-06,27,3217,0.0083929126515387,6,0.5910145679275298,0.014200855794417303,0.014933703539727644,0.002236377991894066,0.002236377991894066,-0.3276940427631677,,0.1111111111111111
consoles_games,2017-07,46,3969,0.011589821113630638,7,0.7619445590766252,0.015210845691549986,0.014811820047690829,0.002267276206810019,0.002267276206810019,0.17599339800798833,,0.10869565217391304
consoles_games,2017-08,85,4293,0.019799673887724203,8,1.118470754161746,0.017702451149528137,0.01408604890344145,0.000925551859229833,0.000925551859229833,3.9072929409876123,SURGE,0.09411764705882353
consoles_games,2017-09,61,4243,0.014376620315814282,9,1.1292350794107637,0.01273129092244993,0.015272977020996802,0.0017061894863180326,0.0017061894863180326,-1.4896857113050472,,0.11475409836065574
consoles_games,2017-10,101,4568,0.022110332749562173,10,2.143453698039916,0.010315283586382572,0.014961360889486339,0.0020918411776598804,0.0020918411776598804,-2.2210468713983733,COLLAPSE,0.13861386138613863
consoles_games,2017-11,127,7451,0.017044691987652665,11,1.3388031183543712,0.01273129092244993,0.013989967837477654,0.003181228640975444,0.003181228640975444,-0.3956574824001906,,0.14960629921259844
consoles_games,2017-12,88,5624,0.015647226173541962,12,1.2290368878422353,0.01273129092244993,0.013370079145202642,0.0031046912824039437,0.0031046912824039437,-0.20574935304295433,,0.13636363636363635
consoles_games,2018-01,53,7220,0.007340720221606648,1,1.3335917783277424,0.005504473213543312,0.01212728908843309,0.0012080036680336519,0.0012080036680336519,-5.482446825405901,COLLAPSE,0.1320754716981132
consoles_games,2018-02,51,6694,0.007618763071407231,2,0.7071308004521739,0.010774192082335293,0.010320584661206434,0.003406756371961603,0.003406756371961603,0.13314935721912893,,0.23529411764705882
consoles_games,2018-03,53,7188,0.007373400111296605,3,1.0033677654583433,0.0073486515763523655,0.010435311785194615,0.0034142373122410734,0.0034142373122410734,-0.9040555551823065,,0.2641509433962264
consoles_games,2018-04,42,6934,0.006057109893279493,4,0.48426493785447644,0.012507843165593125,0.009089651948670223,0.003265159451772424,0.003265159451772424,1.046868083292964,,0.21428571428571427
consoles_games,2018-05,40,6853,0.0058368597694440395,5,0.5082235958977614,0.011484826396408071,0.009033790009456023,0.0031829657706601688,0.0031829657706601688,0.7700479878059409,,0.15
consoles_games,2018-06,41,6160,0.0066558441558441555,6,0.5910145679275298,0.011261726050482557,0.010528878305172212,0.002236377991894046,0.002236377991894046,0.3276940427631722,,0.12195121951219512
consoles_games,2018-07,49,6273,0.007811254583134066,7,0.7619445590766252,0.010251736153349874,0.010650761797209028,0.00226727620681,0.00226727620681,-0.17599339800798827,,0.10204081632653061
consoles_games,2018-08,56,6452,0.008679479231246125,8,1.118470754161746,0.0077601306953717225,0.011376532941458404,0.0009255518592298022,0.0009255518592298022,-3.907292940987737,COLLAPSE,0.14285714285714285
construcao_ferramentas_construcao,2017-01,1,789,0.0012674271229404308,1,0.5444960272037196,0.0023277068327740643,,0.0,,,,1.0
construcao_ferramentas_construcao,2017-02,3,1733,0.0017311021350259665,2,0.7836818273208239,0.0022089348951016153,,0.0,,,,0.0
construcao_ferramentas_construcao,2017-03,4,2641,0.0015145778114350624,3,0.68863797295201,0.002199381781028521,0.0022683208639378396,8.398444254285447e-05,8.398444254285447e-05,-0.8208553968092489,,0.75
construcao_ferramentas_construcao,2017-05,1,3660,0.000273224043715847,5,1.0489305640252138,0.000260478675220755,0.0022453411696347334,7.149050528153816e-05,7.149050528153816e-05,-27.76400147960002,,0.0
construcao_ferramentas_construcao,2017-06,4,3217,0.0012433944668946222,6,1.4757928914976954,0.0008425263965276146,0.001749125546031239,0.0009941463886150904,0.0009941463886150904,-0.9119372759242982,,0.25
construcao_ferramentas_construcao,2017-07,5,3969,0.0012597631645250692,7,1.3375549676805087,0.0009418402943915341,0.0013778304369696263,0.0009833118539657518,0.0009833118539657518,-0.4433894911565639,,0.0
construcao_ferramentas_construcao,2017-08,6,4293,0.001397624039133473,8,1.648980184890252,0.0008475687288058539,0.0010610567867921062,0.0008162265226352975,0.0008162265226352975,-0.2615549140659841,,0.16666666666666666
construcao_ferramentas_construcao,2017-09,8,4243,0.0018854584020740043,9,0.3016116151285589,0.006251279153391844,0.0007231035237364394,0.0003117803367326881,0.0003117803367326881,17.730995121719655,,0.125
construcao_ferramentas_construcao,2017-10,14,4568,0.003064798598949212,10,0.4902674354713949,0.006251279153391844,0.0022208036432792115,0.002687371850256769,0.002687371850256769,1.4997833328229342,,0.14285714285714285
construcao_ferramentas_construcao,2017-11,36,7451,0.00483156623272044,11,0.7728924135628961,0.006251279153391844,0.003572991832495269,0.003092859273506227,0.003092859273506227,0.8659583524666248,,0.16666666666666666
construcao_ferramentas_construcao,2017-12,22,5624,0.0039118065433854906,12,0.6257609758577182,0.006251279153391844,0.004900351547245346,0.002701855212292995,0.002701855212292995,0.5000000000000001,,0.3181818181818182
construcao_ferramentas_construcao,2018-01,40,7220,0.00554016620498615,1,0.5444960272037196,0.010174851474009622,0.006251279153391844,0.0,0.0001875383746017553,20.921437166924527,SURGE,0.15
construcao_ferramentas_construcao,2018-02,54,6694,0.00806692560501942,2,0.7836818273208239,0.010293623411682074,0.0072321722335462885,0.001961786160308889,0.001961786160308889,1.5605427543916157,,0.24074074074074073
construcao_ferramentas_construcao,2018-03,51,7188,0.0070951585976627716,3,0.68863797295201,0.010303176525755168,0.008242758298118845,0.002300073196090333,0.002300073196090333,0.8958055035546799,,0.29411764705882354
construcao_ferramentas_construcao,2018-04,76,6934,0.010960484568791463,4,1.7533186888389842,0.006251279153391844,0.009255732641209677,0.0020038193641120946,0.0020038193641120946,-1.4993634364588175,,0.17105263157894737
construcao_ferramentas_construcao,2018-05,88,6853,0.012841091492776886,5,1.0489305640252138,0.01224207963156293,0.009255732641209677,0.0020038193641120946,0.0020038193641120946,1.490327443599949,,0.13636363636363635
construcao_ferramentas_construcao,2018-06,106,6160,0.017207792207792207,6,1.4757928914976954,0.011660031910256073,0.009772539680598005,0.0025199872344988097,0.0025199872344988097,0.7490086472733517,,0.11320754716981132
construcao_ferramentas_construcao,2018-07,97,6273,0.015463095807428662,7,1.3375549676805087,0.011560718012392153,0.010114141805241506,0.002700329461509352,0.002700329461509352,0.5357035975684544,,0.10309278350515463
construcao_ferramentas_construcao,2018-08,124,6452,0.019218846869187848,8,1.648980184890252,0.011654989577977833,0.010428527176900751,0.0028010018179196496,0.0028010018179196496,0.43786562123261896,,0.10483870967741936
construcao_ferramentas_ferramentas,2017-04,1,2391,0.0004182350480970305,4,1.0,0.0004182350480970305,,0.0,,,,0.0
construcao_ferramentas_ferramentas,2017-05,2,3660,0.000546448087431694,5,1.0,0.000546448087431694,,0.0,,,,0.0
construcao_ferramentas_ferramentas,2017-09,3,4243,0.0007070469007777516,9,1.0,0.0007070469007777516,0.0004823415677643623,9.066030955007808e-05,9.066030955007808e-05,2.478541427097915,,0.0
construcao_ferramentas_ferramentas,2017-10,5,4568,0.0010945709281961471,10,1.0,0.0010945709281961471,0.0005572433454354921,0.00014470824012040241,0.00014470824012040241,3.7131788923255464,,0.0
construcao_ferramentas_ferramentas,2017-11,4,7451,0.0005368406925244934,11,1.0,0.0005368406925244934,0.0006915752411256558,0.0002934971027193991,0.0002934971027193991,-0.5272097992364101,,0.25
construcao_ferramentas_ferramentas,2017-12,6,5624,0.0010668563300142249,12,1.0,0.0010668563300142249,0.0007212266522325215,0.00026085292318176183,0.00026085292318176183,1.3249982923935617,,0.16666666666666666
construcao_ferramentas_ferramentas,2018-01,8,7220,0.00110803324099723,1,1.0,0.00110803324099723,0.0008513287128781542,0.0002740674401858648,0.0002740674401858648,0.9366473009161029,,0.125
construcao_ferramentas_ferramentas,2018-02,11,6694,0.0016432626232446967,2,1.0,0.0016432626232446967,0.0009515752979330238,0.0002770206655969348,0.0002770206655969348,2.496879876529061,,0.09090909090909091
construcao_ferramentas_ferramentas,2018-03,8,7188,0.0011129660545353367,3,1.0,0.0011129660545353367,0.0010887482216951612,0.00045201006964150754,0.00045201006964150754,0.0535780825842726,,0.125
construcao_ferramentas_ferramentas,2018-04,16,6934,0.0023074704355350445,4,1.0,0.0023074704355350445,0.001232779562197872,0.0002744350461439726,0.0002744350461439726,3.9160117792440183,,0.125
construcao_ferramentas_ferramentas,2018-05,5,6853,0.0007296074711805049,5,1.0,0.0007296074711805049,0.001542933088578077,0.0005682114917903288,0.0005682114917903288,-1.4313783320976738,,0.0
construcao_ferramentas_ferramentas,2018-06,4,6160,0.0006493506493506494,6,1.0,0.0006493506493506494,0.0014483266461238955,0.0006843858718787537,0.0006843858718787537,-1.167434965569823,,0.0
construcao_ferramentas_ferramentas,2018-07,10,6273,0.0015941335883947075,7,1.0,0.0015941335883947075,0.0011998486526503837,0.0007656259792185295,0.0007656259792185295,0.5149837472165827,,0.1
construcao_ferramentas_ferramentas,2018-08,14,6452,0.0021698698078115313,8,1.0,0.0021698698078115313,0.0013201405361152265,0.000784980020117838,0.000784980020117838,1.0824852224503076,,0.14285714285714285
construcao_ferramentas_iluminacao,2017-07,1,3969,0.0002519526329050139,7,1.0,0.0002519526329050139,,0.0,,,,0.0
construcao_ferramentas_iluminacao,2017-08,2,4293,0.0004658746797111577,8,1.0,0.0004658746797111577,,0.0,,,,0.0
construcao_ferramentas_iluminacao,2017-09,1,4243,0.00023568230025925054,9,1.0,0.00023568230025925054,0.00035891365630808577,0.00015126572994193034,0.00015126572994193034,-0.8146680421014246,,1.0
construcao_ferramentas_iluminacao,2017-10,2,4568,0.00043782837127845885,10,1.0,0.00043782837127845885,0.0003178365376251407,0.00012846263879163765,0.00012846263879163765,0.9340601655236207,,0.5
construcao_ferramentas_iluminacao,2017-11,9,7451,0.00120789155818011,11,1.0,0.00120789155818011,0.00034783449603847027,0.00012083574145403023,0.00012083574145403023,7.117571769680685,,0.2222222222222222
construcao_ferramentas_iluminacao,2018-01,6,7220,0.0008310249307479224,1,1.0,0.0008310249307479224,0.0005868192273572443,0.0004265574758013175,0.0004265574758013175,0.5725036302128358,,0.0
construcao_ferramentas_iluminacao,2018-02,8,6694,0.0011951000896325067,2,1.0,0.0011951000896325067,0.0006781067901164354,0.0004310951194307899,0.0004310951194307899,1.199255747081293,,0.125
construcao_ferramentas_iluminacao,2018-03,12,7188,0.001669449081803005,3,1.0,0.001669449081803005,0.0009179612374597495,0.0003646692679076016,0.0003646692679076016,2.060738072761493,,0.3333333333333333
construcao_ferramentas_iluminacao,2018-04,34,6934,0.00490337467551197,4,1.0,0.00490337467551197,0.001225866415090886,0.0003434797627365953,0.0003434797627365953,10.706622803979457,SURGE,0.11764705882352941
construcao_ferramentas_iluminacao,2018-05,32,6853,0.004669487815555231,5,1.0,0.004669487815555231,0.002149737194423851,0.0018675768689750461,0.0018675768689750461,1.3492085187980811,,0.15625
construcao_ferramentas_iluminacao,2018-06,35,6160,0.005681818181818182,6,1.0,0.005681818181818182,0.003109352915625678,0.0019485226808536923,0.0019485226808536923,1.3202131499262038,,0.05714285714285714
construcao_ferramentas_iluminacao,2018-07,40,6273,0.00637653435357883,7,1.0,0.00637653435357883,0.004231032438672097,0.0017617014283225596,0.0017617014283225596,1.2178578506061706,,0.0
construcao_ferramentas_iluminacao,2018-08,51,6452,0.007904525728456293,8,1.0,0.007904525728456293,0.005407803756616054,0.0007774063719400024,0.0007774063719400024,3.211604717889973,SURGE,0.0784313725490196
construcao_ferramentas_jardim,2017-02,1,1733,0.0005770340450086555,2,1.0,0.0005770340450086555,,0.0,,,,0.0
construcao_ferramentas_jardim,2017-04,7,2391,0.0029276453366792136,4,1.0,0.0029276453366792136,,0.0,,,,0.0
construcao_ferramentas_jardim,2017-05,6,3660,0.001639344262295082,5,1.0,0.001639344262295082,0.0017523396908439345,0.0016621331842739213,0.0016621331842739213,-0.06798217472459218,,0.5
construcao_ferramentas_jardim,2017-06,3,3217,0.0009325458501709667,6,1.0,0.0009325458501709667,0.001714674547994317,0.0011771148415044,0.0011771148415044,-0.6644455326242922,,0.0
construcao_ferramentas_jardim,2017-07,5,3969,0.0012597631645250692,7,1.0,0.0012597631645250692,0.0015191423735384795,0.0010376243178769784,0.0010376243178769784,-0.2499741038684508,,0.0
construcao_ferramentas_jardim,2017-08,7,4293,0.001630561378989052,8,1.0,0.001630561378989052,0.001689824653417583,0.0008742944553320778,0.0008742944553320778,-0.06778411331228384,,0.14285714285714285
construcao_ferramentas_jardim,2017-09,5,4243,0.0011784115012962526,9,1.0,0.0011784115012962526,0.0013655536639950424,0.0003385645075583336,0.0003385645075583336,-0.5527518641821773,,0.2
construcao_ferramentas_jardim,2017-10,8,4568,0.0017513134851138354,10,1.0,0.0017513134851138354,0.0012503204737453351,0.0002891504349735828,0.0002891504349735828,1.7326379308897517,,0.25
construcao_ferramentas_jardim,2017-11,13,7451,0.0017447322507046035,11,1.0,0.0017447322507046035,0.0014550123824810524,0.0002788321467484207,0.0002788321467484207,1.039047583293737,,0.23076923076923078
construcao_ferramentas_jardim,2017-12,6,5624,0.0010668563300142249,12,1.0,0.0010668563300142249,0.0015762546540259359,0.0002709604457447582,0.0002709604457447582,-1.8799730071730052,,0.16666666666666666
construcao_ferramentas_jardim,2018-01,21,7220,0.0029085872576177286,1,1.0,0.0029085872576177286,0.001435328391782229,0.00036393922388423903,0.00036393922388423903,4.048090365505946,,0.0
construcao_ferramentas_jardim,2018-02,14,6694,0.002091425156856887,2,1.0,0.002091425156856887,0.0018678723308625982,0.000764518069603254,0.000764518069603254,0.292410127219493,,0.07142857142857142
construcao_ferramentas_jardim,2018-03,20,7188,0.0027824151363383415,3,1.0,0.0027824151363383415,0.0019529002487983609,0.0007661450146509348,0.0007661450146509348,1.08271263491536,,0.2
construcao_ferramentas_jardim,2018-04,12,6934,0.0017306028266512836,4,1.0,0.0017306028266512836,0.0022123209702067954,0.0008438995084051294,0.0008438995084051294,-0.5708240599237963,,0.08333333333333333
construcao_ferramentas_jardim,2018-05,13,6853,0.0018969794250693127,5,1.0,0.0018969794250693127,0.00237825759436606,0.0005616411712736279,0.0005616411712736279,-0.8569139762410188,,0.07692307692307693
construcao_ferramentas_jardim,2018-06,10,6160,0.0016233766233766235,6,1.0,0.0016233766233766235,0.0021253556362289565,0.0004621918572077735,0.0004621918572077735,-1.086083636100654,,0.1
construcao_ferramentas_jardim,2018-07,20,6273,0.003188267176789415,7,1.0,0.003188267176789415,0.00200834350285889,0.0005281818604414079,0.0005281818604414079,2.2339344879137815,,0.15
construcao_ferramentas_jardim,2018-08,17,6452,0.0026348419094854307,8,1.0,0.0026348419094854307,0.0021098065129716587,0.0007277321498916175,0.0007277321498916175,0.7214679145231752,,0.23529411764705882
construcao_ferramentas_seguranca,2017-02,1,1733,0.0005770340450086555,2,1.0,0.0005770340450086555,,0.0,,,,0.0
construcao_ferramentas_seguranca,2017-03,2,2641,0.0007572889057175312,3,1.0,0.0007572889057175312,,0.0,,,,1.0
construcao_ferramentas_seguranca,2017-08,1,4293,0.00023293733985557886,8,1.0,0.00023293733985557886,0.0006671614753630934,0.00012745943434908254,0.00012745943434908254,-3.4067633967233286,,1.0
construcao_ferramentas_seguranca,2017-09,3,4243,0.0007070469007777516,9,1.0,0.0007070469007777516,0.0005224200968605885,0.0002664078708572818,0.0002664078708572818,0.6930230827003985,,0.0
construcao_ferramentas_seguranca,2017-10,9,4568,0.001970227670753065,10,1.0,0.001970227670753065,0.0005685767978398793,0.00023629896307638212,0.00023629896307638212,5.931684399563408,,0.2222222222222222
construcao_ferramentas_seguranca,2017-11,13,7451,0.0017447322507046035,11,1.0,0.0017447322507046035,0.0009168752042759817,0.000740904430332241,0.000740904430332241,1.117360097384475,,0.15384615384615385
construcao_ferramentas_seguranca,2017-12,7,5624,0.0012446657183499289,12,1.0,0.0012446657183499289,0.0011637360405227497,0.0008292439402656591,0.0008292439402656591,0.0975945362968251,,0.14285714285714285
construcao_ferramentas_seguranca,2018-01,8,7220,0.00110803324099723,1,1.0,0.00110803324099723,0.0014166681351463373,0.0005619019342165094,0.0005619019342165094,-0.549268253684611,,0.125
construcao_ferramentas_seguranca,2018-02,7,6694,0.0010457125784284435,2,1.0,0.0010457125784284435,0.0015169147202012067,0.00040771601284380374,0.00040771601284380374,-1.1557116397910059,,0.0
construcao_ferramentas_seguranca,2018-03,13,7188,0.001808569838619922,3,1.0,0.001808569838619922,0.0012857859471200514,0.0003170456484887486,0.0003170456484887486,1.6489230935412864,,0.3076923076923077
construcao_ferramentas_seguranca,2018-04,23,6934,0.003316988751081627,4,1.0,0.003316988751081627,0.001301745344098881,0.00034794937749959486,0.00034794937749959486,5.791771841825159,,0.17391304347826086
construcao_ferramentas_seguranca,2018-05,23,6853,0.0033561943674303226,5,1.0,0.0033561943674303226,0.0018198261022818055,0.0010563338370075492,0.0010563338370075492,1.4544343950022849,,0.391304347826087
construcao_ferramentas_seguranca,2018-06,16,6160,0.0025974025974025974,6,1.0,0.0025974025974025974,0.0023818663838900784,0.0011456795336974802,0.0011456795336974802,0.18812958351181638,,0.125
construcao_ferramentas_seguranca,2018-07,15,6273,0.0023912003825920613,7,1.0,0.0023912003825920613,0.0027697888886336172,0.0007296022136615563,0.0007296022136615563,-0.5188971455302812,,0.06666666666666667
construcao_ferramentas_seguranca,2018-08,21,6452,0.003254804711717297,8,1.0,0.003254804711717297,0.0029154465246266524,0.0004937883411762432,0.0004937883411762432,0.6872543533171854,,0.14285714285714285
cool_stuff,2016-10,8,308,0.025974025974025976,10,1.0123459646294988,0.0256572623209221,,0.0,,,,0.25
cool_stuff,2017-01,32,789,0.04055766793409379,1,1.02406826212779,0.03960445747027041,,0.0,,,,0.1875
cool_stuff,2017-02,69,1733,0.03981534910559723,2,0.8525085010153848,0.04670375610117078,0.032630859895596255,0.00986215626863631,0.00986215626863631,1.4269593608376736,,0.08695652173913043
cool_stuff,2017-03,121,2641,0.04581597879591064,3,1.0117720605040859,0.045282905690323345,0.03732182529745443,0.010707312096777253,0.010707312096777253,0.7435181043489976,,0.08264462809917356
cool_stuff,2017-04,118,2391,0.0493517356754496,4,0.9860867350350111,0.0500480677023785,0.03931209539567166,0.009606025286972693,0.009606025286972693,1.1176289865972489,,0.15254237288135594
cool_stuff,2017-05,235,3660,0.06420765027322405,5,1.1276408720742093,0.056939804030975726,0.045409796741035756,0.004355301509806087,0.004355301509806087,2.6473499627935806,SURGE,0.11914893617021277
cool_stuff,2017-06,197,3217,0.06123717749456015,6,0.9837462073225617,0.06224895917131706,0.04974363338121209,0.005196681559302905,0.005196681559302905,2.406406020341654,SURGE,0.07614213197969544
cool_stuff,2017-07,221,3969,0.05568153187200806,7,0.9499036984892707,0.05861808092816578,0.053629934148748656,0.00747764406530846,0.00747764406530846,0.6670746475563036,,0.09954751131221719
cool_stuff,2017-08,237,4293,0.05520614954577219,8,0.9411397777264282,0.05865882077488769,0.05696372795820927,0.005115254371439228,0.005115254371439228,0.3313799654114738,,0.08016877637130802
cool_stuff,2017-09,196,4243,0.0461937308508131,9,1.1780973588715007,0.039210452771969606,0.059116416226336566,0.002236678908391506,0.002236678908391506,-8.899785919062568,COLLAPSE,0.1377551020408163
cool_stuff,2017-10,244,4568,0.053415061295971976,10,1.0123459646294988,0.05276364322301711,0.054684078411585034,0.01045522937735027,0.01045522937735027,-0.18368178442151312,,0.0942622950819672
cool_stuff,2017-11,287,7451,0.038518319688632396,11,0.9823482506727901,0.039210452771969606,0.05231274942451005,0.009163392925908728,0.009163392925908728,-1.4298521037436687,,0.1602787456445993
cool_stuff,2017-12,234,5624,0.041607396870554765,12,1.0611302326072263,0.039210452771969606,0.047460842385461,0.009826024531512677,0.009826024531512677,-0.8396467551075083,,0.1794871794871795
cool_stuff,2018-01,287,7220,0.03975069252077562,1,1.02406826212779,0.03881644807366882,0.04259875038473148,0.006776595225523768,0.006776595225523768,-0.5581419850512506,,0.1254355400696864
cool_stuff,2018-02,181,6694,0.027039139527935463,2,0.8525085010153848,0.03171714944276843,0.042500249210156285,0.006844783139633326,0.006844783139633326,-1.5753749311574978,,0.20994475138121546
cool_stuff,2018-03,241,7188,0.03352810239287702,3,1.0117720605040859,0.03313799985361587,0.03723862576509412,0.003685667171875725,0.003685667171875725,-1.1125871437250106,,0.2074688796680498
cool_stuff,2018-04,194,6934,0.027978079030862416,4,0.9860867350350111,0.028372837841560715,0.03572051253550568,0.0038497094052653245,0.0038497094052653245,-1.9086309953409473,,0.1134020618556701
cool_stuff,2018-05,166,6853,0.024222968043192763,5,1.1276408720742093,0.021481101512963487,0.033011108802903456,0.004355301509806146,0.004355301509806146,-2.6473499627935446,COLLAPSE,0.1144578313253012
cool_stuff,2018-06,98,6160,0.015909090909090907,6,0.9837462073225617,0.01617194637262216,0.028677272162727124,0.0051966815593029615,0.0051966815593029615,-2.406406020341628,COLLAPSE,0.08163265306122448
cool_stuff,2018-07,118,6273,0.01881077634305755,7,0.9499036984892707,0.019802824615773425,0.02479097139519056,0.0074776440653085054,0.0074776440653085054,-0.6670746475563005,,0.11016949152542373
cool_stuff,2018-08,120,6452,0.018598884066955982,8,0.9411397777264282,0.019762084769051523,0.021457177585729945,0.005115254371439308,0.005115254371439308,-0.33137996541146864,,0.175
dvds_blu_ray,2017-01,1,789,0.0012674271229404308,1,1.0,0.0012674271229404308,,0.0,,,,0.0
dvds_blu_ray,2017-02,1,1733,0.0005770340450086555,2,1.0,0.0005770340450086555,,0.0,,,,0.0
dvds_blu_ray,2017-03,4,2641,0.0015145778114350624,3,1.0,0.0015145778114350624,0.0009222305839745432,0.000488181627089811,0.000488181627089811,1.2133746839094885,,0.5
dvds_blu_ray,2017-04,2,2391,0.000836470096194061,4,1.0,0.000836470096194061,0.0011196796597947162,0.0004859208404058721,0.0004859208404058721,-0.5828306589281095,,0.0
dvds_blu_ray,2017-05,4,3660,0.001092896174863388,5,1.0,0.001092896174863388,0.0010488772688945524,0.0004212655017791247,0.0004212655017791247,0.10449207396031995,,0.0
dvds_blu_ray,2017-06,4,3217,0.0012433944668946222,6,1.0,0.0012433944668946222,0.0010052445318752918,0.0003995631912425133,0.0003995631912425133,0.5960257106735997,,0.0
dvds_blu_ray,2017-07,4,3969,0.0010078105316200555,7,1.0,0.0010078105316200555,0.0011718346373467835,0.0002836043893118503,0.0002836043893118503,-0.5783553143331914,,0.25
dvds_blu_ray,2017-08,6,4293,0.001397624039133473,8,1.0,0.001397624039133473,0.0010451428173930317,0.00016982550241685497,0.00016982550241685497,2.075549412332891,,0.5
dvds_blu_ray,2017-09,2,4243,0.0004713646005185011,9,1.0,0.0004713646005185011,0.0011854313031278846,0.00017175309216173318,0.00017175309216173318,-4.157518759178873,,0.0
dvds_blu_ray,2017-10,5,4568,0.0010945709281961471,10,1.0,0.0010945709281961471,0.001030048409541663,0.00040548345849407674,0.00040548345849407674,0.15912490954406397,,0.2
dvds_blu_ray,2017-11,3,7451,0.00040263051939337,11,1.0,0.00040263051939337,0.0009928425248670442,0.00038572875147558245,0.00038572875147558245,-1.5301218880258554,,0.3333333333333333
dvds_blu_ray,2017-12,1,5624,0.00017780938833570413,12,1.0,0.00017780938833570413,0.0008415475218103728,0.00048405422131691004,0.00048405422131691004,-1.3712061670878801,,0.0
dvds_blu_ray,2018-01,2,7220,0.0002770083102493075,1,1.0,0.0002770083102493075,0.0005365938591109305,0.0003925411819835759,0.0003925411819835759,-0.661295071130866,,0.0
dvds_blu_ray,2018-02,1,6694,0.00014938751120406333,2,1.0,0.00014938751120406333,0.0004880047865436322,0.0004147095159139145,0.0004147095159139145,-0.8165167722118515,,0.0
dvds_blu_ray,2018-03,2,7188,0.0002782415136338342,3,1.0,0.0002782415136338342,0.00025170893229561127,0.00011452539716678064,0.00011452539716678064,0.23167421370810992,,0.0
dvds_blu_ray,2018-04,4,6934,0.0005768676088837611,4,1.0,0.0005768676088837611,0.00022061168085572727,6.68498217911564e-05,6.68498217911564e-05,5.3291978719255635,,0.0
dvds_blu_ray,2018-05,6,6853,0.0008755289654166059,5,1.0,0.0008755289654166059,0.00032037623599274155,0.00018136618591855233,0.00018136618591855233,3.0609494631660366,,0.16666666666666666
dvds_blu_ray,2018-06,5,6160,0.0008116883116883117,6,1.0,0.0008116883116883117,0.0004700063997845661,0.00032426229738795006,0.00032426229738795006,1.0537207521692065,,0.0
dvds_blu_ray,2018-07,1,6273,0.00015941335883947074,7,1.0,0.00015941335883947074,0.0006355815999056283,0.00027063356662285204,0.00027063356662285204,-1.7594574354101955,,1.0
dvds_blu_ray,2018-08,1,6452,0.00015499070055796651,8,1.0,0.00015499070055796651,0.0006058745612070374,0.0003241613826986819,0.0003241613826986819,-1.3909240418936069,,0.0
eletrodomesticos,2017-02,7,1733,0.004039238315060588,2,0.752710507393751,0.005366257379674944,,0.0,,,,0.14285714285714285
eletrodomesticos,2017-03,9,2641,0.0034078000757288905,3,0.8827355090179635,0.003860499595762316,,0.0,,,,0.0
eletrodomesticos,2017-04,9,2391,0.0037641154328732747,4,1.27923056308115,0.00294248397552904,0.004613378487718631,0.001064731539829048,0.001064731539829048,-1.5693106193302657,,0.1111111111111111
eletrodomesticos,2017-05,28,3660,0.007650273224043716,5,1.130984098027959,0.006764262413046406,0.0040564136503221,0.0012237058945031676,0.0012237058945031676,2.2128264437458727,SURGE,0.03571428571428571
eletrodomesticos,2017-06,42,3217,0.013055641902393535,6,1.6069871991658211,0.008124297386544617,0.0047333758410031766,0.0016826809881678169,0.0016826809881678169,2.0151897890245,SURGE,0.14285714285714285
eletrodomesticos,2017-07,37,3969,0.009322247417485512,7,1.4715938834961833,0.0063347962518965515,0.005422885842720595,0.0024283299913024207,0.0024283299913024207,0.3755298548558709,,0.13513513513513514
eletrodomesticos,2017-08,49,4293,0.011413929652923364,8,1.4324759916819945,0.007967972740346788,0.006041460006754153,0.002202298304349062,0.002202298304349062,0.8747737442235637,,0.22448979591836735
eletrodomesticos,2017-09,10,4243,0.0023568230025925053,9,0.31650864234622833,0.007446314846639733,0.00729783219795859,0.000883981146721225,0.000883981146721225,0.16797037949494723,,0.0
eletrodomesticos,2017-10,8,4568,0.0017513134851138354,10,0.23519197363836197,0.007446314846639733,0.007468345306356922,0.0008093864969471637,0.0008093864969471637,-0.027218714174604117,,0.125
eletrodomesticos,2017-11,25,7451,0.0033552543282780833,11,0.4505925947775623,0.007446314846639733,0.007298849671380701,0.0006881416116057367,0.0006881416116057367,0.21429480905090353,,0.24
eletrodomesticos,2017-12,16,5624,0.002844950213371266,12,0.3820614991394159,0.007446314846639733,0.007576729320066497,0.00026082894685352067,0.00026082894685352067,-0.5000000000000127,,0.0625
eletrodomesticos,2018-01,27,7220,0.003739612188365651,1,0.5022097863687848,0.007446314846639734,0.007446314846639733,0.0,0.00022338944539919197,3.882733745269153e-15,,0.14814814814814814
eletrodomesticos,2018-02,48,6694,0.00717060053779504,2,0.752710507393751,0.00952637231360452,0.007446314846639733,0.0,0.00022338944539919197,9.31135069182777,SURGE,0.125
eletrodomesticos,2018-03,70,7188,0.009738452977184196,3,0.8827355090179635,0.01103213009751715,0.00796632921338093,0.0010400287334823921,0.0010400287334823921,2.9478040225588864,SURGE,0.15714285714285714
eletrodomesticos,2018-04,106,6934,0.015286991635419672,4,1.27923056308115,0.011950145717750426,0.008862783026100284,0.0017473009343559835,0.0017473009343559835,1.766932433300664,,0.1320754716981132
eletrodomesticos,2018-05,63,6853,0.009193054136874362,5,1.130984098027959,0.00812836728023306,0.009988740743877959,0.0019675267743269613,0.0019675267743269613,-0.9455390838486979,,0.15873015873015872
eletrodomesticos,2018-06,67,6160,0.010876623376623377,6,1.6069871991658211,0.0067683323067348495,0.01015925385227629,0.001682680988167816,0.001682680988167816,-2.015189789024501,COLLAPSE,0.1044776119402985
eletrodomesticos,2018-07,79,6273,0.012593655348318189,7,1.4715938834961833,0.008557833441382914,0.00946974385055887,0.00242832999130242,0.00242832999130242,-0.37552985485587137,,0.05063291139240506
eletrodomesticos,2018-08,64,6452,0.009919404835709857,8,1.4324759916819945,0.0069246569529326785,0.008851169686525313,0.002202298304349061,0.002202298304349061,-0.8747737442235642,,0.125
eletrodomesticos_2,2017-01,7,789,0.008871989860583017,1,1.0,0.008871989860583017,,0.0,,,,0.0
eletrodomesticos_2,2017-02,1,1733,0.0005770340450086555,2,1.0,0.0005770340450086555,,0.0,,,,0.0
eletrodomesticos_2,2017-03,2,2641,0.0007572889057175312,3,1.0,0.0007572889057175312,0.004724511952795836,0.005865419506835419,0.005865419506835419,-0.6763749877489578,,0.5
eletrodomesticos_2,2017-04,2,2391,0.000836470096194061,4,1.0,0.000836470096194061,0.0034021042704364007,0.0047379171827578925,0.0047379171827578925,-0.5415109794614246,,0.5
eletrodomesticos_2,2017-05,9,3660,0.002459016393442623,5,1.0,0.002459016393442623,0.002760695726875816,0.004075642178372021,0.004075642178372021,-0.0740200734583859,,0.1111111111111111
eletrodomesticos_2,2017-06,6,3217,0.0018650917003419335,6,1.0,0.0018650917003419335,0.0011574523600907177,0.000874474081443637,0.000874474081443637,0.8092170543042284,,0.16666666666666666
eletrodomesticos_2,2017-07,7,3969,0.001763668430335097,7,1.0,0.001763668430335097,0.0014794667739240373,0.0008252695805761269,0.0008252695805761269,0.34437432700797754,,0.2857142857142857
eletrodomesticos_2,2017-08,17,4293,0.00395993477754484,8,1.0,0.00395993477754484,0.0017310616550784285,0.0006706313973065524,0.0006706313973065524,3.3235442471351684,,0.11764705882352941
eletrodomesticos_2,2017-09,5,4243,0.0011784115012962526,9,1.0,0.0011784115012962526,0.002511927825416123,0.0010128857862685536,0.0010128857862685536,-1.3165515225882596,,0.0
eletrodomesticos_2,2017-10,10,4568,0.0021891418563922942,10,1.0,0.0021891418563922942,0.002191776602379531,0.001217003395323664,0.001217003395323664,-0.0021649454696354145,,0.3
eletrodomesticos_2,2017-11,13,7451,0.0017447322507046035,11,1.0,0.0017447322507046035,0.002272789141392121,0.0011986552998319985,0.0011986552998319985,-0.44054107195081776,,0.23076923076923078
eletrodomesticos_2,2017-12,8,5624,0.001422475106685633,12,1.0,0.001422475106685633,0.002268055096484498,0.001201370622816099,0.001201370622816099,-0.7038460685985185,,0.125
eletrodomesticos_2,2018-01,12,7220,0.0016620498614958448,1,1.0,0.0016620498614958448,0.0016336901787696958,0.00043693912190403066,0.00043693912190403066,0.06490534105201481,,0.08333333333333333
eletrodomesticos_2,2018-02,21,6694,0.00313713773528533,2,1.0,0.00313713773528533,0.0017545997688195938,0.00032031051097802956,0.00032031051097802956,4.316242892699097,,0.23809523809523808
eletrodomesticos_2,2018-03,12,7188,0.001669449081803005,3,1.0,0.001669449081803005,0.0019915987385428525,0.0007758236110905294,0.0007758236110905294,-0.415235695504318,,0.16666666666666666
eletrodomesticos_2,2018-04,23,6934,0.003316988751081627,4,1.0,0.003316988751081627,0.001972777946317453,0.0007846713274181936,0.0007846713274181936,1.713087706654243,,0.043478260869565216
eletrodomesticos_2,2018-05,23,6853,0.0033561943674303226,5,1.0,0.0033561943674303226,0.0024464063574164514,0.0009044153288826888,0.0009044153288826888,1.0059405020675842,,0.13043478260869565
eletrodomesticos_2,2018-06,18,6160,0.002922077922077922,6,1.0,0.002922077922077922,0.002869942483900071,0.0008059919292563459,0.0008059919292563459,0.0646848141841251,,0.0
eletrodomesticos_2,2018-07,22,6273,0.0035070938944683563,7,1.0,0.0035070938944683563,0.002816177530598219,0.0007892255889617499,0.0007892255889617499,0.8754358367663404,,0.13636363636363635
eletrodomesticos_2,2018-08,15,6452,0.0023248605083694977,8,1.0,0.0023248605083694977,0.0032755887337645568,0.0002495167082076527,0.0002495167082076527,-3.81027880747707,,0.2
eletronicos,2016-10,2,308,0.006493506493506494,10,0.42830880920969916,0.015160805367249139,,0.0,,,,0.5
eletronicos,2017-01,11,789,0.01394169835234474,1,1.3370454414975006,0.010427243472540423,,0.0,,,,0.18181818181818182
eletronicos,2017-02,14,1733,0.008078476630121177,2,1.2081075120748173,0.006686885520848315,0.01279402441989478,0.0033471337149147745,0.0033471337149147745,-1.824587667900195,,0.14285714285714285
eletronicos,2017-03,32,2641,0.0121166224914805,3,1.0488735019775282,0.011552034128649476,0.010758311453545959,0.0042466497261773005,0.0042466497261773005,0.18690561413879564,,0.0625
eletronicos,2017-04,46,2391,0.019238812212463405,4,1.1047776820295514,0.017414193394204348,0.010956742122321839,0.003490012634046549,0.003490012634046549,1.850265872646804,,0.17391304347826086
eletronicos,2017-05,62,3660,0.016939890710382512,5,1.130124372124881,0.014989403934835785,0.01152008912906064,0.004445809049685472,0.004445809049685472,0.7803562337029724,,0.16129032258064516
eletronicos,2017-06,40,3217,0.012433944668946224,6,0.921725360119227,0.01348985848380896,0.01266062924463448,0.004652388665709208,0.004652388665709208,0.1782373096397509,,0.1
eletronicos,2017-07,85,3969,0.02141597379692618,7,1.0170791664960372,0.02105634890812565,0.01436137248537464,0.002474271452393775,0.002474271452393775,2.7058374764312316,SURGE,0.10588235294117647
eletronicos,2017-08,52,4293,0.0121127416724901,8,0.6766690700981787,0.01790053987650514,0.01673745118024369,0.0033021904398027858,0.0033021904398027858,0.35221732891059826,,0.11538461538461539
eletronicos,2017-09,65,4243,0.015319349516851285,9,0.6997831819705955,0.021891565718558516,0.016859037800818884,0.0033441016316383063,0.0033441016316383063,1.5048968219527918,,0.15384615384615385
eletronicos,2017-10,56,4568,0.012259194395796848,10,0.42830880920969916,0.028622326069867896,0.018584578246749566,0.0038065686339976944,0.0038065686339976944,2.636954377616618,SURGE,0.19642857142857142
eletronicos,2017-11,165,7451,0.02214467856663535,11,1.0115621171793234,0.021891565718558516,0.022367695143264303,0.0045100706713917214,0.0045100706713917214,-0.10557028024548942,,0.1696969696969697
eletronicos,2017-12,190,5624,0.033783783783783786,12,1.5432328695952375,0.021891565718558516,0.022576499345872515,0.004448028997334821,0.004448028997334821,-0.1539858727819441,,0.1368421052631579
eletronicos,2018-01,322,7220,0.044598337950138504,1,1.3370454414975006,0.033355887964576614,0.023574255806385863,0.0033653801756546933,0.0033653801756546933,2.906545961419605,SURGE,0.16770186335403728
eletronicos,2018-02,300,6694,0.044816253361219,2,1.2081075120748173,0.037096245916268714,0.026440336367890387,0.00559668240378207,0.00559668240378207,1.903968955104078,,0.18333333333333332
eletronicos,2018-03,243,7188,0.03380634390651085,3,1.0488735019775282,0.03223109730846756,0.028558816329490592,0.007848652997792884,0.007848652997792884,0.467886780063999,,0.2345679012345679
eletronicos,2018-04,202,6934,0.02913181424862994,4,1.1047776820295514,0.026368938042912692,0.03114369922696785,0.006509249832461235,0.006509249832461235,-0.7335347861813067,,0.1485148514851485
eletronicos,2018-05,223,6853,0.032540493214650516,5,1.130124372124881,0.02879372750228125,0.03226304230805639,0.004445809049685472,0.004445809049685472,-0.7803562337029716,,0.08520179372197309
eletronicos,2018-06,172,6160,0.02792207792207792,6,0.921725360119227,0.03029327295330807,0.031122502192482554,0.004652388665709207,0.004652388665709207,-0.17823730963975168,,0.0755813953488372
eletronicos,2018-07,145,6273,0.023114937031723258,7,1.0170791664960372,0.022726782528991383,0.029421758951742392,0.0024742714523937792,0.0024742714523937792,-2.7058374764312267,COLLAPSE,0.11724137931034483
eletronicos,2018-08,113,6452,0.017513949163050217,8,0.6766690700981787,0.025882591560611894,0.027045680256873348,0.00330219043980279,0.00330219043980279,-0.3522173289105988,,0.13274336283185842
eletroportateis,2017-01,6,789,0.0076045627376425855,1,1.0540680650458842,0.0072144892629031065,,0.0,,,,0.0
eletroportateis,2017-02,25,1733,0.014425851125216388,2,1.3459893871685185,0.010717655921168318,,0.0,,,,0.04
eletroportateis,2017-03,31,2641,0.011737978038621734,3,1.182237147822138,0.009928615472999548,0.008966072592035712,0.0024771128996859478,0.0024771128996859478,0.3885744897157767,,0.0
eletroportateis,2017-04,21,2391,0.00878293601003764,4,1.2515006069846535,0.00701792389154258,0.009286920219023657,0.0018376272086924074,0.0018376272086924074,-1.234742453065667,,0.23809523809523808
eletroportateis,2017-05,16,3660,0.004371584699453552,5,0.7059450993751195,0.0061925278655849325,0.008719671137153388,0.0018810463193699102,0.0018810463193699102,-1.3434774282511908,,0.0
eletroportateis,2017-06,23,3217,0.007149518184644078,6,1.017448602809694,0.007026908450117888,0.008464180787823844,0.0021965719604955095,0.0021965719604955095,-0.6543251773921996,,0.2608695652173913
eletroportateis,2017-07,33,3969,0.008314436885865457,7,1.0004305258549464,0.008310858846255334,0.007541493920061237,0.001638798595035585,0.001638798595035585,0.46946887099167356,,0.3333333333333333
eletroportateis,2017-08,32,4293,0.007453994875378523,8,0.8064743053875334,0.009242693568267709,0.007137054763375184,0.0008748850325582126,0.0008748850325582126,2.406760575998791,SURGE,0.09375
eletroportateis,2017-09,32,4243,0.007541833608296017,9,1.07377925523952,0.00702363504556038,0.007693247182556465,0.0013513442744183624,0.0013513442744183624,-0.495515576357694,,0.1875
eletroportateis,2017-10,30,4568,0.006567425569176883,10,0.9350465288381028,0.0070236350455603795,0.007901023977550329,0.0010804213998156988,0.0010804213998156988,-0.8120802976871957,,0.1
eletroportateis,2017-11,29,7451,0.003892095020802577,11,0.5541425480617419,0.007023635045560379,0.007900205626410951,0.0010813050613995363,0.0010813050613995363,-0.8106598333277241,,0.1724137931034483
eletroportateis,2017-12,28,5624,0.004978662873399715,12,0.7088441869636599,0.0070236350455603795,0.007578399676237212,0.0011095292613536646,0.0011095292613536646,-0.4999999999999998,,0.21428571428571427
eletroportateis,2018-01,52,7220,0.007202216066481994,1,1.0540680650458842,0.006832780828217652,0.00702363504556038,2.9103830456733704e-11,0.00021070905136681142,-0.9057713283065447,,0.09615384615384616
eletroportateis,2018-02,30,6694,0.0044816253361219,2,1.3459893871685185,0.00332961416995244,0.006975921491224698,9.542710867136888e-05,0.00020927764473674092,-17.42330063901044,COLLAPSE,0.16666666666666666
eletroportateis,2018-03,35,7188,0.004869226488592098,3,1.182237147822138,0.004118654618121212,0.006052416272322713,0.0018174296813309036,0.0018174296813309036,-1.0640090640455524,,0.2
eletroportateis,2018-04,61,6934,0.008797231035477358,4,1.2515006069846535,0.007029346199578179,0.0053261711654629205,0.0018793254417979641,0.0018793254417979641,0.9062693433691926,,0.06557377049180328
eletroportateis,2018-05,38,6853,0.005545016780971837,5,0.7059450993751195,0.007854742225535827,0.005327598953967371,0.001881046319369912,0.001881046319369912,1.3434774282511905,,0.18421052631578946
eletroportateis,2018-06,44,6160,0.007142857142857143,6,1.017448602809694,0.007020361641002872,0.005583089303296915,0.0021965719604955113,0.0021965719604955113,0.6543251773921995,,0.1590909090909091
eletroportateis,2018-07,36,6273,0.005738880918220947,7,1.0004305258549464,0.005736411244865428,0.006505776171059522,0.001638798595035586,0.001638798595035586,-0.46946887099167167,,0.1388888888888889
eletroportateis,2018-08,25,6452,0.003874767513949163,8,0.8064743053875334,0.004804576522853049,0.006910215327745576,0.0008748850325582128,0.0008748850325582128,-2.406760575998794,COLLAPSE,0.2
esporte_lazer,2016-10,19,308,0.06168831168831169,10,0.9940309378123938,0.06205874419167655,,0.0,,,,0.15789473684210525
esporte_lazer,2017-01,62,789,0.07858048162230671,1,1.0273903374502393,0.07648551748824743,,0.0,,,,0.1774193548387097
esporte_lazer,2017-02,139,1733,0.08020773225620312,2,1.0797853490796148,0.07428118220400973,0.06927213083996199,0.010201269228646274,0.010201269228646274,0.4910223670973976,,0.12949640287769784
esporte_lazer,2017-03,170,2641,0.06436955698599016,3,1.015236627783167,0.06340350143448344,0.0709418146279779,0.007771517148765238,0.007771517148765238,-0.9699924801288216,,0.10588235294117647
esporte_lazer,2017-04,198,2391,0.08281053952321205,4,1.0259638658013222,0.08071486948376436,0.06905723632960428,0.007380437700198046,0.007380437700198046,1.5795314082587886,,0.17676767676767677
esporte_lazer,2017-05,263,3660,0.07185792349726776,5,0.8822502076089007,0.08144846312025147,0.07372126765262624,0.00737837714232902,0.00737837714232902,1.0472757516412492,,0.13688212927756654
esporte_lazer,2017-06,250,3217,0.0777121541809139,6,0.8928797362120544,0.08703541029007926,0.07496200406062725,0.008351289582412392,0.008351289582412392,1.445693639324674,,0.072
esporte_lazer,2017-07,336,3969,0.08465608465608465,7,0.9675256146349154,0.08749751259870123,0.07815056108214463,0.010228524643221694,0.010228524643221694,0.9138122889258222,,0.1130952380952381
esporte_lazer,2017-08,380,4293,0.08851618914511997,8,1.0026521788958183,0.08828204935693591,0.08417406387319909,0.0035882930034953097,0.0035882930034953097,1.1448300012666992,,0.08947368421052632
esporte_lazer,2017-09,414,4243,0.09757247230732972,9,1.2572516313473814,0.07760775160240793,0.08606585884149197,0.0031209777388537994,0.0031209777388537994,-2.7100825275960907,COLLAPSE,0.10628019323671498
esporte_lazer,2017-10,423,4568,0.09260070052539404,10,0.9940309378123938,0.09315675901313931,0.08510568096203108,0.005025036474818024,0.005025036474818024,1.6021929574948592,,0.11583924349881797
esporte_lazer,2017-11,556,7451,0.07462085626090458,11,0.9615129251932782,0.07760775160240793,0.08663601814279609,0.006518723026225687,0.006518723026225687,-1.3849747111614106,,0.13309352517985612
esporte_lazer,2017-12,439,5624,0.07805832147937411,12,1.0058057329024874,0.07760775160240795,0.08416357789372278,0.007827235156037348,0.007827235156037348,-0.8375660320181075,,0.1366742596810934
esporte_lazer,2018-01,584,7220,0.08088642659279778,1,1.0273903374502393,0.07872998571656845,0.08149500345509078,0.0077745037053656854,0.0077745037053656854,-0.3556519931444651,,0.1780821917808219
esporte_lazer,2018-02,585,6694,0.08739169405437705,2,1.0797853490796148,0.08093432100080614,0.08177556198363091,0.007605885163710289,0.007605885163710289,-0.11060395532114507,,0.2188034188034188
esporte_lazer,2018-03,670,7188,0.09321090706733445,3,1.015236627783167,0.09181200177033243,0.07871995248054761,0.0015681741183093383,0.0023615985744164284,5.543723404821234,SURGE,0.25223880597014925
esporte_lazer,2018-04,530,6934,0.07643495817709836,4,1.0259638658013222,0.07450063372105152,0.08227101502252873,0.0065090217723961325,0.0065090217723961325,-1.1937863435071505,,0.12641509433962264
esporte_lazer,2018-05,446,6853,0.06508098642930103,5,0.8822502076089007,0.07376704008456439,0.08149423555218963,0.007378377142329007,0.007378377142329007,-1.047275751641251,,0.11210762331838565
esporte_lazer,2018-06,375,6160,0.060876623376623376,6,0.8928797362120544,0.0681800929147366,0.08025349914418863,0.008351289582412382,0.008351289582412382,-1.4456936393246773,,0.08533333333333333
esporte_lazer,2018-07,411,6273,0.06551889048302248,7,0.9675256146349154,0.06771799060611462,0.07706494212267123,0.010228524643221687,0.010228524643221687,-0.9138122889258242,,0.11192214111922141
esporte_lazer,2018-08,433,6452,0.0671109733415995,8,1.0026521788958183,0.06693345384787994,0.07104143933161679,0.0035882930034952945,0.0035882930034952945,-1.1448300012667116,,0.09006928406466513
fashion_bolsas_e_acessorios,2016-10,8,308,0.025974025974025976,10,0.35915874746365783,0.07231906826007128,,0.0,,,,0.375
fashion_bolsas_e_acessorios,2016-12,1,1,1.0,12,7.848423216968805,0.12741412795348936,,0.0,,,,0.0
fashion_bolsas_e_acessorios,2017-01,30,789,0.03802281368821293,1,0.41535772563652296,0.09154232927759832,0.09986659810678032,0.03895809031909355,0.03895809031909355,-0.2136724043966352,,0.1
fashion_bolsas_e_acessorios,2017-02,35,1733,0.020196191575302943,2,0.27209946471827595,0.07422356231466132,0.09709184183038633,0.027963623117105,0.027963623117105,-0.8177867159758982,,0.14285714285714285
fashion_bolsas_e_acessorios,2017-03,62,2641,0.023475956077243468,3,0.31808824968667293,0.07380327975135213,0.09137477195145507,0.02553525074400729,0.02553525074400729,-0.6881268712125996,,0.06451612903225806
fashion_bolsas_e_acessorios,2017-04,46,2391,0.019238812212463405,4,0.2529454587972957,0.07605913268393927,0.09174582482427529,0.02517428493327217,0.02517428493327217,-0.6231236431110442,,0.08695652173913043
fashion_bolsas_e_acessorios,2017-05,95,3660,0.025956284153005466,5,0.31473757965501414,0.08246960589026678,0.07890707600688776,0.00848026027723643,0.00848026027723643,0.4200967619993834,,0.11578947368421053
fashion_bolsas_e_acessorios,2017-06,77,3217,0.02393534348772148,6,0.2860241055028214,0.08368295897873326,0.07663889516005487,0.004008651462700419,0.004008651462700419,1.7572153339400514,,0.1038961038961039
fashion_bolsas_e_acessorios,2017-07,82,3969,0.020660115898211137,7,0.25168695416505005,0.08208655854551264,0.07900374432607286,0.004817427240887814,0.004817427240887814,0.6399295859155802,,0.12195121951219512
fashion_bolsas_e_acessorios,2017-08,89,4293,0.020731423247146517,8,0.3044021919036136,0.06810536782767632,0.081074564024613,0.003412162094965191,0.003412162094965191,-3.8008734157364183,COLLAPSE,0.14606741573033707
fashion_bolsas_e_acessorios,2017-09,103,4243,0.024275276926702803,9,0.3728251102630665,0.06511170052246239,0.07908612281054725,0.0073520621846616336,0.0073520621846616336,-1.900748652159015,,0.0970873786407767
fashion_bolsas_e_acessorios,2017-10,95,4568,0.020796847635726794,10,0.35915874746365783,0.057904332784853484,0.07474664646859615,0.009498609651714916,0.009498609651714916,-1.773134627203244,,0.10526315789473684
fashion_bolsas_e_acessorios,2017-11,185,7451,0.02482888202925782,11,0.3813275007414726,0.06511170052246239,0.0683019899201262,0.010138083526629673,0.010138083526629673,-0.3146836765828467,,0.23243243243243245
fashion_bolsas_e_acessorios,2017-12,124,5624,0.022048364153627313,12,7.848423216968805,0.002809273091435399,0.06405827541436365,0.004338562580930025,0.004338562580930025,-14.11734904831055,COLLAPSE,0.12096774193548387
fashion_bolsas_e_acessorios,2018-01,116,7220,0.016066481994459834,1,0.41535772563652296,0.03868107176732645,0.04773425173030341,0.030142084131697954,0.030142084131697954,-0.30035016568268674,,0.07758620689655173
fashion_bolsas_e_acessorios,2018-02,102,6694,0.015237526142814461,2,0.27209946471827595,0.05599983873026344,0.041126594541519436,0.027874573325446354,0.027874573325446354,0.5335774655666713,,0.12745098039215685
fashion_bolsas_e_acessorios,2018-03,129,7188,0.017946577629382305,3,0.31808824968667293,0.056420121293572635,0.04065047102787192,0.027506300078116875,0.027506300078116875,0.5733104859946809,,0.24806201550387597
fashion_bolsas_e_acessorios,2018-04,95,6934,0.013700605710989328,4,0.2529454587972957,0.054164268360985514,0.038477576220649484,0.0251742849332721,0.0251742849332721,0.6231236431110461,,0.09473684210526316
fashion_bolsas_e_acessorios,2018-05,103,6853,0.015029913906318401,5,0.31473757965501414,0.047753795154658,0.051316325038037014,0.00848026027723628,0.00848026027723628,-0.42009676199938994,,0.05825242718446602
fashion_bolsas_e_acessorios,2018-06,82,6160,0.013311688311688311,6,0.2860241055028214,0.04654044206619152,0.0535845058848699,0.004008651462700129,0.004008651462700129,-1.7572153339401748,,0.04878048780487805
fashion_bolsas_e_acessorios,2018-07,76,6273,0.012115415271799776,7,0.25168695416505005,0.04813684249941214,0.05121965671885191,0.004817427240887546,0.004817427240887546,-0.6399295859156144,,0.039473684210526314
fashion_bolsas_e_acessorios,2018-08,122,6452,0.018908865468071915,8,0.3044021919036136,0.06211803321724847,0.049148837020311795,0.003412162094964781,0.003412162094964781,3.8008734157368744,SURGE,0.12295081967213115
fashion_calcados,2016-10,1,308,0.003246753246753247,10,1.0,0.003246753246753247,,0.0,,,,0.0
fashion_calcados,2017-01,1,789,0.0012674271229404308,1,1.0,0.0012674271229404308,,0.0,,,,0.0
fashion_calcados,2017-02,2,1733,0.001154068090017311,2,1.0,0.001154068090017311,0.002257090184846839,0.0013995949243277262,0.0013995949243277262,-0.788100953823727,,0.0
fashion_calcados,2017-03,12,2641,0.004543733434305188,3,1.0,0.004543733434305188,0.0018894161532369963,0.0011768540931919613,0.0011768540931919613,2.255434464155987,,0.08333333333333333
fashion_calcados,2017-04,20,2391,0.008364700961940611,4,1.0,0.008364700961940611,0.002552995473504044,0.0016384974096977057,0.0016384974096977057,3.546972643373783,,0.0
fashion_calcados,2017-05,22,3660,0.006010928961748634,5,1.0,0.006010928961748634,0.003832482402300885,0.0034058917049377053,0.0034058917049377053,0.6396112231899614,,0.09090909090909091
fashion_calcados,2017-06,16,3217,0.004973577867578489,6,1.0,0.004973577867578489,0.005018357862002936,0.0030188967808230326,0.0030188967808230326,-0.014833231367466318,,0.25
fashion_calcados,2017-07,19,3969,0.004787100025195263,7,1.0,0.004787100025195263,0.005973235306393231,0.0017091244728025313,0.0017091244728025313,-0.6940016950626222,,0.10526315789473684
fashion_calcados,2017-08,18,4293,0.0041928721174004195,8,1.0,0.0041928721174004195,0.006034076954115749,0.0016443797076918893,0.0016443797076918893,-1.1196956688912874,,0.0
fashion_calcados,2017-09,13,4243,0.003063869903370257,9,1.0,0.003063869903370257,0.004991119742980702,0.0007569988720965842,0.0007569988720965842,-2.545908469153637,,0.15384615384615385
fashion_calcados,2017-10,16,4568,0.0035026269702276708,10,1.0,0.0035026269702276708,0.0042543549783861075,0.0008606458244187732,0.0008606458244187732,-0.8734464129493769,,0.1875
fashion_calcados,2017-11,18,7451,0.00241578311636022,11,1.0,0.00241578311636022,0.0038866172540484027,0.0007591712594612028,0.0007591712594612028,-1.9374207326184338,,0.16666666666666666
fashion_calcados,2017-12,12,5624,0.0021337126600284497,12,1.0,0.0021337126600284497,0.0032937880268396422,0.0007473778322688354,0.0007473778322688354,-1.5521939730129806,,0.08333333333333333
fashion_calcados,2018-01,7,7220,0.0009695290858725762,1,1.0,0.0009695290858725762,0.0027789981624966494,0.0006199755666051426,0.0006199755666051426,-2.9186135294530233,,0.2857142857142857
fashion_calcados,2018-02,10,6694,0.0014938751120406335,2,1.0,0.0014938751120406335,0.002255412958122229,0.0010407640903223145,0.0010407640903223145,-0.7317103397041252,,0.2
fashion_calcados,2018-03,12,7188,0.001669449081803005,3,1.0,0.001669449081803005,0.00175322499357547,0.0006494089023086756,0.0006494089023086756,-0.12900333129810526,,0.4166666666666667
fashion_calcados,2018-04,11,6934,0.0015863859244303433,4,1.0,0.0015863859244303433,0.001566641484936166,0.0004809633671891999,0.0004809633671891999,0.04105185725384008,,0.18181818181818182
fashion_calcados,2018-05,10,6853,0.0014592149423610099,5,1.0,0.0014592149423610099,0.0014298098010366396,0.0003151220758844604,0.0003151220758844604,0.09331349205490676,,0.0
fashion_calcados,2018-06,10,6160,0.0016233766233766235,6,1.0,0.0016233766233766235,0.0015522312651587479,9.480512328342643e-05,9.480512328342643e-05,0.7504379062424893,,0.0
fashion_calcados,2018-07,5,6273,0.0007970667941973537,7,1.0,0.0007970667941973537,0.0015846066429927453,9.023597810183732e-05,9.023597810183732e-05,-8.72755928801038,,0.0
fashion_calcados,2018-08,3,6452,0.00046497210167389957,8,1.0,0.00046497210167389957,0.0013665110710913326,0.00038608533396878447,0.00038608533396878447,-2.335076963815268,,0.0
fashion_esporte,2017-03,1,2641,0.0003786444528587656,3,1.0,0.0003786444528587656,,0.0,,,,0.0
fashion_esporte,2017-04,3,2391,0.0012547051442910915,4,1.0,0.0012547051442910915,,0.0,,,,0.0
fashion_esporte,2017-05,3,3660,0.000819672131147541,5,1.0,0.000819672131147541,0.0008166747985749285,0.0006194684556427733,0.0006194684556427733,0.00483855561216978,,0.0
fashion_esporte,2017-06,6,3217,0.0018650917003419335,6,1.0,0.0018650917003419335,0.0008176739094324661,0.0004380337640362192,0.0004380337640362192,2.3911804908784626,,0.16666666666666666
fashion_esporte,2017-07,1,3969,0.0002519526329050139,7,1.0,0.0002519526329050139,0.001079528357159833,0.0006341819345704954,0.0006341819345704954,-1.3049500137768841,,0.0
fashion_esporte,2017-08,2,4293,0.0004658746797111577,8,1.0,0.0004658746797111577,0.001047855402171395,0.000682200069911926,0.000682200069911926,-0.8530939062134262,,0.5
fashion_esporte,2017-09,2,4243,0.0004713646005185011,9,1.0,0.0004713646005185011,0.0008506477860264116,0.0007156680273705856,0.0007156680273705856,-0.5299708398339708,,0.0
fashion_esporte,2017-10,1,4568,0.00021891418563922942,10,1.0,0.00021891418563922942,0.0007635709033691516,0.0007414195586490697,0.0007414195586490697,-0.734613366178704,,1.0
fashion_esporte,2017-11,1,7451,0.00013421017313112335,11,1.0,0.00013421017313112335,0.0003520265246934756,0.0001353226482260458,0.0001353226482260458,-1.6096075152069684,,0.0
fashion_esporte,2017-12,1,5624,0.00017780938833570413,12,1.0,0.00017780938833570413,0.0003225909097500029,0.00017214336549377894,0.00017214336549377894,-0.8410519975545093,,0.0
fashion_esporte,2018-01,1,7220,0.00013850415512465375,1,1.0,0.00013850415512465375,0.00025057458690613956,0.00015120192022097015,0.00015120192022097015,-0.7411971462908895,,0.0
fashion_esporte,2018-03,1,7188,0.0001391207568169171,3,1.0,0.0001391207568169171,0.00016735947555767772,3.957522195060967e-05,3.957522195060967e-05,-0.7135454294104243,,0.0
fashion_esporte,2018-04,1,6934,0.00014421690222094028,4,1.0,0.00014421690222094028,0.00014741111835209962,2.038286748752174e-05,2.038286748752174e-05,-0.1567108324240845,,0.0
fashion_esporte,2018-08,1,6452,0.00015499070055796651,8,1.0,0.00015499070055796651,0.0001499128006245539,1.8773103687969033e-05,1.8773103687969033e-05,0.27048803531974625,,0.0
fashion_roupa_feminina,2016-10,1,308,0.003246753246753247,10,1.0,0.003246753246753247,,0.0,,,,0.0
fashion_roupa_feminina,2017-01,2,789,0.0025348542458808617,1,1.0,0.0025348542458808617,,0.0,,,,0.0
fashion_roupa_feminina,2017-02,4,1733,0.002308136180034622,2,1.0,0.002308136180034622,0.002890803746317054,0.0005033886110367914,0.0005033886110367914,-1.1574905619782616,,0.5
fashion_roupa_feminina,2017-03,1,2641,0.0003786444528587656,3,1.0,0.0003786444528587656,0.0026965812242229097,0.0004897624027287169,0.0004897624027287169,-4.732778094949167,,0.0
fashion_roupa_feminina,2017-04,1,2391,0.0004182350480970305,4,1.0,0.0004182350480970305,0.002117097031381874,0.0012260176153281455,0.0012260176153281455,-1.38567501971017,,1.0
fashion_roupa_feminina,2017-05,5,3660,0.001366120218579235,5,1.0,0.001366120218579235,0.00140996748171782,0.0011717846293262434,0.0011717846293262434,-0.03741921684345394,,0.4
fashion_roupa_feminina,2017-06,3,3217,0.0009325458501709667,6,1.0,0.0009325458501709667,0.0011177839748924131,0.0009154789632078026,0.0009154789632078026,-0.20234012158223627,,0.0
fashion_roupa_feminina,2017-07,4,3969,0.0010078105316200555,7,1.0,0.0010078105316200555,0.0007738863924264994,0.0004685501744345347,0.0004685501744345347,0.4992509915845517,,0.25
fashion_roupa_feminina,2017-08,4,4293,0.0009317493594223154,8,1.0,0.0009317493594223154,0.0009311779121168219,0.00039079390191681875,0.00039079390191681875,0.0014622728315119924,,0.0
fashion_roupa_feminina,2017-09,3,4243,0.0007070469007777516,9,1.0,0.0007070469007777516,0.0010595564899481432,0.00020746512088006732,0.00020746512088006732,-1.6991270034936257,,0.3333333333333333
fashion_roupa_feminina,2017-11,3,7451,0.00040263051939337,11,1.0,0.00040263051939337,0.0008947881604977723,0.00013014429214114567,0.00013014429214114567,-3.7816306271091893,,0.3333333333333333
fashion_roupa_feminina,2018-01,3,7220,0.0004155124653739612,1,1.0,0.0004155124653739612,0.0007623093278033732,0.0002716637299128401,0.0002716637299128401,-1.2765666676986192,,0.0
fashion_roupa_feminina,2018-02,1,6694,0.00014938751120406333,2,1.0,0.00014938751120406333,0.0006142348112418496,0.00025409743495110834,0.00025409743495110834,-1.8294057164615967,,0.0
fashion_roupa_feminina,2018-03,1,7188,0.0001391207568169171,3,1.0,0.0001391207568169171,0.00041864434918728653,0.00022799234490475238,0.00022799234490475238,-1.2260218319485467,,0.0
fashion_roupa_feminina,2018-04,1,6934,0.00014421690222094028,4,1.0,0.00014421690222094028,0.00027666281319707793,0.00015304020025763677,0.00015304020025763677,-0.8654321593487888,,0.0
fashion_roupa_feminina,2018-08,2,6452,0.00030998140111593303,8,1.0,0.00030998140111593303,0.00021205940890397045,0.0001357001174521741,0.0001357001174521741,0.7216058029314089,,0.0
fashion_roupa_infanto_juvenil,2017-05,1,3660,0.000273224043715847,5,1.0,0.000273224043715847,,0.0,,,,0.0
fashion_roupa_infanto_juvenil,2017-06,1,3217,0.00031084861672365556,6,1.0,0.00031084861672365556,,0.0,,,,0.0
fashion_roupa_infanto_juvenil,2017-08,1,4293,0.00023293733985557886,8,1.0,0.00023293733985557886,0.00029203633021975125,2.6604590713069793e-05,2.6604590713069793e-05,-2.221383181630356,,1.0
fashion_roupa_infanto_juvenil,2017-09,1,4243,0.00023568230025925054,9,1.0,0.00023568230025925054,0.0002723366667650271,3.896321783673879e-05,3.896321783673879e-05,-0.9407427964333794,,0.0
fashion_roupa_infanto_juvenil,2017-10,1,4568,0.00021891418563922942,10,1.0,0.00021891418563922942,0.000263173075138583,3.671476372587812e-05,3.671476372587812e-05,-1.205479349664397,,0.0
fashion_roupa_infanto_juvenil,2018-03,2,7188,0.0002782415136338342,3,1.0,0.0002782415136338342,0.0002495956106194286,4.149039561810429e-05,4.149039561810429e-05,0.6904225083336152,,0.0
fashion_roupa_infanto_juvenil,2018-06,1,6160,0.00016233766233766234,6,1.0,0.00016233766233766234,0.00024144383484697328,2.5607355683924927e-05,2.5607355683924927e-05,-3.089197240266788,,0.0
fashion_roupa_masculina,2016-10,1,308,0.003246753246753247,10,1.0,0.003246753246753247,,0.0,,,,1.0
fashion_roupa_masculina,2017-01,1,789,0.0012674271229404308,1,1.0,0.0012674271229404308,,0.0,,,,0.0
fashion_roupa_masculina,2017-02,7,1733,0.004039238315060588,2,1.0,0.004039238315060588,0.002257090184846839,0.0013995949243277262,0.0013995949243277262,1.2733313755548068,,0.14285714285714285
fashion_roupa_masculina,2017-03,7,2641,0.0026505111700113595,3,1.0,0.0026505111700113595,0.0028511395615847556,0.0014276263384058476,0.0014276263384058476,-0.14053284544849942,,0.2857142857142857
fashion_roupa_masculina,2017-04,6,2391,0.002509410288582183,4,1.0,0.002509410288582183,0.0028009824636914065,0.0011699605033004565,0.0011699605033004565,-0.24921540025214434,,0.3333333333333333
fashion_roupa_masculina,2017-05,3,3660,0.000819672131147541,5,1.0,0.000819672131147541,0.0026166467241486406,0.0011338440252263412,0.0011338440252263412,-1.584851666561794,,0.3333333333333333
fashion_roupa_masculina,2017-06,8,3217,0.0024867889337892445,6,1.0,0.0024867889337892445,0.002504707976200418,0.0013185105034422468,0.0013185105034422468,-0.013590367588572145,,0.375
fashion_roupa_masculina,2017-07,8,3969,0.002015621063240111,7,1.0,0.002015621063240111,0.002116595630882582,0.0008676448589733708,0.0008676448589733708,-0.11637776285789073,,0.125
fashion_roupa_masculina,2017-08,13,4293,0.003028185418122525,8,1.0,0.003028185418122525,0.00195787310418977,0.0007922082012487146,0.0007922082012487146,1.3510492724585281,,0.5384615384615384
fashion_roupa_masculina,2017-09,10,4243,0.0023568230025925053,9,1.0,0.0023568230025925053,0.0020875668865748555,0.0009410764717790561,0.0009410764717790561,0.28611502262790084,,0.6
fashion_roupa_masculina,2017-10,9,4568,0.001970227670753065,10,1.0,0.001970227670753065,0.0024718546044360966,0.0004207565891681186,0.0004207565891681186,-1.1922022057332544,,0.1111111111111111
fashion_roupa_masculina,2017-11,11,7451,0.0014763119044423566,11,1.0,0.0014763119044423566,0.0023427142886770515,0.0004884690313523113,0.0004884690313523113,-1.7737099562608645,,0.2727272727272727
fashion_roupa_masculina,2017-12,4,5624,0.0007112375533428165,12,1.0,0.0007112375533428165,0.002207886998977613,0.0006549186984811762,0.0006549186984811762,-2.285244640450304,,0.0
fashion_roupa_masculina,2018-01,5,7220,0.0006925207756232687,1,1.0,0.0006925207756232687,0.0016286500327826858,0.0007098741013967012,0.0007098741013967012,-1.3187257505486554,,0.2
fashion_roupa_masculina,2018-02,3,6694,0.00044816253361219,2,1.0,0.00044816253361219,0.0012125744760403767,0.0006232683627394709,0.0006232683627394709,-1.2264571541355684,,0.3333333333333333
fashion_roupa_masculina,2018-04,1,6934,0.00014421690222094028,4,1.0,0.00014421690222094028,0.000832058191755158,0.0004459099459978421,0.0004459099459978421,-1.5425565087923523,,1.0
fashion_roupa_masculina,2018-05,1,6853,0.00014592149423610097,5,1.0,0.00014592149423610097,0.0004990344411998039,0.0002651732511399751,0.0002651732511399751,-1.3316310956918793,,0.0
fashion_roupa_masculina,2018-06,6,6160,0.000974025974025974,6,1.0,0.000974025974025974,0.00035770542642312505,0.00026502426945448915,0.00026502426945448915,2.325524937287623,,0.0
fashion_roupa_masculina,2018-07,5,6273,0.0007970667941973537,7,1.0,0.0007970667941973537,0.0004280817260238013,0.0003910038343184467,0.0003910038343184467,0.9436865723240927,,0.0
fashion_roupa_masculina,2018-08,3,6452,0.00046497210167389957,8,1.0,0.00046497210167389957,0.0005153077911700922,0.00043357628751781817,0.00043357628751781817,-0.11609419367548801,,0.0
fashion_underwear_e_moda_praia,2017-01,2,789,0.0025348542458808617,1,1.0,0.0025348542458808617,,0.0,,,,0.5
fashion_underwear_e_moda_praia,2017-02,6,1733,0.003462204270051933,2,1.0,0.003462204270051933,,0.0,,,,0.16666666666666666
fashion_underwear_e_moda_praia,2017-03,6,2641,0.002271866717152594,3,1.0,0.002271866717152594,0.002998529257966397,0.0006557354906248735,0.0006557354906248735,-1.1081641167863905,,0.16666666666666666
fashion_underwear_e_moda_praia,2017-04,4,2391,0.001672940192388122,4,1.0,0.001672940192388122,0.0027563084110284624,0.0006253057915184479,0.0006253057915184479,-1.732541475442865,,0.25
fashion_underwear_e_moda_praia,2017-05,6,3660,0.001639344262295082,5,1.0,0.001639344262295082,0.0024854663563683775,0.0007443743880340019,0.0007443743880340019,-1.1366888862310587,,0.0
fashion_underwear_e_moda_praia,2017-06,1,3217,0.00031084861672365556,6,1.0,0.00031084861672365556,0.0022615888604719326,0.0008515238478664812,0.0008515238478664812,-2.290881516279216,,0.0
fashion_underwear_e_moda_praia,2017-07,3,3969,0.0007558578987150416,7,1.0,0.0007558578987150416,0.0014737499471398634,0.0008279348029631976,0.0008279348029631976,-0.8670876569694494,,0.0
fashion_underwear_e_moda_praia,2017-08,13,4293,0.003028185418122525,8,1.0,0.003028185418122525,0.0010947477425304753,0.0006733587563090106,0.0006733587563090106,2.871333679820415,,0.07692307692307693
fashion_underwear_e_moda_praia,2017-09,16,4243,0.0037709168041480086,9,1.0,0.0037709168041480086,0.001433559048964076,0.00119790628110765,0.00119790628110765,1.9512025206368258,,0.125
fashion_underwear_e_moda_praia,2017-10,3,4568,0.0006567425569176883,10,1.0,0.0006567425569176883,0.0019664521844273077,0.0016921319611020223,0.0016921319611020223,-0.7739996983785203,,0.0
fashion_underwear_e_moda_praia,2017-11,10,7451,0.0013421017313112334,11,1.0,0.0013421017313112334,0.0020529256694758156,0.0015847541556848824,0.0015847541556848824,-0.44853893306712034,,0.5
fashion_underwear_e_moda_praia,2017-12,13,5624,0.0023115220483641537,12,1.0,0.0023115220483641537,0.0021994866276248636,0.0014458333944117638,0.0014458333944117638,0.07748847216582076,,0.15384615384615385
fashion_underwear_e_moda_praia,2018-01,8,7220,0.00110803324099723,1,1.0,0.00110803324099723,0.002020320785185271,0.001350149530845666,0.001350149530845666,-0.67569370898987,,0.0
fashion_underwear_e_moda_praia,2018-02,7,6694,0.0010457125784284435,2,1.0,0.0010457125784284435,0.0013545998943975764,0.0006984879361583204,0.0006984879361583204,-0.4422228358989439,,0.42857142857142855
fashion_underwear_e_moda_praia,2018-03,5,7188,0.0006956037840845854,3,1.0,0.0006956037840845854,0.001451842399775265,0.0005871508272893507,0.0005871508272893507,-1.2879801586620294,,0.6
fashion_underwear_e_moda_praia,2018-04,6,6934,0.0008653014133256418,4,1.0,0.0008653014133256418,0.001290217912968603,0.0007046517372821985,0.0007046517372821985,-0.6030163230446857,,0.16666666666666666
fashion_underwear_e_moda_praia,2018-05,5,6853,0.0007296074711805049,5,1.0,0.0007296074711805049,0.0009286627542089751,0.00018637379640070654,0.00018637379640070654,-1.0680432918826113,,0.2
fashion_underwear_e_moda_praia,2018-06,3,6160,0.000487012987012987,6,1.0,0.000487012987012987,0.0008340563117547939,0.0001590107903151854,0.0001590107903151854,-2.1825143064436707,,0.0
fashion_underwear_e_moda_praia,2018-07,2,6273,0.0003188267176789415,7,1.0,0.0003188267176789415,0.0006943814139009298,0.0001564796898148448,0.0001564796898148448,-2.4000219879421087,,0.5
fashion_underwear_e_moda_praia,2018-08,2,6452,0.00030998140111593303,8,1.0,0.00030998140111593303,0.0006001871472995188,0.0002442725773917758,0.0002442725773917758,-1.188040627737514,,0.5
ferramentas_jardim,2016-10,5,308,0.016233766233766232,10,0.8724878953314823,0.018606293933279814,,0.0,,,,0.2
ferramentas_jardim,2017-01,40,789,0.050697084917617236,1,1.1015567075645019,0.04602312760611887,,0.0,,,,0.35
ferramentas_jardim,2017-02,63,1733,0.0363531448355453,2,0.9848672129686092,0.036911722064509406,0.03231471076969934,0.01938662900872817,0.01938662900872817,0.23712277635995488,,0.14285714285714285
ferramentas_jardim,2017-03,120,2641,0.045437334343051874,3,1.0261851187365738,0.044277911960946915,0.03384704786796936,0.013962981884584471,0.013962981884584471,0.7470369996321148,,0.16666666666666666
ferramentas_jardim,2017-04,98,2391,0.040987034713508994,4,1.0408781502349844,0.039377361033331254,0.03645476389121375,0.012537037402739858,0.012537037402739858,0.23311704737187725,,0.17346938775510204
ferramentas_jardim,2017-05,124,3660,0.033879781420765025,5,0.9291538104194292,0.03646304954125018,0.04164753066622661,0.004228723511503517,0.004228723511503517,-1.2260156311645674,,0.12903225806451613
ferramentas_jardim,2017-06,102,3217,0.03170655890581287,6,0.7694491974409887,0.04120682562443577,0.03925751115000944,0.003583784331935275,0.003583784331935275,0.5439262784470307,,0.10784313725490197
ferramentas_jardim,2017-07,159,3969,0.0400604686318972,7,0.897657386220982,0.044627793684789294,0.04033128703999103,0.0032769728028781,0.0032769728028781,1.3111206296935776,,0.0880503144654088
ferramentas_jardim,2017-08,196,4293,0.04565571861169346,8,0.8949260050842074,0.05101619391135864,0.040418757470951625,0.0034190236924851384,0.0034190236924851384,3.0995504546223853,SURGE,0.08163265306122448
ferramentas_jardim,2017-09,177,4243,0.041715767145887345,9,1.1620186970138051,0.03589939409158384,0.04332846569045847,0.006121674986113953,0.006121674986113953,-1.213568445846325,,0.0903954802259887
ferramentas_jardim,2017-10,212,4568,0.046409807355516634,10,0.8724878953314823,0.05319249424988786,0.04318755182804189,0.006335152009745591,0.006335152009745591,1.5792742473195607,,0.09905660377358491
ferramentas_jardim,2017-11,428,7451,0.05744195410012079,11,1.600081437407528,0.03589939409158384,0.046183968984404904,0.007760240254673516,0.007760240254673516,-1.3252907842160295,,0.1985981308411215
ferramentas_jardim,2017-12,243,5624,0.0432076813655761,12,1.2035768975751486,0.03589939409158384,0.04400186908610355,0.00939802365268021,0.00939802365268021,-0.8621466910448745,,0.1646090534979424
ferramentas_jardim,2018-01,205,7220,0.028393351800554016,1,1.1015567075645019,0.02577566057704881,0.04022266913115984,0.008646550079152012,0.008646550079152012,-1.6708407887377765,,0.12682926829268293
ferramentas_jardim,2018-02,230,6694,0.034359127576934566,2,0.9848672129686092,0.03488706611865827,0.03769173575252609,0.011382608647116843,0.011382608647116843,-0.24639954871664885,,0.21304347826086956
ferramentas_jardim,2018-03,203,7188,0.02824151363383417,3,1.0261851187365738,0.027520876222220766,0.03311537871971869,0.004916361182655362,0.004916361182655362,-1.1379356173494746,,0.26108374384236455
ferramentas_jardim,2018-04,234,6934,0.03374675511970003,4,1.0408781502349844,0.03242142714983642,0.03102074925237792,0.005115650757459286,0.005115650757459286,0.2738024865001046,,0.11538461538461539
ferramentas_jardim,2018-05,225,6853,0.03283233620312272,5,0.9291538104194292,0.035335738641917504,0.030151257516941064,0.004228723511503501,0.004228723511503501,1.2260156311645742,,0.08888888888888889
ferramentas_jardim,2018-06,145,6160,0.02353896103896104,6,0.7694491974409887,0.030591962558731905,0.032541277033158234,0.0035837843319352644,0.0035837843319352644,-0.5439262784470313,,0.08275862068965517
ferramentas_jardim,2018-07,153,6273,0.024390243902439025,7,0.897657386220982,0.027170994498378388,0.031467501143176646,0.0032769728028780865,0.0032769728028780865,-1.3111206296935818,,0.0784313725490196
ferramentas_jardim,2018-08,120,6452,0.018598884066955982,8,0.8949260050842074,0.020782594271809025,0.03138003071221605,0.003419023692485125,0.003419023692485125,-3.099550454622401,COLLAPSE,0.08333333333333333
flores,2017-11,6,7451,0.00080526103878674,11,1.0,0.00080526103878674,,0.0,,,,0.0
flores,2017-12,2,5624,0.00035561877667140827,12,1.0,0.00035561877667140827,,0.0,,,,0.0
flores,2018-01,7,7220,0.0009695290858725762,1,1.0,0.0009695290858725762,0.0005804399077290742,0.00031794509264981017,0.00031794509264981017,1.2237621750999979,,0.14285714285714285
flores,2018-02,4,6694,0.0005975500448162533,2,1.0,0.0005975500448162533,0.000710136300443575,0.0003178175637366666,0.0003178175637366666,-0.35424806075414694,,0.0
flores,2018-03,3,7188,0.00041736227045075126,3,1.0,0.00041736227045075126,0.0006819897365367445,0.0002655326447954223,0.0002655326447954223,-0.9965910831411088,,0.0
flores,2018-04,3,6934,0.0004326507066628209,4,1.0,0.0004326507066628209,0.0005850150444527473,0.00027612694821144325,0.00027612694821144325,-0.5517909018907272,,0.3333333333333333
flores,2018-05,1,6853,0.00014592149423610097,5,1.0,0.00014592149423610097,0.0006042730269506005,0.00025680539894655627,0.00025680539894655627,-1.784820469486652,,0.0
flores,2018-06,1,6160,0.00016233766233766234,6,1.0,0.00016233766233766234,0.0003983711290414816,0.00018702835034338882,0.00018702835034338882,-1.262019721985762,,0.0
flores,2018-07,2,6273,0.0003188267176789415,7,1.0,0.0003188267176789415,0.0002895680334218339,0.000156658773502417,0.000156658773502417,0.18676696876256443,,0.0
fraldas_higiene,2016-10,1,308,0.003246753246753247,10,1.0,0.003246753246753247,,0.0,,,,0.0
fraldas_higiene,2017-12,1,5624,0.00017780938833570413,12,1.0,0.00017780938833570413,,0.0,,,,1.0
fraldas_higiene,2018-01,1,7220,0.00013850415512465375,1,1.0,0.00013850415512465375,0.0017122813175444755,0.0021700710133678524,0.0021700710133678524,-0.7252191991530224,,1.0
fraldas_higiene,2018-02,1,6694,0.00014938751120406333,2,1.0,0.00014938751120406333,0.0011876889300712016,0.0017833102984378285,0.0017833102984378285,-0.5822326152530412,,0.0
fraldas_higiene,2018-03,2,7188,0.0002782415136338342,3,1.0,0.0002782415136338342,0.000928113575354417,0.001545848593097544,0.001545848593097544,-0.420398261914112,,0.5
fraldas_higiene,2018-04,4,6934,0.0005768676088837611,4,1.0,0.0005768676088837611,0.00018598564207456385,6.369696944269625e-05,6.369696944269625e-05,6.136586563366201,,0.0
fraldas_higiene,2018-05,3,6853,0.00043776448270830295,5,1.0,0.00043776448270830295,0.0002857501972115781,0.00020419101086419878,0.00020419101086419878,0.7444709972949051,,0.0
fraldas_higiene,2018-06,7,6160,0.0011363636363636363,6,1.0,0.0011363636363636363,0.0003605652791074904,0.00018629695553218007,0.00018629695553218007,4.164310442111,,0.14285714285714285
fraldas_higiene,2018-07,4,6273,0.000637653435357883,7,1.0,0.000637653435357883,0.0006073093103973837,0.00037320961066474273,0.00037320961066474273,0.08130585090360293,,0.25
fraldas_higiene,2018-08,3,6452,0.00046497210167389957,8,1.0,0.00046497210167389957,0.0006971622908283957,0.00030451992773382645,0.00030451992773382645,-0.7624794570339187,,0.0
industria_comercio_e_negocios,2016-10,3,308,0.00974025974025974,10,1.0,0.00974025974025974,,0.0,,,,0.0
industria_comercio_e_negocios,2017-02,1,1733,0.0005770340450086555,2,1.0,0.0005770340450086555,,0.0,,,,0.0
industria_comercio_e_negocios,2017-03,2,2641,0.0007572889057175312,3,1.0,0.0007572889057175312,0.005158646892634198,0.006479379026654858,0.006479379026654858,-0.679287007105213,,0.0
industria_comercio_e_negocios,2017-05,2,3660,0.000546448087431694,5,1.0,0.000546448087431694,0.003691527563661975,0.005239131002547955,0.005239131002547955,-0.6003055611132323,,0.0
industria_comercio_e_negocios,2017-06,2,3217,0.0006216972334473111,6,1.0,0.0006216972334473111,0.0029052576946044053,0.004557617469964323,0.004557617469964323,-0.501042589951054,,0.0
industria_comercio_e_negocios,2017-07,2,3969,0.0005039052658100278,7,1.0,0.0005039052658100278,0.0006256170679012979,9.306068908341268e-05,9.306068908341268e-05,-1.3078755733495244,,0.0
industria_comercio_e_negocios,2017-08,3,4293,0.0006988120195667365,8,1.0,0.0006988120195667365,0.0006073348731016411,0.00011120157916472515,0.00011120157916472515,0.8226245270275209,,0.0
industria_comercio_e_negocios,2017-09,2,4243,0.0004713646005185011,9,1.0,0.0004713646005185011,0.0005927156515639423,8.587654608087461e-05,8.587654608087461e-05,-1.413087234914622,,0.0
industria_comercio_e_negocios,2017-10,5,4568,0.0010945709281961471,10,1.0,0.0010945709281961471,0.000573944779835644,0.00010535709293901768,0.00010535709293901768,4.941538664718564,,0.0
industria_comercio_e_negocios,2017-11,7,7451,0.0009394712119178633,11,1.0,0.0009394712119178633,0.0006921632035228531,0.00028645491665768666,0.00028645491665768666,0.8633400720803236,,0.14285714285714285
industria_comercio_e_negocios,2017-12,9,5624,0.001600284495021337,12,1.0,0.001600284495021337,0.000801054690049812,0.00027353246875176364,0.00027353246875176364,2.9218827608244293,,0.2222222222222222
industria_comercio_e_negocios,2018-01,16,7220,0.00221606648199446,1,1.0,0.00221606648199446,0.0010264228089134622,0.0004653355763571969,0.0004653355763571969,2.5565285216185876,,0.125
industria_comercio_e_negocios,2018-02,29,6694,0.004332237824917837,2,1.0,0.004332237824917837,0.0014625982792824518,0.0005761301607159158,0.0005761301607159158,4.980887551641957,SURGE,0.1724137931034483
industria_comercio_e_negocios,2018-03,26,7188,0.003617139677239844,3,1.0,0.003617139677239844,0.0022720150034628746,0.0014690748952378883,0.0014690748952378883,0.9156270236032811,,0.2692307692307692
industria_comercio_e_negocios,2018-04,46,6934,0.006633977502163254,4,1.0,0.006633977502163254,0.0029414321197933696,0.001253761470207171,0.001253761470207171,2.945173759215722,SURGE,0.06521739130434782
industria_comercio_e_negocios,2018-05,35,6853,0.005107252298263534,5,1.0,0.005107252298263534,0.004199855371578849,0.0018454856270929767,0.0018454856270929767,0.4916846348535501,,0.14285714285714285
industria_comercio_e_negocios,2018-06,20,6160,0.003246753246753247,6,1.0,0.003246753246753247,0.0049226518256461176,0.0012930150253689697,0.0012930150253689697,-1.2961168633091813,,0.0
industria_comercio_e_negocios,2018-07,13,6273,0.0020723736649131195,7,1.0,0.0020723736649131195,0.00465128068110497,0.001547163181396911,0.001547163181396911,-1.666861677682501,,0.15384615384615385
industria_comercio_e_negocios,2018-08,9,6452,0.0013949163050216986,8,1.0,0.0013949163050216986,0.0042650891780232885,0.002013775889855428,0.002013775889855428,-1.4252692603284889,,0.1111111111111111
informatica_acessorios,2016-10,18,308,0.05844155844155844,10,0.9128708456752745,0.0640195255642409,,0.0,,,,0.4444444444444444
informatica_acessorios,2017-01,24,789,0.030418250950570342,1,0.8795892981183703,0.03458233406845842,,0.0,,,,0.125
informatica_acessorios,2017-02,97,1733,0.05597230236583958,2,1.3770073333331312,0.04064778814964999,0.04930092981634966,0.020815237725754762,0.020815237725754762,-0.41571188283826854,,0.17525773195876287
informatica_acessorios,2017-03,150,2641,0.05679666792881484,3,1.143146859046371,0.04968448933691286,0.0464165492607831,0.015543359172258532,0.015543359172258532,0.21024670664255843,,0.17333333333333334
informatica_acessorios,2017-04,119,2391,0.049769970723546636,4,0.9345405439752219,0.05325608508309536,0.04723353427981554,0.012795853533750014,0.012795853533750014,0.47066424974269155,,0.15966386554621848
informatica_acessorios,2017-05,260,3660,0.07103825136612021,5,1.023195108137179,0.06942786454037285,0.04454267415952916,0.008499809899855404,0.008499809899855404,2.9277349345503634,SURGE,0.12307692307692308
informatica_acessorios,2017-06,219,3217,0.06807584706248057,6,0.9859765667503064,0.06904408213965235,0.05325405677750776,0.012017374673014142,0.012017374673014142,1.3139330171341168,,0.1872146118721461
informatica_acessorios,2017-07,272,3969,0.06853111615016377,7,1.0227373018306003,0.06700754536624384,0.060353130275008354,0.010361328682857277,0.010361328682857277,0.6422356914750863,,0.14338235294117646
informatica_acessorios,2017-08,296,4293,0.06894945259725134,8,1.0064944481443703,0.06850455332800934,0.0646838942823411,0.007692218349609844,0.007692218349609844,0.49669144478484856,,0.125
informatica_acessorios,2017-09,216,4243,0.05090737685599812,9,0.7996197145981964,0.06366448441254195,0.06849601134356958,0.0010621261552606898,0.0020548803403070874,-2.3512449052413413,COLLAPSE,0.12037037037037036
informatica_acessorios,2017-10,264,4568,0.05779334500875657,10,0.9128708456752745,0.063309443260843,0.06705516631161187,0.002419056316655357,0.002419056316655357,-1.5484232528938353,,0.13636363636363635
informatica_acessorios,2017-11,439,7451,0.058918266004563145,11,0.9254495115797435,0.06366448441254195,0.06562150659190953,0.0025435300026992644,0.0025435300026992644,-0.76941187141128,,0.1776765375854214
informatica_acessorios,2017-12,252,5624,0.04480796586059744,12,0.7038141638004098,0.06366448441254195,0.06478574135348406,0.00248485095565314,0.00248485095565314,-0.4512371007167236,,0.15873015873015872
informatica_acessorios,2018-01,589,7220,0.08157894736842106,1,0.8795892981183703,0.09274663475662548,0.06357572412461722,0.00017752057585053083,0.0019072717237385165,15.294575109009239,SURGE,0.16808149405772496
informatica_acessorios,2018-02,799,6694,0.11936062145204661,2,1.3770073333331312,0.08668118067543393,0.0708462617106381,0.014601207966209298,0.014601207966209298,1.0844937625326367,,0.26282853566958697
informatica_acessorios,2018-03,638,7188,0.0887590428491931,3,1.143146859046371,0.07764447948817105,0.07668919606428583,0.015242127159617116,0.015242127159617116,0.0626738915035542,,0.22100313479623823
informatica_acessorios,2018-04,480,6934,0.06922411306605133,4,0.9345405439752219,0.07407288374198853,0.0801841948331931,0.012640895383371608,0.012640895383371608,-0.4834555548370137,,0.15
informatica_acessorios,2018-05,406,6853,0.059244126659857,5,1.023195108137179,0.05790110428471104,0.08278629466555475,0.008499809899855423,0.008499809899855423,-2.9277349345503585,COLLAPSE,0.1625615763546798
informatica_acessorios,2018-06,354,6160,0.057467532467532466,6,0.9859765667503064,0.05828488668543157,0.07407491204757613,0.012017374673014157,0.012017374673014157,-1.3139330171341128,,0.1440677966101695
informatica_acessorios,2018-07,387,6273,0.06169296987087518,7,1.0227373018306003,0.060321423458840076,0.06697583855007555,0.010361328682857272,0.010361328682857272,-0.6422356914750853,,0.13178294573643412
informatica_acessorios,2018-08,382,6452,0.05920644761314321,8,1.0064944481443703,0.05882441549707457,0.0626450745427428,0.007692218349609835,0.007692218349609835,-0.4966914447848492,,0.08900523560209424
instrumentos_musicais,2017-01,1,789,0.0012674271229404308,1,0.6972568004576678,0.0018177336127930379,,0.0,,,,0.0
instrumentos_musicais,2017-02,7,1733,0.004039238315060588,2,0.8396179435337073,0.004810805136036768,,0.0,,,,0.0
instrumentos_musicais,2017-03,9,2641,0.0034078000757288905,3,0.8938832827232401,0.003812354634653121,0.003314269374414903,0.002116421170661991,0.002116421170661991,0.2353431666356006,,0.5555555555555556
instrumentos_musicais,2017-04,16,2391,0.006691760769552488,4,1.2691374824312467,0.005272683899252028,0.003480297794494309,0.001523914562774215,0.001523914562774215,1.1761723055489175,,0.1875
instrumentos_musicais,2017-05,19,3660,0.005191256830601093,5,1.162121223689354,0.004467052769349271,0.003928394320683738,0.0015334185285027985,0.0015334185285027985,0.35127947044664243,,0.15789473684210525
instrumentos_musicais,2017-06,17,3217,0.0052844264843021444,6,1.0852906579453379,0.004869134775661454,0.004590724109822798,0.0006149955156552469,0.0006149955156552469,0.45270357059762284,,0.23529411764705882
instrumentos_musicais,2017-07,28,3969,0.007054673721340388,7,1.048128832237634,0.006730731475327774,0.004605306519728968,0.0006225979727097395,0.0006225979727097395,3.41379999415722,SURGE,0.21428571428571427
instrumentos_musicais,2017-08,24,4293,0.005590496156533892,8,0.9902401439367443,0.005645596364442087,0.005334900729897632,0.000986967140732512,0.000986967140732512,0.3147983572318946,,0.125
instrumentos_musicais,2017-09,24,4243,0.0056563752062220125,9,0.9628028434428421,0.0058749049660007675,0.005428128846195146,0.0009966957622218522,0.0009966957622218522,0.4482572684062186,,0.125
instrumentos_musicais,2017-10,22,4568,0.004816112084063047,10,0.8197770197024185,0.0058749049660007675,0.005780091895358021,0.0007660802941232708,0.0007660802941232708,0.12376388137127882,,0.13636363636363635
instrumentos_musicais,2017-11,44,7451,0.0059052476177694265,11,1.0051647902296732,0.0058749049660007675,0.006031534442942849,0.0004785012283603312,0.0004785012283603312,-0.32733348977765425,,0.22727272727272727
instrumentos_musicais,2017-12,41,5624,0.007290184921763869,12,1.2409026127152023,0.0058749049660007675,0.005817577815611098,0.00011465430077932929,0.00017452733446833292,0.32847089863778,,0.21951219512195122
instrumentos_musicais,2018-01,50,7220,0.006925207756232687,1,0.6972568004576678,0.009932076319208498,0.0058749049660007675,0.0,0.00017624714898002302,23.019784301121355,SURGE,0.12
instrumentos_musicais,2018-02,39,6694,0.0058261129369584705,2,0.8396179435337073,0.0069390047959647675,0.0068891978043027005,0.0020285856766038644,0.0020285856766038644,0.024552569919280356,,0.15384615384615385
instrumentos_musicais,2018-03,51,7188,0.0070951585976627716,3,0.8938832827232401,0.007937455297348413,0.0071552227617937,0.0019179931529702736,0.0019179931529702736,0.40783906571476486,,0.17647058823529413
instrumentos_musicais,2018-04,57,6934,0.008220363426593597,4,1.2691374824312467,0.006477126032749506,0.007670860344630611,0.0017267733704458984,0.0017267733704458984,-0.6913091968593722,,0.07017543859649122
instrumentos_musicais,2018-05,58,6853,0.008463446665693857,5,1.162121223689354,0.007282757162652264,0.007821415611317795,0.0015334185285027977,0.0015334185285027977,-0.3512794704466415,,0.08620689655172414
instrumentos_musicais,2018-06,46,6160,0.007467532467532467,6,1.0852906579453379,0.006880675156340082,0.007159085822178737,0.0006149955156552443,0.0006149955156552443,-0.45270357059762334,,0.06521739130434782
instrumentos_musicais,2018-07,33,6273,0.0052606408417025345,7,1.048128832237634,0.005019078456673759,0.007144503412272566,0.0006225979727097369,0.0006225979727097369,-3.4137999941572357,COLLAPSE,0.09090909090909091
instrumentos_musicais,2018-08,39,6452,0.006044637321760695,8,0.9902401439367443,0.006104213567559447,0.006414909202103903,0.0009869671407325125,0.0009869671407325125,-0.3147983572318953,,0.05128205128205128
la_cuisine,2017-05,1,3660,0.000273224043715847,5,1.0,0.000273224043715847,,0.0,,,,0.0
la_cuisine,2017-07,4,3969,0.0010078105316200555,7,1.0,0.0010078105316200555,,0.0,,,,0.0
la_cuisine,2017-08,2,4293,0.0004658746797111577,8,1.0,0.0004658746797111577,0.0006405172876679513,0.0005194310869650757,0.0005194310869650757,-0.3362190141086719,,0.0
la_cuisine,2017-10,1,4568,0.00021891418563922942,10,1.0,0.00021891418563922942,0.0005823030850156868,0.000380881880934466,0.000380881880934466,-0.9540724239360222,,0.0
la_cuisine,2017-11,1,7451,0.00013421017313112335,11,1.0,0.00013421017313112335,0.0004914558601715724,0.0003601761761466548,0.0003601761761466548,-0.9918637341937562,,0.0
la_cuisine,2018-01,1,7220,0.00013850415512465375,1,1.0,0.00013850415512465375,0.0004567023925253915,0.0003934246114706852,0.0003934246114706852,-0.8087908791757104,,0.0
la_cuisine,2018-03,1,7188,0.0001391207568169171,3,1.0,0.0001391207568169171,0.00023937579840154107,0.00015594370564110655,0.00015594370564110655,-0.6428925179920624,,0.0
la_cuisine,2018-04,1,6934,0.00014421690222094028,4,1.0,0.00014421690222094028,0.0001576873176779809,4.0876303584405024e-05,4.0876303584405024e-05,-0.3295409387794986,,1.0
livros_importados,2017-02,1,1733,0.0005770340450086555,2,1.0,0.0005770340450086555,,0.0,,,,1.0
livros_importados,2017-04,1,2391,0.0004182350480970305,4,1.0,0.0004182350480970305,,0.0,,,,1.0
livros_importados,2017-06,1,3217,0.00031084861672365556,6,1.0,0.00031084861672365556,0.000497634546552843,0.00011228784756183161,0.00011228784756183161,-1.6634563212758462,,0.0
livros_importados,2017-08,1,4293,0.00023293733985557886,8,1.0,0.00023293733985557886,0.0004353725699431138,0.00013391766705362642,0.00013391766705362642,-1.5116394613301556,,0.0
livros_importados,2017-09,3,4243,0.0007070469007777516,9,1.0,0.0007070469007777516,0.0003847637624212301,0.00014899988801295207,0.00014899988801295207,2.1629757086025894,,0.0
livros_importados,2017-11,3,7451,0.00040263051939337,11,1.0,0.00040263051939337,0.00041726697636350416,0.00020758582475688473,0.00020758582475688473,-0.07050797898785101,,0.0
livros_importados,2017-12,3,5624,0.0005334281650071124,12,1.0,0.0005334281650071124,0.000413365844187589,0.00020770815848262492,0.00020770815848262492,0.5780337262465636,,0.0
livros_importados,2018-01,6,7220,0.0008310249307479224,1,1.0,0.0008310249307479224,0.0004690107312584532,0.00020078828188408728,0.00020078828188408728,1.8029647750980593,,0.3333333333333333
livros_importados,2018-02,3,6694,0.00044816253361219,2,1.0,0.00044816253361219,0.0006185326289815391,0.0001887187018948093,0.0001887187018948093,-0.9027727175884901,,0.0
livros_importados,2018-03,2,7188,0.0002782415136338342,3,1.0,0.0002782415136338342,0.0005538115371901487,0.0001925964343114506,0.0001925964343114506,-1.430815812045025,,0.0
livros_importados,2018-04,4,6934,0.0005768676088837611,4,1.0,0.0005768676088837611,0.0005227142857502648,0.00023129716894127863,0.00023129716894127863,0.2341287763329464,,0.0
livros_importados,2018-05,9,6853,0.0013132934481249088,5,1.0,0.0013132934481249088,0.000533574146719427,0.000232981537149294,0.000232981537149294,3.3466999614902515,,0.0
livros_importados,2018-06,9,6160,0.001461038961038961,6,1.0,0.001461038961038961,0.0006541412760636736,0.00045613619285953785,0.00045613619285953785,1.7689841271239857,,0.0
livros_importados,2018-07,6,6273,0.0009564801530368245,7,1.0,0.0009564801530368245,0.0009073603829203664,0.0005704844861099962,0.0005704844861099962,0.08610185081700412,,0.5
livros_importados,2018-08,1,6452,0.00015499070055796651,8,1.0,0.00015499070055796651,0.0010769200427711138,0.00039495904167634213,0.00039495904167634213,-2.3342403766733932,,0.0
livros_interesse_geral,2016-10,1,308,0.003246753246753247,10,0.5053660961191387,0.006424556913663304,,0.0,,,,0.0
livros_interesse_geral,2017-01,2,789,0.0025348542458808617,1,0.8164840087704123,0.0031045975409833646,,0.0,,,,0.0
livros_interesse_geral,2017-02,8,1733,0.004616272360069244,2,0.9048045776251427,0.005101955133986678,0.0047645772273233345,0.0023475657856858218,0.0023475657856858218,0.14371393071090488,,0.25
livros_interesse_geral,2017-03,20,2641,0.007572889057175312,3,1.243984280446651,0.006087608321269362,0.004877036529544449,0.0016713688530750849,0.0016713688530750849,0.7242995999941191,,0.15
livros_interesse_geral,2017-04,12,2391,0.005018820577164366,4,1.1344950717548392,0.004423836385116459,0.0051796794774756775,0.0014928787328792091,0.0014928787328792091,-0.5062990554507247,,0.0
livros_interesse_geral,2017-05,19,3660,0.005191256830601093,5,1.2773774563086266,0.004063995966863874,0.004679499345338966,0.0012525865271575682,0.0012525865271575682,-0.49138591636605194,,0.05263157894736842
livros_interesse_geral,2017-06,20,3217,0.006216972334473112,6,1.1702855772466165,0.0053123549117815,0.004919348951809093,0.0008898195331463187,0.0008898195331463187,0.44166928835870223,,0.05
livros_interesse_geral,2017-07,12,3969,0.0030234315948601664,7,0.7086725093210513,0.00426633114039768,0.004971948896257799,0.0009101974245342839,0.0009101974245342839,-0.7752359398524542,,0.0
livros_interesse_geral,2017-08,29,4293,0.006755182855811786,8,1.2001906345639028,0.005628424902904134,0.004516629601039878,0.0005505499908465738,0.0005505499908465738,2.0194266103876646,SURGE,0.10344827586206896
livros_interesse_geral,2017-09,15,4243,0.003535234503888758,9,0.7149114871575724,0.004944996083283752,0.004817776730486797,0.0007689897518374425,0.0007689897518374425,0.16543699378694493,,0.2
livros_interesse_geral,2017-10,8,4568,0.0017513134851138354,10,0.5053660961191387,0.003465435252904199,0.005038026759591766,0.0005853758730161317,0.0005853758730161317,-2.6864645079832834,,0.125
livros_interesse_geral,2017-11,38,7451,0.005099986578982687,11,1.0313428955430057,0.004944996083283752,0.004576296844872442,0.0009261038086815408,0.0009261038086815408,0.398118693557922,,0.18421052631578946
livros_interesse_geral,2017-12,37,5624,0.006578947368421052,12,1.3304251929866575,0.004944996083283752,0.004745963080593959,0.0009124543198871707,0.0009124543198871707,0.2181292787505292,,0.08108108108108109
livros_interesse_geral,2018-01,40,7220,0.00554016620498615,1,0.8164840087704123,0.00678539462558414,0.004575105875688864,0.0007397804151897751,0.0007397804151897751,2.987763266655651,SURGE,0.025
livros_interesse_geral,2018-02,29,6694,0.004332237824917837,2,0.9048045776251427,0.004788037032580828,0.005035205511263961,0.0013593645674491643,0.0013593645674491643,-0.1818264831979124,,0.1724137931034483
livros_interesse_geral,2018-03,34,7188,0.0047301057317751805,3,1.243984280446651,0.003802383845298143,0.005365855956183118,0.0009492472118528942,0.0009492472118528942,-1.6470652653623679,,0.11764705882352941
livros_interesse_geral,2018-04,43,6934,0.006201326795500433,4,1.1344950717548392,0.005466155781451046,0.005080202896686716,0.001244205520929066,0.001244205520929066,0.31020026697529296,,0.11627906976744186
livros_interesse_geral,2018-05,51,6853,0.00744199620604115,5,1.2773774563086266,0.005825996199703631,0.005210492821228539,0.0012525865271575684,0.0012525865271575684,0.4913859163660519,,0.09803921568627451
livros_interesse_geral,2018-06,33,6160,0.005357142857142857,6,1.1702855772466165,0.0045776372547860055,0.004970643214758412,0.0008898195331463186,0.0008898195331463186,-0.4416692883587013,,0.030303030303030304
livros_interesse_geral,2018-07,25,6273,0.003985333970986769,7,0.7086725093210513,0.005623661026169826,0.0049180432703097065,0.0009101974245342836,0.0009101974245342836,0.7752359398524554,,0.08
livros_interesse_geral,2018-08,33,6452,0.005114693118412895,8,1.2001906345639028,0.00426156726366337,0.005373362565527627,0.000550549990846576,0.000550549990846576,-2.019426610387658,COLLAPSE,0.09090909090909091
livros_tecnicos,2016-10,1,308,0.003246753246753247,10,1.0,0.003246753246753247,,0.0,,,,1.0
livros_tecnicos,2017-02,1,1733,0.0005770340450086555,2,1.0,0.0005770340450086555,,0.0,,,,0.0
livros_tecnicos,2017-03,2,2641,0.0007572889057175312,3,1.0,0.0007572889057175312,0.0019118936458809512,0.0018877765514175371,0.0018877765514175371,-0.611621507480016,,0.0
livros_tecnicos,2017-04,1,2391,0.0004182350480970305,4,1.0,0.0004182350480970305,0.0015270253991598113,0.0014920525647722862,0.0014920525647722862,-0.7431308904535826,,1.0
livros_tecnicos,2017-05,3,3660,0.000819672131147541,5,1.0,0.000819672131147541,0.001249827811394116,0.0013384697411652057,0.0013384697411652057,-0.3213787110884574,,0.3333333333333333
livros_tecnicos,2017-06,2,3217,0.0006216972334473111,6,1.0,0.0006216972334473111,0.0006430575324926895,0.00018179271481207936,0.00018179271481207936,-0.11749810253650005,,0.0
livros_tecnicos,2017-07,2,3969,0.0005039052658100278,7,1.0,0.0005039052658100278,0.0006542233296023534,0.0001777115967437268,0.0001777115967437268,-0.8458539934740184,,0.0
livros_tecnicos,2017-08,9,4293,0.0020964360587002098,8,1.0,0.0020964360587002098,0.0005908774196254776,0.00017384516571817703,0.00017384516571817703,8.660342281334504,,0.0
livros_tecnicos,2017-09,8,4243,0.0018854584020740043,9,1.0,0.0018854584020740043,0.0010104276722762724,0.0007356353703157906,0.0007356353703157906,1.1894897460165657,,0.125
livros_tecnicos,2017-10,6,4568,0.0013134851138353765,10,1.0,0.0013134851138353765,0.001276874240007888,0.0008304204160090946,0.0008304204160090946,0.044087155279052735,,0.0
livros_tecnicos,2017-11,5,7451,0.0006710508656556167,11,1.0,0.0006710508656556167,0.0014498212101049044,0.0007120943360416825,0.0007120943360416825,-1.093633673283005,,0.2
livros_tecnicos,2017-12,4,5624,0.0007112375533428165,12,1.0,0.0007112375533428165,0.0014916076100663018,0.00063926439316436,0.00063926439316436,-1.2207313047120487,,0.25
livros_tecnicos,2018-01,16,7220,0.00221606648199446,1,1.0,0.00221606648199446,0.0011453079837269536,0.0005742946808755993,0.0005742946808755993,1.8644757368028775,,0.0
livros_tecnicos,2018-02,23,6694,0.0034359127576934568,2,1.0,0.0034359127576934568,0.0012279600037070674,0.0007212994837217106,0.0007212994837217106,3.061076298840461,,0.17391304347826086
livros_tecnicos,2018-03,16,7188,0.0022259321090706734,3,1.0,0.0022259321090706734,0.0017585669146715876,0.001329459148071375,0.001329459148071375,0.35154535968787376,,0.25
livros_tecnicos,2018-04,23,6934,0.003316988751081627,4,1.0,0.003316988751081627,0.0021472872255253518,0.0011156029800007108,0.0011156029800007108,1.0484926506341259,,0.13043478260869565
livros_tecnicos,2018-05,55,6853,0.008025682182985553,5,1.0,0.008025682182985553,0.002798725024960054,0.0006688767197680996,0.0006688767197680996,7.814529947817127,SURGE,0.12727272727272726
livros_tecnicos,2018-06,26,6160,0.0042207792207792205,6,1.0,0.0042207792207792205,0.004251128950207827,0.0025746112783995084,0.0025746112783995084,-0.011788082217783758,,0.07692307692307693
livros_tecnicos,2018-07,28,6273,0.004463574047505181,7,1.0,0.004463574047505181,0.004447345565979269,0.002521124717852823,0.002521124717852823,0.0064370006810823225,,0.17857142857142858
livros_tecnicos,2018-08,28,6452,0.0043397396156230625,8,1.0,0.0043397396156230625,0.005006756050587895,0.002072199699580395,0.002072199699580395,-0.3218881052342101,,0.03571428571428571
malas_acessorios,2017-01,4,789,0.005069708491761723,1,0.9931201982296115,0.005104828701298446,,0.0,,,,0.25
malas_acessorios,2017-02,20,1733,0.01154068090017311,2,0.820487756909817,0.014065634499701123,,0.0,,,,0.05
malas_acessorios,2017-03,35,2641,0.013252555850056797,3,0.9203902986768613,0.01439884347880292,0.009585231600499785,0.006336246544946267,0.006336246544946267,0.7596945358987695,,0.02857142857142857
malas_acessorios,2017-04,47,2391,0.019657047260560435,4,1.2135443602790195,0.016198045909125946,0.011189768893267496,0.005272345769277539,0.005272345769277539,0.9499143711404813,,0.06382978723404255
malas_acessorios,2017-05,64,3660,0.017486338797814208,5,1.067483564936665,0.01638089744159358,0.012441838147232109,0.004980207118260563,0.004980207118260563,0.7909428665965335,,0.109375
malas_acessorios,2017-06,60,3217,0.018650917003419334,6,1.0931709647279524,0.017061299289138018,0.015260855332305891,0.0011978366302255036,0.0011978366302255036,1.5030797284043453,,0.1
malas_acessorios,2017-07,72,3969,0.018140589569160998,7,1.1945581336520188,0.015186024905879926,0.016009771529665116,0.0011363657712876985,0.0011363657712876985,-0.7248956670454296,,0.09722222222222222
malas_acessorios,2017-08,55,4293,0.012811553692056837,8,1.000320337057651,0.012807450990890406,0.016206566886434366,0.0007751423877417488,0.0007751423877417488,-4.385150327602043,COLLAPSE,0.07272727272727272
malas_acessorios,2017-09,41,4243,0.009662974310629272,9,0.8682363794186758,0.011129428044813185,0.015358918156875482,0.0018692618822426603,0.0018692618822426603,-2.2626525219612015,COLLAPSE,0.024390243902439025
malas_acessorios,2017-10,52,4568,0.01138353765323993,10,1.0228322252862916,0.011129428044813183,0.014046050807680384,0.0026097306499921727,0.0026097306499921727,-1.1175953207569327,,0.038461538461538464
malas_acessorios,2017-11,65,7451,0.008723661253523017,11,0.7838373381270601,0.011129428044813185,0.012563082996599176,0.0019192249318979698,0.0019192249318979698,-0.7469968360447538,,0.12307692307692308
malas_acessorios,2017-12,45,5624,0.008001422475106686,12,0.7189428282287794,0.011129428044813185,0.01154893378133249,0.0008390114730386248,0.0008390114730386248,-0.49999999999999256,,0.08888888888888889
malas_acessorios,2018-01,123,7220,0.01703601108033241,1,0.9931201982296115,0.01715402738832792,0.011129428044813185,1.6334484331778112e-10,0.00033388284134439555,18.04405197720372,SURGE,0.13008130081300814
malas_acessorios,2018-02,45,6694,0.00672243800418285,2,0.820487756909817,0.008193221589925246,0.012635577880691869,0.00301229967175737,0.00301229967175737,-1.474739161052645,,0.28888888888888886
malas_acessorios,2018-03,52,7188,0.007234279354479688,3,0.9203902986768613,0.007860012610823447,0.011901526266969885,0.00376530489854291,0.00376530489854291,-1.0733562792512272,,0.11538461538461539
malas_acessorios,2018-04,51,6934,0.007355062013267955,4,1.2135443602790195,0.0060608101805004234,0.01108417240847245,0.004304958017028418,0.004304958017028418,-1.1668783314731375,,0.0196078431372549
malas_acessorios,2018-05,43,6853,0.006274624252152342,5,1.067483564936665,0.00587795864803279,0.009817017942394259,0.004980207118260567,0.004980207118260567,-0.7909428665965326,,0.09302325581395349
malas_acessorios,2018-06,35,6160,0.005681818181818182,6,1.0931709647279524,0.0051975568004883526,0.006998000757320476,0.0011978366302255374,0.0011978366302255374,-1.5030797284043007,,0.02857142857142857
malas_acessorios,2018-07,53,6273,0.008448908018491949,7,1.1945581336520188,0.0070728311837464425,0.006249084559961253,0.001136365771287737,0.001136365771287737,0.7248956670454043,,0.11320754716981132
malas_acessorios,2018-08,61,6452,0.009454432734035957,8,1.000320337057651,0.00945140509873596,0.006052289203192002,0.0007751423877418077,0.0007751423877418077,4.385150327601708,SURGE,0.11475409836065574
market_place,2016-10,7,308,0.022727272727272728,10,1.0,0.022727272727272728,,0.0,,,,0.14285714285714285
market_place,2017-01,6,789,0.0076045627376425855,1,1.0,0.0076045627376425855,,0.0,,,,0.16666666666666666
market_place,2017-02,19,1733,0.010963646855164455,2,1.0,0.010963646855164455,0.015165917732457656,0.010693370783585017,0.010693370783585017,-0.3929790673436617,,0.2631578947368421
market_place,2017-03,17,2641,0.006436955698599016,3,1.0,0.006436955698599016,0.013765160773359923,0.00794106098282824,0.00794106098282824,-0.9228244299606094,,0.11764705882352941
market_place,2017-04,20,2391,0.008364700961940611,4,1.0,0.008364700961940611,0.011933109504669696,0.007447546380728525,0.007447546380728525,-0.47913881435673844,,0.2
market_place,2017-05,21,3660,0.005737704918032787,5,1.0,0.005737704918032787,0.008342466563336667,0.0019189019605280236,0.0019189019605280236,-1.3574229944437228,,0.0
market_place,2017-06,15,3217,0.0046627292508548334,6,1.0,0.0046627292508548334,0.007875752108434218,0.0023391982847097794,0.0023391982847097794,-1.3735572903679771,,0.13333333333333333
market_place,2017-07,12,3969,0.0030234315948601664,7,1.0,0.0030234315948601664,0.006300522707356811,0.0015576239488331977,0.0015576239488331977,-2.1039039075840384,,0.16666666666666666
market_place,2017-08,22,4293,0.005124621476822734,8,1.0,0.005124621476822734,0.005447141681422099,0.0022424876510057485,0.0022424876510057485,-0.14382251088638803,,0.09090909090909091
market_place,2017-09,11,4243,0.002592505302851756,9,1.0,0.002592505302851756,0.00463712181014263,0.0011624099899640286,0.0011624099899640286,-1.7589460904014993,,0.09090909090909091
market_place,2017-10,10,4568,0.0021891418563922942,10,1.0,0.0021891418563922942,0.0038508219063473725,0.0012314888393030565,0.0012314888393030565,-1.3493261139869381,,0.2
market_place,2017-11,11,7451,0.0014763119044423566,11,1.0,0.0014763119044423566,0.003232425057731738,0.0013066525535156016,0.0013066525535156016,-1.3439786640790528,,0.0
market_place,2017-12,12,5624,0.0021337126600284497,12,1.0,0.0021337126600284497,0.0028456451351272856,0.0015878584101801836,0.0015878584101801836,-0.4483601752740969,,0.16666666666666666
market_place,2018-01,11,7220,0.0015235457063711912,1,1.0,0.0015235457063711912,0.0020979179309287142,0.00046210164388301356,0.00046210164388301356,-1.2429564624161609,,0.18181818181818182
market_place,2018-02,19,6694,0.0028383627128772035,2,1.0,0.0028383627128772035,0.001830678031808573,0.0003830717587209091,0.0003830717587209091,2.6305376424336977,,0.21052631578947367
market_place,2018-03,15,7188,0.002086811352253756,3,1.0,0.002086811352253756,0.0019929832459298,0.0006381724139525415,0.0006381724139525415,0.14702626480331316,,0.26666666666666666
market_place,2018-04,15,6934,0.002163253533314104,4,1.0,0.002163253533314104,0.00214560810788265,0.0005386616545561301,0.0005386616545561301,0.0327579015179656,,0.0
market_place,2018-05,12,6853,0.0017510579308332118,5,1.0,0.0017510579308332118,0.0021529933262040635,0.0005386467079103049,0.0005386467079103049,-0.7461948424973606,,0.25
market_place,2018-06,7,6160,0.0011363636363636363,6,1.0,0.0011363636363636363,0.0022098713823195688,0.00045564171988400756,0.00045564171988400756,-2.3560347946830125,,0.14285714285714285
market_place,2018-07,4,6273,0.000637653435357883,7,1.0,0.000637653435357883,0.0017843716131911772,0.0004676342747007133,0.0004676342747007133,-2.452168799148,,0.0
market_place,2018-08,8,6452,0.0012399256044637321,8,1.0,0.0012399256044637321,0.001422082133967209,0.0006719433411650508,0.0006719433411650508,-0.2710891206803898,,0.25
moveis_colchao_e_estofado,2017-04,1,2391,0.0004182350480970305,4,1.0,0.0004182350480970305,,0.0,,,,0.0
moveis_colchao_e_estofado,2017-05,3,3660,0.000819672131147541,5,1.0,0.000819672131147541,,0.0,,,,0.0
moveis_colchao_e_estofado,2017-07,1,3969,0.0002519526329050139,7,1.0,0.0002519526329050139,0.0006189535896222858,0.00028385888364476316,0.00028385888364476316,-1.2928993167483789,,1.0
moveis_colchao_e_estofado,2017-08,2,4293,0.0004658746797111577,8,1.0,0.0004658746797111577,0.0004966199373831952,0.00029186383866880444,0.00029186383866880444,-0.10534109950813728,,0.0
moveis_colchao_e_estofado,2017-09,1,4243,0.00023568230025925054,9,1.0,0.00023568230025925054,0.0004889336229651858,0.00023880114027991978,0.00023880114027991978,-1.0605113627559617,,0.0
moveis_colchao_e_estofado,2017-11,2,7451,0.0002684203462622467,11,1.0,0.0002684203462622467,0.00044329543600574075,0.0002719586496296244,0.0002719586496296244,-0.6430208782903332,,0.5
moveis_colchao_e_estofado,2017-12,8,5624,0.001422475106685633,12,1.0,0.001422475106685633,0.0003054824897844172,0.00010776017988606658,0.00010776017988606658,10.365541502271038,,0.125
moveis_colchao_e_estofado,2018-01,9,7220,0.0012465373961218836,1,1.0,0.0012465373961218836,0.000598113108229572,0.0005589016354527136,0.0005589016354527136,1.1601760430832955,,0.1111111111111111
moveis_colchao_e_estofado,2018-02,6,6694,0.00089632506722438,2,1.0,0.00089632506722438,0.0007932787873322536,0.0006292115702179308,0.0006292115702179308,0.1637704784361099,,0.6666666666666666
moveis_colchao_e_estofado,2018-03,4,7188,0.0005564830272676684,3,1.0,0.0005564830272676684,0.0009584394790735358,0.0005093505921942695,0.0005093505921942695,-0.7891547746597273,,0.25
moveis_colchao_e_estofado,2018-07,1,6273,0.00015941335883947074,7,1.0,0.00015941335883947074,0.0010304551493248914,0.00038427925425904807,0.00038427925425904807,-2.2666896035408644,,0.0
moveis_cozinha_area_de_servico_jantar_e_jardim,2017-01,1,789,0.0012674271229404308,1,1.0,0.0012674271229404308,,0.0,,,,0.0
moveis_cozinha_area_de_servico_jantar_e_jardim,2017-02,2,1733,0.001154068090017311,2,1.0,0.001154068090017311,,0.0,,,,0.0
moveis_cozinha_area_de_servico_jantar_e_jardim,2017-03,3,2641,0.001135933358576297,3,1.0,0.001135933358576297,0.001210747606478871,8.015694088868718e-05,8.015694088868718e-05,-0.9333470947508774,,0.0
moveis_cozinha_area_de_servico_jantar_e_jardim,2017-04,8,2391,0.003345880384776244,4,1.0,0.003345880384776244,0.0011858095238446796,7.126213217919817e-05,7.126213217919817e-05,30.311622665173385,,0.125
moveis_cozinha_area_de_servico_jantar_e_jardim,2017-05,9,3660,0.002459016393442623,5,1.0,0.002459016393442623,0.0017258272390775708,0.0010816016173788563,0.0010816016173788563,0.6778735743219915,,0.1111111111111111
moveis_cozinha_area_de_servico_jantar_e_jardim,2017-06,4,3217,0.0012433944668946222,6,1.0,0.0012433944668946222,0.0020237245567031187,0.0010773502368248507,0.0010773502368248507,-0.7243049318003334,,0.0
moveis_cozinha_area_de_servico_jantar_e_jardim,2017-07,9,3969,0.0022675736961451248,7,1.0,0.0022675736961451248,0.0020460561509224465,0.001053987425125852,0.001053987425125852,0.21017095644782274,,0.0
moveis_cozinha_area_de_servico_jantar_e_jardim,2017-08,7,4293,0.001630561378989052,8,1.0,0.001630561378989052,0.0023289662353146536,0.0008627982651930824,0.0008627982651930824,-0.8094648361043103,,0.14285714285714285
moveis_cozinha_area_de_servico_jantar_e_jardim,2017-09,5,4243,0.0011784115012962526,9,1.0,0.0011784115012962526,0.0019001364838678555,0.00056312747885385,0.00056312747885385,-1.2816369466475885,,0.2
moveis_cozinha_area_de_servico_jantar_e_jardim,2017-10,14,4568,0.003064798598949212,10,1.0,0.003064798598949212,0.001579985260831263,0.000499963547676313,0.000499963547676313,2.969843191606538,,0.21428571428571427
moveis_cozinha_area_de_servico_jantar_e_jardim,2017-11,28,7451,0.0037578848476714534,11,1.0,0.0037578848476714534,0.00203533629384491,0.00081891995547773,0.00081891995547773,2.103439465975239,SURGE,0.14285714285714285
moveis_cozinha_area_de_servico_jantar_e_jardim,2017-12,16,5624,0.002844950213371266,12,1.0,0.002844950213371266,0.0024079140817264925,0.0012069068118694686,0.0012069068118694686,0.3621125735199187,,0.0625
moveis_cozinha_area_de_servico_jantar_e_jardim,2018-01,20,7220,0.002770083102493075,1,1.0,0.002770083102493075,0.002711511290322046,0.0010936042022067145,0.0010936042022067145,0.053558510522216655,,0.05
moveis_cozinha_area_de_servico_jantar_e_jardim,2018-02,16,6694,0.0023902001792650133,2,1.0,0.0023902001792650133,0.0031094291906212518,0.0004500338971709082,0.0004500338971709082,-1.5981663067551082,,0.25
moveis_cozinha_area_de_servico_jantar_e_jardim,2018-03,12,7188,0.001669449081803005,3,1.0,0.001669449081803005,0.002940779585700202,0.0005799767954875082,0.0005799767954875082,-2.1920368431784603,,0.25
moveis_cozinha_area_de_servico_jantar_e_jardim,2018-04,19,6934,0.0027401211421978658,4,1.0,0.0027401211421978658,0.00241867064423309,0.0005376952370598775,0.0005376952370598775,0.5978302871389936,,0.10526315789473684
moveis_cozinha_area_de_servico_jantar_e_jardim,2018-05,10,6853,0.0014592149423610099,5,1.0,0.0014592149423610099,0.0023924633764397397,0.0005119301293168293,0.0005119301293168293,-1.8229996256015437,,0.2
moveis_cozinha_area_de_servico_jantar_e_jardim,2018-06,22,6160,0.0035714285714285713,6,1.0,0.0035714285714285713,0.0020647463364067238,0.0006013816095184028,0.0006013816095184028,2.505367991263361,,0.36363636363636365
moveis_cozinha_area_de_servico_jantar_e_jardim,2018-07,21,6273,0.003347680535628886,7,1.0,0.003347680535628886,0.0023600534344476133,0.00098324726386376,0.00098324726386376,1.004454461739666,,0.047619047619047616
moveis_cozinha_area_de_servico_jantar_e_jardim,2018-08,19,6452,0.002944823310601364,8,1.0,0.002944823310601364,0.0027796112979040833,0.0009477487820497101,0.0009477487820497101,0.17432046954465547,,0.05263157894736842
moveis_cozinha_area_de_servico_jantar_e_jardim,2018-09,1,1,1.0,9,1.0,1.0,0.002830786840004958,0.0009504285093112192,0.0009504285093112192,1049.1785582932998,,1.0
moveis_decoracao,2016-09,1,3,0.3333333333333333,9,2.26296600426416,0.1472993110392403,,0.0,,,,1.0
moveis_decoracao,2016-10,49,308,0.1590909090909091,10,1.2354248615238632,0.1287742492851202,,0.0,,,,0.20408163265306123
moveis_decoracao,2017-01,135,789,0.17110266159695817,1,1.3488220702411395,0.12685339702839293,0.13803678016218024,0.013099196788237859,0.013099196788237859,-0.8537457154494529,,0.17777777777777778
moveis_decoracao,2017-02,220,1733,0.12694748990190421,2,1.0088743114310823,0.12583082794707098,0.13430898578425113,0.011290873793504642,0.011290873793504642,-0.7508858917595392,,0.18636363636363637
moveis_decoracao,2017-03,264,2641,0.09996213555471413,3,0.9116256695177334,0.10965261169926899,0.1321894463249561,0.010146871969163768,0.010146871969163768,-2.221062283448171,COLLAPSE,0.1893939393939394
moveis_decoracao,2017-04,167,2391,0.0698452530322041,4,0.7749604520001041,0.09012750631588967,0.12277777148996327,0.008834769243144849,0.008834769243144849,-3.6956556844320385,COLLAPSE,0.20359281437125748
moveis_decoracao,2017-05,231,3660,0.06311475409836066,5,0.7386314613267655,0.0854482342046342,0.11311608574765565,0.01723222588829744,0.01723222588829744,-1.6055877936123704,,0.1774891774891775
moveis_decoracao,2017-06,179,3217,0.05564190239353435,6,0.6057738060408565,0.09185260544227225,0.10276479504171596,0.018610465137150062,0.018610465137150062,-0.5863469568882983,,0.11173184357541899
moveis_decoracao,2017-07,246,3969,0.06198034769463341,7,0.6602198276271791,0.09387834945428694,0.09427023941551628,0.010605852858683228,0.010605852858683228,-0.03695034868492356,,0.12601626016260162
moveis_decoracao,2017-08,327,4293,0.07617051013277429,8,0.7306732974687098,0.10424701490618822,0.09032667385427076,0.003595446560234207,0.003595446560234207,3.8716584487381978,SURGE,0.15902140672782875
moveis_decoracao,2017-09,273,4243,0.0643412679707754,9,2.26296600426416,0.028432273330459067,0.0938565510018454,0.007803371162260038,0.007803371162260038,-8.38410429428272,COLLAPSE,0.14652014652014653
moveis_decoracao,2017-10,265,4568,0.058012259194395795,10,1.2354248615238632,0.04695733508457911,0.07960256078330162,0.03454277142590523,0.03454277142590523,-0.9450667781172978,,0.16226415094339622
moveis_decoracao,2017-11,540,7451,0.0724734934908066,11,0.8248203503172068,0.08786579218484968,0.06837874319387834,0.036475379892918505,0.036475379892918505,0.5342521187765517,,0.25925925925925924
moveis_decoracao,2017-12,306,5624,0.05440967283072546,12,0.6192361267996066,0.08786579218484968,0.06687560387651903,0.03517497909361735,0.03517497909361735,0.5967363406944968,,0.18627450980392157
moveis_decoracao,2018-01,476,7220,0.06592797783933518,1,1.3488220702411395,0.04887818734130642,0.06278029819618439,0.0299372509933607,0.0299372509933607,-0.46437499748928496,,0.16596638655462184
moveis_decoracao,2018-02,337,6694,0.050343591275769345,2,1.0088743114310823,0.04990075642262836,0.06789177669889622,0.02307733386701129,0.02307733386701129,-0.7795970011070368,,0.27299703264094954
moveis_decoracao,2018-03,433,7188,0.0602392877017251,3,0.9116256695177334,0.06607897267043038,0.06862763203340853,0.02221823611220467,0.02221823611220467,-0.11471024747901366,,0.2586605080831409
moveis_decoracao,2018-04,460,6934,0.06633977502163253,4,0.7749604520001041,0.08560407805380967,0.06318092715480371,0.018245296473434425,0.018245296473434425,1.2289825452633552,,0.1282608695652174
moveis_decoracao,2018-05,457,6853,0.06668612286589815,5,0.7386314613267655,0.09028335016506515,0.0626154986220437,0.017232225888297432,0.017232225888297432,1.605587793612371,,0.15098468271334792
moveis_decoracao,2018-06,313,6160,0.050811688311688315,6,0.6057738060408565,0.0838789789274271,0.0729667893279834,0.018610465137150048,0.018610465137150048,0.5863469568882987,,0.14376996805111822
moveis_decoracao,2018-07,339,6273,0.05404112864658058,7,0.6602198276271791,0.08185323491541241,0.08146134495418308,0.010605852858683179,0.010605852858683179,0.036950348684922425,,0.0855457227138643
moveis_decoracao,2018-08,337,6452,0.05223186608803472,8,0.7306732974687098,0.07148456946351113,0.08540491051542859,0.0035954465602340466,0.0035954465602340466,-3.8716584487383705,COLLAPSE,0.11275964391691394
moveis_escritorio,2016-10,6,308,0.01948051948051948,10,1.222796751735926,0.01593111811334487,,0.0,,,,0.6666666666666666
moveis_escritorio,2017-01,7,789,0.008871989860583017,1,0.8229533277809744,0.010780671954393336,,0.0,,,,0.7142857142857143
moveis_escritorio,2017-02,53,1733,0.030582804385458743,2,1.461557322404147,0.020924806654283278,0.013355895033869102,0.003641915405130836,0.003641915405130836,2.0782777133567887,SURGE,0.24528301886792453
moveis_escritorio,2017-03,60,2641,0.022718667171525937,3,1.5312021087153402,0.014837144647473493,0.01587886557400716,0.0050722692109427935,0.0050722692109427935,-0.2053757171023736,,0.31666666666666665
moveis_escritorio,2017-04,48,2391,0.020075282308657464,4,1.1482789509268576,0.017482931558096815,0.015618435342373744,0.004174115345920222,0.004174115345920222,0.44668056850547483,,0.10416666666666667
moveis_escritorio,2017-05,42,3660,0.011475409836065573,5,0.8339302663253345,0.013760634791001534,0.01600638870356173,0.004283544527004684,0.004283544527004684,-0.5242746744903254,,0.11904761904761904
moveis_escritorio,2017-06,45,3217,0.013988187752564501,6,0.8389349889218141,0.016673744613443644,0.01675137941271378,0.0031917347222079812,0.0031917347222079812,-0.02432370044100343,,0.15555555555555556
moveis_escritorio,2017-07,96,3969,0.02418745275888133,7,1.2158779821010461,0.019892993470516863,0.01568861390250387,0.0016962863077382279,0.0016962863077382279,2.478578969147592,SURGE,0.11458333333333333
moveis_escritorio,2017-08,46,4293,0.010715117633356627,8,0.5103552609766031,0.020995409379835617,0.016952576108264714,0.0025293983173050247,0.0025293983173050247,1.5983379303732537,,0.17391304347826086
moveis_escritorio,2017-09,37,4243,0.008720245109592269,9,0.6166200916957295,0.014142006118566867,0.017830695563699414,0.0032747730908292885,0.0032747730908292885,-1.126395430407803,,0.1891891891891892
moveis_escritorio,2017-10,69,4568,0.01510507880910683,10,1.222796751735926,0.012352894123788864,0.017926038395590746,0.003118604949656433,0.003118604949656433,-1.7870632419844834,,0.2463768115942029
moveis_escritorio,2017-11,76,7451,0.010199973157965374,11,0.7212536235982783,0.014142006118566865,0.016845825773177052,0.004242693743959183,0.004242693743959183,-0.6372884346083028,,0.39473684210526316
moveis_escritorio,2017-12,39,5624,0.006934566145092461,12,0.4903523649299058,0.014142006118566867,0.015408078935189555,0.003819175150189026,0.003819175150189026,-0.33150425598051586,,0.23076923076923078
moveis_escritorio,2018-01,104,7220,0.014404432132963989,1,0.8229533277809744,0.017503340282740393,0.013694728119872365,0.0008945559973890084,0.0008945559973890084,4.257544719374127,SURGE,0.28846153846153844
moveis_escritorio,2018-02,72,6694,0.01075590080669256,2,1.461557322404147,0.007359205582850455,0.014535061660915748,0.002151086427491467,0.002151086427491467,-3.3359217864777113,COLLAPSE,0.3472222222222222
moveis_escritorio,2018-03,148,7188,0.020589872008903727,3,1.5312021087153402,0.013446867589660242,0.013286639525681144,0.004257477439269068,0.004257477439269068,0.037634506879878245,,0.25675675675675674
moveis_escritorio,2018-04,86,6934,0.012402653591000866,4,1.1482789509268576,0.01080108067903692,0.013112854893454488,0.0042249875371936215,0.0042249875371936215,-0.5471671085574671,,0.23255813953488372
moveis_escritorio,2018-05,83,6853,0.012111484021596381,5,0.8339302663253345,0.0145233774461322,0.012277623533572002,0.004283544527004683,0.004283544527004683,0.5242746744903258,,0.1686746987951807
moveis_escritorio,2018-06,60,6160,0.00974025974025974,6,0.8389349889218141,0.011610267623690088,0.011532632824419953,0.0031917347222079843,0.0031917347222079843,0.02432370044100286,,0.18333333333333332
moveis_escritorio,2018-07,64,6273,0.010202454965726127,7,1.2158779821010461,0.008391018766616869,0.012595398334629863,0.0016962863077382357,0.0016962863077382357,-2.4785789691475815,COLLAPSE,0.234375
moveis_escritorio,2018-08,24,6452,0.0037197768133911966,8,0.5103552609766031,0.007288602857298119,0.01133143612886902,0.0025293983173050273,0.0025293983173050273,-1.598337930373251,,0.125
moveis_quarto,2017-01,8,789,0.010139416983523447,1,1.0,0.010139416983523447,,0.0,,,,0.0
moveis_quarto,2017-02,1,1733,0.0005770340450086555,2,1.0,0.0005770340450086555,,0.0,,,,0.0
moveis_quarto,2017-04,4,2391,0.001672940192388122,4,1.0,0.001672940192388122,0.005358225514266051,0.006761625820126353,0.006761625820126353,-0.5450294677514501,,0.75
moveis_quarto,2017-05,6,3660,0.001639344262295082,5,1.0,0.001639344262295082,0.004129797073640075,0.00523324958003304,0.00523324958003304,-0.4758903188655622,,0.16666666666666666
moveis_quarto,2017-06,2,3217,0.0006216972334473111,6,1.0,0.0006216972334473111,0.0035071838708038267,0.0044506766803106895,0.0044506766803106895,-0.6483253771548033,,0.0
moveis_quarto,2017-07,5,3969,0.0012597631645250692,7,1.0,0.0012597631645250692,0.0011277539332847928,0.000610556713348626,0.000610556713348626,0.21621125172183575,,0.2
moveis_quarto,2017-08,3,4293,0.0006988120195667365,8,1.0,0.0006988120195667365,0.0012984362131638963,0.000488515704208876,0.000488515704208876,-1.227440977702483,,0.0
moveis_quarto,2017-09,3,4243,0.0007070469007777516,9,1.0,0.0007070469007777516,0.0010549041699585498,0.0004823578542248703,0.0004823578542248703,-0.7211601638368487,,0.0
moveis_quarto,2017-10,4,4568,0.0008756567425569177,10,1.0,0.0008756567425569177,0.0008218298295792171,0.0002944753324223765,0.0002944753324223765,0.18278920864072484,,0.0
moveis_quarto,2017-11,3,7451,0.00040263051939337,11,1.0,0.00040263051939337,0.0008853197068566188,0.00026259448247264056,0.00026259448247264056,-1.8381543394139657,,0.3333333333333333
moveis_quarto,2017-12,1,5624,0.00017780938833570413,12,1.0,0.00017780938833570413,0.0006710365455736939,0.00019662099119950924,0.00019662099119950924,-2.508517296291714,,0.0
moveis_quarto,2018-01,5,7220,0.0006925207756232687,1,1.0,0.0006925207756232687,0.0005407858877659359,0.0003112448440188465,0.0003112448440188465,0.4875097235286089,,0.2
moveis_quarto,2018-02,7,6694,0.0010457125784284435,2,1.0,0.0010457125784284435,0.0005371543564773152,0.000308732925817936,0.000308732925817936,1.64724323006297,,0.14285714285714285
moveis_quarto,2018-03,6,7188,0.0008347245409015025,3,1.0,0.0008347245409015025,0.0005796683154451966,0.0003753957517768537,0.0003753957517768537,0.6794329031403606,,0.16666666666666666
moveis_quarto,2018-04,7,6934,0.001009518315546582,4,1.0,0.001009518315546582,0.0006876918208222298,0.00036959477693535736,0.00036959477693535736,0.870754985751977,,0.2857142857142857
moveis_quarto,2018-05,5,6853,0.0007296074711805049,5,1.0,0.0007296074711805049,0.0008956190526249493,0.0001637662564564807,0.0001637662564564807,-1.0137105471941974,,0.0
moveis_quarto,2018-06,7,6160,0.0011363636363636363,6,1.0,0.0011363636363636363,0.0009048907265142582,0.00014880102997751128,0.00014880102997751128,1.5555867448253633,,0.14285714285714285
moveis_quarto,2018-07,7,6273,0.0011158935118762952,7,1.0,0.0011158935118762952,0.0009275534909980565,0.00018084961525026788,0.00018084961525026788,1.0414178687502615,,0.14285714285714285
moveis_quarto,2018-08,10,6452,0.0015499070055796653,8,1.0,0.0015499070055796653,0.0009978457337417547,0.00018727030547414672,0.00018727030547414672,2.9479381177926496,,0.1
moveis_sala,2017-01,8,789,0.010139416983523447,1,1.361260768353627,0.007448548594981207,,0.0,,,,0.0
moveis_sala,2017-02,15,1733,0.008655510675129832,2,1.1865278092833476,0.007294823271236841,,0.0,,,,0.26666666666666666
moveis_sala,2017-03,17,2641,0.006436955698599016,3,0.9373662706411046,0.006867065628675234,0.007371685933109023,0.00010870021885973822,0.00022115057799327069,-2.2817950964122944,,0.058823529411764705
moveis_sala,2017-04,11,2391,0.004600585529067336,4,0.8173417044306124,0.005628717468016952,0.007203479164964427,0.00030131116696702063,0.00030131116696702063,-5.226363539058072,,0.09090909090909091
moveis_sala,2017-05,29,3660,0.007923497267759563,5,1.0137808468134561,0.007815789075779955,0.006809788740727558,0.0008249207316075334,0.0008249207316075334,1.2195115197214061,,0.3103448275862069
moveis_sala,2017-06,12,3217,0.003730183400683867,6,0.820788427231334,0.004544634496451713,0.006901598860927245,0.0009330574777477169,0.0009330574777477169,-2.526065564754861,,0.0
moveis_sala,2017-07,27,3969,0.006802721088435374,7,1.5250765629828422,0.004460576769424728,0.006214051667230963,0.001428467684227693,0.001428467684227693,-1.2275215723583266,,0.1111111111111111
moveis_sala,2017-08,21,4293,0.004891684136967156,8,1.0809712960497602,0.00452526737281836,0.005612429452418337,0.0015622643396279786,0.0015622643396279786,-0.6958886867115346,,0.09523809523809523
moveis_sala,2017-09,11,4243,0.002592505302851756,9,0.5352555285249281,0.004843490939731633,0.005336566928618689,0.0016532054883709297,0.0016532054883709297,-0.2982545075947776,,0.0
moveis_sala,2017-10,13,4568,0.0028458844133099825,10,0.5875688524499783,0.004843490939731633,0.004593492394606609,0.00017049690494965817,0.00017049690494965817,1.4662937441523671,,0.07692307692307693
moveis_sala,2017-11,29,7451,0.003892095020802577,11,0.8035722724028114,0.004843490939731633,0.004668206505426589,0.00020411677109134687,0.00020411677109134687,0.8587458706497019,,0.20689655172413793
moveis_sala,2017-12,16,5624,0.002844950213371266,12,0.5873759750501151,0.004843490939731633,0.004763935048003315,0.000159111783456634,0.000159111783456634,0.5000000000000074,,0.1875
moveis_sala,2018-01,22,7220,0.0030470914127423824,1,1.361260768353627,0.00223843328448206,0.004843490939731633,0.0,0.000145304728191949,-17.928237351012186,,0.045454545454545456
moveis_sala,2018-02,19,6694,0.0028383627128772035,2,1.1865278092833476,0.0023921586082264264,0.00419222652591924,0.0013025288276247863,0.0013025288276247863,-1.3819793309107098,,0.21052631578947367
moveis_sala,2018-03,19,7188,0.0026432943795214247,3,0.9373662706411046,0.0028199162507880336,0.0035793934430429384,0.0014610025852268543,0.0014610025852268543,-0.5198328873161977,,0.3157894736842105
moveis_sala,2018-04,23,6934,0.003316988751081627,4,0.8173417044306124,0.004058264411446314,0.0030734997708070384,0.0012053678769164383,0.0012053678769164383,0.816982648615535,,0.34782608695652173
moveis_sala,2018-05,13,6853,0.0018969794250693127,5,1.0137808468134561,0.0018711928036833113,0.002877193138735709,0.0008249207316075323,0.0008249207316075323,-1.219511519721408,,0.15384615384615385
moveis_sala,2018-06,26,6160,0.0042207792207792205,6,0.820788427231334,0.005142347383011555,0.002785383018536021,0.0009330574777477161,0.0009330574777477161,2.5260655647548647,SURGE,0.038461538461538464
moveis_sala,2018-07,50,6273,0.007970667941973538,7,1.5250765629828422,0.005226405110038539,0.0034729302122323037,0.0014284676842276928,0.0014284676842276928,1.2275215723583268,,0.2
moveis_sala,2018-08,36,6452,0.005579665220086794,8,1.0809712960497602,0.005161714506644908,0.00407455242704493,0.0015622643396279784,0.0015622643396279784,0.6958886867115353,,0.19444444444444445
musica,2017-01,2,789,0.0025348542458808617,1,1.0,0.0025348542458808617,,0.0,,,,0.0
musica,2017-03,1,2641,0.0003786444528587656,3,1.0,0.0003786444528587656,,0.0,,,,0.0
musica,2017-04,2,2391,0.000836470096194061,4,1.0,0.000836470096194061,0.0014567493493698137,0.0015246705663067661,0.0015246705663067661,-0.4068283778037803,,0.0
musica,2017-06,4,3217,0.0012433944668946222,6,1.0,0.0012433944668946222,0.0012499895983112295,0.0011360277073445527,0.0011360277073445527,-0.005805431834073217,,0.25
musica,2017-07,1,3969,0.0002519526329050139,7,1.0,0.0002519526329050139,0.0012483408154570776,0.0009275686004330251,0.0009275686004330251,-1.0741935228153594,,0.0
musica,2017-10,1,4568,0.00021891418563922942,10,1.0,0.00021891418563922942,0.0006776154122131156,0.00045310528046821623,0.00045310528046821623,-1.012350211632686,,0.0
musica,2018-01,1,7220,0.00013850415512465375,1,1.0,0.00013850415512465375,0.0006376828454082316,0.0004934767561973458,0.0004934767561973458,-1.0115546153179942,,0.0
musica,2018-02,2,6694,0.00029877502240812666,2,1.0,0.00029877502240812666,0.00046319136014087985,0.0005223127437197558,0.0005223127437197558,-0.31478523108938333,,0.0
musica,2018-03,1,7188,0.0001391207568169171,3,1.0,0.0001391207568169171,0.00022703649901925594,6.750599320540126e-05,6.750599320540126e-05,-1.3023398075906625,,0.0
musica,2018-04,5,6934,0.0007210845111047015,4,1.0,0.0007210845111047015,0.00019882852999723172,7.658716883335878e-05,7.658716883335878e-05,6.819105459346772,,0.2
musica,2018-05,5,6853,0.0007296074711805049,5,1.0,0.0007296074711805049,0.0003243711113635997,0.0002750156968763545,0.0002750156968763545,1.4735026561014704,,0.2
musica,2018-06,3,6160,0.000487012987012987,6,1.0,0.000487012987012987,0.0004721469403775625,0.0002995664088413068,0.0002995664088413068,0.049625212295747415,,0.0
musica,2018-07,3,6273,0.00047824007651841227,7,1.0,0.00047824007651841227,0.0005192064315287776,0.0002772032313969612,0.0002772032313969612,-0.14778455072084126,,0.0
musica,2018-08,6,6452,0.0009299442033477991,8,1.0,0.0009299442033477991,0.0006039862614541514,0.00014022308222224038,0.00014022308222224038,2.32456694524112,,0.0
papelaria,2017-01,7,789,0.008871989860583017,1,1.4403204559365905,0.006159733289918367,,0.0,,,,0.0
papelaria,2017-02,19,1733,0.010963646855164455,2,0.7674388254914164,0.014286020580394888,,0.0,,,,0.10526315789473684
papelaria,2017-03,56,2641,0.021204089360090876,3,0.9744974569158298,0.021758999173994084,0.010222876935156628,0.005746152848966003,0.005746152848966003,2.007625369887843,SURGE,0.017857142857142856
papelaria,2017-04,36,2391,0.015056461731493099,4,0.7988498708412307,0.0188476737382931,0.014068251014769113,0.00780191269614745,0.00780191269614745,0.6125962837143825,,0.1111111111111111
papelaria,2017-05,62,3660,0.016939890710382512,5,0.8210079043222964,0.020633042168291423,0.015263106695650109,0.006803720663828399,0.006803720663828399,0.7892645418543234,,0.11290322580645161
papelaria,2017-06,37,3217,0.011501398818775257,6,0.8242148962168201,0.013954369026290528,0.018881433915243374,0.003289755652434088,0.003289755652434088,-1.4976993459399677,,0.08108108108108109
papelaria,2017-07,73,3969,0.01839254220206601,7,1.0637553216548512,0.01729019994320997,0.018798521026717283,0.0034447120475534563,0.0034447120475534563,-0.4378656510864441,,0.1643835616438356
papelaria,2017-08,75,4293,0.017470300489168415,8,0.9952066414177012,0.017554445239916665,0.017681321219021256,0.002835265023524538,0.002835265023524538,-0.044749248501246154,,0.06666666666666667
papelaria,2017-09,71,4243,0.016733443318406788,9,0.7908678520108419,0.02115833040356961,0.017358014094427145,0.002729700385785561,0.002729700385785561,1.3922100494735434,,0.15492957746478872
papelaria,2017-10,91,4568,0.019921190893169877,10,0.9415294360753995,0.02115833040356961,0.017489336153246694,0.002943999876634857,0.002943999876634857,1.2462616861644593,,0.18681318681318682
papelaria,2017-11,152,7451,0.02039994631593075,11,0.9641567140141211,0.02115833040356961,0.019290326497566464,0.002159681084465013,0.002159681084465013,0.8649443287900451,,0.11842105263157894
papelaria,2017-12,230,5624,0.040896159317211946,12,1.9328632523061637,0.02115833040356961,0.020257359112656373,0.0018019425818264823,0.0018019425818264823,0.49999999999999845,,0.14782608695652175
papelaria,2018-01,376,7220,0.0520775623268698,1,1.4403204559365905,0.03615692751722086,0.02115833040356961,0.0,0.0006347499121070883,23.629144057480147,SURGE,0.11702127659574468
papelaria,2018-02,144,6694,0.02151180161338512,2,0.7674388254914164,0.028030640226744334,0.024907979681982426,0.00749929855682563,0.00749929855682563,0.4163936828358113,,0.24305555555555555
papelaria,2018-03,144,7188,0.02003338898163606,3,0.9744974569158298,0.02055766163314514,0.026626057137776105,0.007132143556311477,0.007132143556311477,-0.8508515647109817,,0.20833333333333334
papelaria,2018-04,130,6934,0.018748197288722238,4,0.7988498708412307,0.023468987068846123,0.026475889945169986,0.007290212679596165,0.007290212679596165,-0.4124574972606187,,0.12307692307692308
papelaria,2018-05,122,6853,0.01780242229680432,5,0.8210079043222964,0.021683618638847803,0.027053554111489114,0.006803720663828406,0.006803720663828406,-0.789264541854322,,0.09836065573770492
papelaria,2018-06,144,6160,0.023376623376623377,6,0.8242148962168201,0.028362291780848696,0.02343522689189585,0.003289755652434101,0.003289755652434101,1.4976993459399623,,0.0763888888888889
papelaria,2018-07,167,6273,0.026622030926191614,7,1.0637553216548512,0.02502646086392926,0.023518139780421943,0.0034447120475534694,0.0034447120475534694,0.43786565108644343,,0.0718562874251497
papelaria,2018-08,159,6452,0.02464352138871668,8,0.9952066414177012,0.024762215567222558,0.02463533958811797,0.0028352650235245525,0.0028352650235245525,0.0447492485012447,,0.0440251572327044
pc_gamer,2017-04,2,2391,0.000836470096194061,4,1.0,0.000836470096194061,,0.0,,,,0.5
pc_gamer,2017-05,1,3660,0.000273224043715847,5,1.0,0.000273224043715847,,0.0,,,,0.0
pc_gamer,2017-06,1,3217,0.00031084861672365556,6,1.0,0.00031084861672365556,0.000554847069954954,0.0003982751031838991,0.0003982751031838991,-0.6126379763151674,,0.0
pc_gamer,2018-07,2,6273,0.0003188267176789415,7,1.0,0.0003188267176789415,0.0004735142522111879,0.0003148914267402255,0.0003148914267402255,-0.49124085763013886,,0.5
pc_gamer,2018-08,1,6452,0.00015499070055796651,8,1.0,0.00015499070055796651,0.00043484236857812625,0.00026848922776264117,0.00026848922776264117,-1.042319911127174,,0.0
pcs,2017-01,1,789,0.0012674271229404308,1,1.0,0.0012674271229404308,,0.0,,,,0.0
pcs,2017-02,1,1733,0.0005770340450086555,2,1.0,0.0005770340450086555,,0.0,,,,0.0
pcs,2017-08,29,4293,0.006755182855811786,8,1.0,0.006755182855811786,0.0009222305839745432,0.000488181627089811,0.000488181627089811,11.948324042035592,SURGE,0.13793103448275862
pcs,2017-09,40,4243,0.009427292010370021,9,1.0,0.009427292010370021,0.0028665480079202907,0.0033853022591330173,0.0033853022591330173,1.938008337290966,,0.1
pcs,2017-10,26,4568,0.005691768826619965,10,1.0,0.005691768826619965,0.004506734008532723,0.004289641172663991,0.004289641172663991,0.2762549990518906,,0.11538461538461539
pcs,2017-11,7,7451,0.0009394712119178633,11,1.0,0.0009394712119178633,0.005612819434452607,0.0037067758997969403,0.0037067758997969403,-1.2607582300270035,,0.0
pcs,2017-12,19,5624,0.0033783783783783786,12,1.0,0.0033783783783783786,0.005703428726179909,0.0035434809467287214,0.0035434809467287214,-0.6561486805645097,,0.2631578947368421
pcs,2018-01,12,7220,0.0016620498614958448,1,1.0,0.0016620498614958448,0.004859227606821557,0.0036109897955361745,0.0036109897955361745,-0.8854020438601052,,0.16666666666666666
pcs,2018-04,13,6934,0.0018748197288722239,4,1.0,0.0018748197288722239,0.002917917069603013,0.00211326987099578,0.00211326987099578,-0.49359400569094286,,0.07692307692307693
pcs,2018-05,7,6853,0.0010214504596527069,5,1.0,0.0010214504596527069,0.001963679795166078,0.0010245734123054732,0.0010245734123054732,-0.9196308670485472,,0.2857142857142857
pcs,2018-06,8,6160,0.0012987012987012987,6,1.0,0.0012987012987012987,0.0019841746070997884,0.0009977248754120052,0.0009977248754120052,-0.6870364018090931,,0.125
pcs,2018-07,8,6273,0.001275306870715766,7,1.0,0.001275306870715766,0.0014642553371805186,0.00037910864440750264,0.00037910864440750264,-0.49840189415900676,,0.25
pcs,2018-08,9,6452,0.0013949163050216986,8,1.0,0.0013949163050216986,0.001367569589485499,0.0003607198389768057,0.0003607198389768057,0.07581150960193807,,0.1111111111111111
perfumaria,2016-10,30,308,0.09740259740259741,10,1.8907348723238901,0.05151573540444647,,0.0,,,,0.2
perfumaria,2017-01,29,789,0.036755386565272496,1,0.9181912530820691,0.04003020769572421,,0.0,,,,0.034482758620689655
perfumaria,2017-02,49,1733,0.02827466820542412,2,0.8013415562023906,0.035284165642699976,0.04577297155008534,0.008121494528343497,0.008121494528343497,-1.291487160494919,,0.061224489795918366
perfumaria,2017-03,103,2641,0.03900037864445286,3,0.8970874440311438,0.043474444887112815,0.04227670291429022,0.008345718651373932,0.008345718651373932,0.14351573817138139,,0.11650485436893204
perfumaria,2017-04,101,2391,0.04224173985780008,4,0.9050534953065248,0.04667319675230202,0.04257613840749587,0.0068405160378165715,0.0068405160378165715,0.5989399516288383,,0.1782178217821782
perfumaria,2017-05,134,3660,0.0366120218579235,5,0.8711653790080682,0.04202648858659983,0.041365503744459756,0.004878009377275273,0.004878009377275273,0.1355029871855812,,0.11194029850746269
perfumaria,2017-06,146,3217,0.045383898041653714,6,1.0089901083820898,0.044979527216997744,0.04186457396717866,0.004797309229464223,0.004797309229464223,0.6493125835390379,,0.1506849315068493
perfumaria,2017-07,119,3969,0.029982363315696647,7,0.8015676360485873,0.037404658031726296,0.0442884143607531,0.001995301025485092,0.001995301025485092,-3.4499838576253143,COLLAPSE,0.15966386554621848
perfumaria,2017-08,117,4293,0.027253668763102725,8,0.8240155288957738,0.03307421742357713,0.04277096764690647,0.004060240359176131,0.004060240359176131,-2.388220737083882,COLLAPSE,0.08547008547008547
perfumaria,2017-09,142,4243,0.033466886636813575,9,0.9295162672028469,0.03600462715679418,0.03937122281472525,0.005228867580707376,0.005228867580707376,-0.6438479471831696,,0.176056338028169
perfumaria,2017-10,177,4568,0.038747810858143605,10,1.8907348723238901,0.020493518909141882,0.03786575745727384,0.005074150003185562,0.005074150003185562,-3.4236746129352946,COLLAPSE,0.0903954802259887
perfumaria,2017-11,292,7451,0.03918937055428801,11,1.088453725228838,0.03600462715679418,0.03174425538030987,0.007714462522436388,0.007714462522436388,0.5522577579570368,,0.1780821917808219
perfumaria,2017-12,232,5624,0.041251778093883355,12,1.1457354610072394,0.03600462715679418,0.03139424766157684,0.007397282922696187,0.007397282922696187,0.6232530975761206,,0.14655172413793102
perfumaria,2018-01,212,7220,0.029362880886426593,1,0.9181912530820691,0.03197904661786416,0.0321268500948811,0.007755554123826138,0.007755554123826138,-0.01905775843441914,,0.18396226415094338
perfumaria,2018-02,197,6694,0.029429339707200478,2,0.8013415562023906,0.03672508867088838,0.031120454960148602,0.007334376264319864,0.007334376264319864,0.7641595561445488,,0.16751269035532995
perfumaria,2018-03,184,7188,0.025598219254312743,3,0.8970874440311438,0.028534809426475554,0.03517834740058522,0.0021597384507249765,0.0021597384507249765,-3.076084500824431,COLLAPSE,0.25
perfumaria,2018-04,159,6934,0.022930487453129506,4,0.9050534953065248,0.025336057561286335,0.03331089296800557,0.003807786972047785,0.003807786972047785,-2.0943491495876567,COLLAPSE,0.11949685534591195
perfumaria,2018-05,179,6853,0.026119947468262076,5,0.8711653790080682,0.029982765726988523,0.03064375056912861,0.00487800937727525,0.00487800937727525,-0.13550298718558398,,0.12290502793296089
perfumaria,2018-06,168,6160,0.02727272727272727,6,1.0089901083820898,0.027029727096590614,0.0301446803464097,0.004797309229464199,0.004797309229464199,-0.6493125835390411,,0.13095238095238096
perfumaria,2018-07,174,6273,0.02773792443806791,7,0.8015676360485873,0.03460459628186206,0.027720839952835256,0.001995301025485016,0.001995301025485016,3.4499838576254476,SURGE,0.07471264367816093
perfumaria,2018-08,207,6452,0.03208307501549907,8,0.8240155288957738,0.03893503689001123,0.029238286666681886,0.004060240359176102,0.004060240359176102,2.3882207370838993,SURGE,0.12077294685990338
pet_shop,2016-10,4,308,0.012987012987012988,10,0.782818081123821,0.016590077950637917,,0.0,,,,0.0
pet_shop,2017-01,13,789,0.016476552598225603,1,0.7869891934516078,0.020936186589757474,,0.0,,,,0.07692307692307693
pet_shop,2017-02,37,1733,0.021350259665320254,2,1.004585503548092,0.02125280485325873,0.018763132270197696,0.0030731628904948766,0.0030731628904948766,0.8101336218660766,,0.10810810810810811
pet_shop,2017-03,41,2641,0.01552442256720939,3,0.8898439003640373,0.017446231368061647,0.01959302313121804,0.002605440768732362,0.002605440768732362,-0.823964907941808,,0.04878048780487805
pet_shop,2017-04,46,2391,0.019238812212463405,4,1.1976476215265255,0.016063833690866062,0.019056325190428942,0.0023827980299438215,0.0023827980299438215,-1.2558729115759062,,0.13043478260869565
pet_shop,2017-05,66,3660,0.018032786885245903,5,1.0559995402720985,0.017076510166471673,0.01892476412548598,0.0025714182874084623,0.0025714182874084623,-0.7187683031052181,,0.09090909090909091
pet_shop,2017-06,59,3217,0.01834006838669568,6,1.2425639658687806,0.01475985855896972,0.01795984501966453,0.0022717484360858108,0.0022717484360858108,-1.4086007103006257,,0.0847457627118644
pet_shop,2017-07,71,3969,0.017888636936255985,7,1.165824852898492,0.015344189045019049,0.016336608446092277,0.0012026725598169492,0.0012026725598169492,-0.82517838539883,,0.16901408450704225
pet_shop,2017-08,75,4293,0.017470300489168415,8,1.257081995776196,0.013897502746733103,0.015811097865331625,0.000998040015081406,0.000998040015081406,-1.9173531017615946,,0.09333333333333334
pet_shop,2017-09,62,4243,0.014612302616073533,9,0.8473944515628414,0.01724380256340386,0.015269515129298387,0.0013432516586812271,0.0013432516586812271,1.469782241731071,,0.08064516129032258
pet_shop,2017-10,64,4568,0.014010507880910683,10,0.782818081123821,0.0178975271761698,0.015311338228531432,0.0014187504099534992,0.0014187504099534992,1.8228639297613547,,0.171875
pet_shop,2017-11,84,7451,0.01127365454301436,11,0.6537800755698854,0.01724380256340386,0.016095755382831454,0.0018222294528348188,0.0018222294528348188,0.6300233918326832,,0.13095238095238096
pet_shop,2017-12,71,5624,0.012624466571834993,12,0.73211616320797,0.01724380256340386,0.016570658762427658,0.0018085526464750729,0.0018085526464750729,0.3722002797586136,,0.15492957746478872
pet_shop,2018-01,77,7220,0.010664819944598338,1,0.7869891934516078,0.013551418537050244,0.017407233716595347,0.0003268623063829699,0.0005222170114978603,-7.383549548655217,COLLAPSE,0.11688311688311688
pet_shop,2018-02,89,6694,0.013295488497161638,2,1.004585503548092,0.01323480027354899,0.01648413771000694,0.001979283785401601,0.001979283785401601,-1.6416733469064686,,0.19101123595505617
pet_shop,2018-03,109,7188,0.015164162493043962,3,0.8898439003640373,0.017041373758746075,0.01531845598435174,0.0022269531771954036,0.0022269531771954036,0.7736659180971892,,0.25688073394495414
pet_shop,2018-04,153,6934,0.022065186039803866,4,1.1976476215265255,0.018423771435941656,0.015267848783187292,0.0021701922505375365,0.0021701922505375365,1.4542134006665408,,0.13071895424836602
pet_shop,2018-05,126,6853,0.018386108273748723,5,1.0559995402720985,0.017411094960336052,0.01556284100132174,0.0025714182874084614,0.0025714182874084614,0.7187683031052204,,0.1111111111111111
pet_shop,2018-06,151,6160,0.024512987012987014,6,1.2425639658687806,0.019727746567838003,0.016527760107143193,0.0022717484360858095,0.0022717484360858095,1.4086007103006273,,0.07947019867549669
pet_shop,2018-07,140,6273,0.022317870237525905,7,1.165824852898492,0.019143416081788673,0.018150996680715445,0.0012026725598169473,0.0012026725598169473,0.8251783853988314,,0.11428571428571428
pet_shop,2018-08,167,6452,0.02588344699318041,8,1.257081995776196,0.020590102380074624,0.018676507261476096,0.0009980400150814035,0.0009980400150814035,1.9173531017616043,,0.08383233532934131
portateis_casa_forno_e_cafe,2017-06,1,3217,0.00031084861672365556,6,1.0,0.00031084861672365556,,0.0,,,,0.0
portateis_casa_forno_e_cafe,2017-08,2,4293,0.0004658746797111577,8,1.0,0.0004658746797111577,,0.0,,,,0.5
portateis_casa_forno_e_cafe,2017-09,1,4243,0.00023568230025925054,9,1.0,0.00023568230025925054,0.00038836164821740666,0.0001096199803991156,0.0001096199803991156,-1.392805831585315,,1.0
portateis_casa_forno_e_cafe,2018-01,1,7220,0.00013850415512465375,1,1.0,0.00013850415512465375,0.0003374685322313546,0.00011738227215240163,0.00011738227215240163,-1.6950121467096686,,0.0
portateis_casa_forno_e_cafe,2018-02,5,6694,0.0007469375560203167,2,1.0,0.0007469375560203167,0.0002877274379546794,0.0001381391968865874,0.0001381391968865874,3.3242564631575924,,0.2
portateis_casa_forno_e_cafe,2018-03,7,7188,0.0009738452977184196,3,1.0,0.0009738452977184196,0.0003967496727788447,0.000270827907247008,0.000270827907247008,2.130857306419445,,0.0
portateis_casa_forno_e_cafe,2018-04,15,6934,0.002163253533314104,4,1.0,0.002163253533314104,0.0005237423272806601,0.0004015784782508138,0.0004015784782508138,4.082667012372746,,0.2
portateis_casa_forno_e_cafe,2018-05,9,6853,0.0013132934481249088,5,1.0,0.0013132934481249088,0.0010056351355443736,0.0008485146872622435,0.0008485146872622435,0.3625845459118726,,0.1111111111111111
portateis_casa_forno_e_cafe,2018-06,3,6160,0.000487012987012987,6,1.0,0.000487012987012987,0.0012993324587944374,0.0006211914768835925,0.0006211914768835925,-1.307679680115241,,0.0
portateis_casa_forno_e_cafe,2018-07,14,6273,0.0022317870237525904,7,1.0,0.0022317870237525904,0.001234351316542605,0.0007060380426694464,0.0007060380426694464,1.412722327877403,,0.0
portateis_casa_forno_e_cafe,2018-08,17,6452,0.0026348419094854307,8,1.0,0.0026348419094854307,0.0015488367480511476,0.0008219650054876443,0.0008219650054876443,1.321230410277616,,0.058823529411764705
portateis_cozinha_e_preparadores_de_alimentos,2018-05,2,6853,0.00029184298847220193,5,1.0,0.00029184298847220193,,0.0,,,,0.0
portateis_cozinha_e_preparadores_de_alimentos,2018-07,7,6273,0.0011158935118762952,7,1.0,0.0011158935118762952,,0.0,,,,0.42857142857142855
portateis_cozinha_e_preparadores_de_alimentos,2018-08,5,6452,0.0007749535027898327,8,1.0,0.0007749535027898327,0.0007038682501742486,0.0005826917131393581,0.0005826917131393581,0.12199461741544133,,0.2
relogios_presentes,2016-10,5,308,0.016233766233766232,10,0.803729565802474,0.02019804536810566,,0.0,,,,0.2
relogios_presentes,2017-01,11,789,0.01394169835234474,1,0.6148181401544095,0.022676133708161784,,0.0,,,,0.18181818181818182
relogios_presentes,2017-02,35,1733,0.020196191575302943,2,0.6867201869411999,0.029409637228317322,0.02143708953813372,0.0017522730696330013,0.0017522730696330013,4.549831774709283,SURGE,0.14285714285714285
relogios_presentes,2017-03,75,2641,0.02839833396440742,3,0.8770293397615663,0.032380141321301674,0.024094605434861586,0.0047668021439288295,0.0047668021439288295,1.7381749097752766,,0.10666666666666667
relogios_presentes,2017-04,90,2391,0.037641154328732745,4,1.0702436381669256,0.03517064057788108,0.02616598940647161,0.005684258499072793,0.005684258499072793,1.5841382253953251,,0.18888888888888888
relogios_presentes,2017-05,125,3660,0.03415300546448088,5,1.228336929857939,0.02780426496533877,0.029909138208915467,0.005365169114998289,0.005365169114998289,-0.39232188183827055,,0.12
relogios_presentes,2017-06,117,3217,0.036369288156667706,6,1.1074030969298103,0.03284195994890998,0.031191171023209716,0.0032606146462227916,0.0032606146462227916,0.5062815158524168,,0.11965811965811966
relogios_presentes,2017-07,154,3969,0.03880070546737213,7,1.2241686703820012,0.0316955550375786,0.03204925170335788,0.0030822532458027385,0.0030822532458027385,-0.11475262983693059,,0.15584415584415584
relogios_presentes,2017-08,194,4293,0.0451898439319823,8,1.0754518436586742,0.04201940254083995,0.03187810513242711,0.0030767571679144855,0.0030767571679144855,3.296099384823048,SURGE,0.08762886597938144
relogios_presentes,2017-09,251,4243,0.059156257365071886,9,1.202740895771426,0.04918453972343698,0.03359029562316682,0.006018805041172528,0.006018805041172528,2.5909202895916086,SURGE,0.10358565737051793
relogios_presentes,2017-10,287,4568,0.06282837127845885,10,0.803729565802474,0.0781710340787683,0.03893536431269137,0.008248258472216484,0.008248258472216484,4.756842901836642,SURGE,0.14285714285714285
relogios_presentes,2017-11,429,7451,0.05757616427325191,11,1.1706150875254857,0.04918453972343698,0.05026763284515595,0.01993931015488431,0.01993931015488431,-0.05431948815208411,,0.18181818181818182
relogios_presentes,2017-12,346,5624,0.06152204836415363,12,1.2508411933930874,0.04918453972343698,0.054639879016620554,0.016046942996949896,0.016046942996949896,-0.3399612807386733,,0.1531791907514451
relogios_presentes,2018-01,336,7220,0.04653739612188366,1,0.6148181401544095,0.07569294573871217,0.056431163312269814,0.014493247177665652,0.014493247177665652,1.3290177273816943,,0.14285714285714285
relogios_presentes,2018-02,317,6694,0.04735584105168808,2,0.6867201869411999,0.06895944221855663,0.0630582648160886,0.016051910090873357,0.016051910090873357,0.3676308532168555,,0.2902208201892745
relogios_presentes,2018-03,416,7188,0.05787423483583751,3,0.8770293397615663,0.06598893812557229,0.06075536685103569,0.013640701307668283,0.013640701307668283,0.3836731819348965,,0.27884615384615385
relogios_presentes,2018-04,469,6934,0.067637727141621,4,1.0702436381669256,0.0631984388689929,0.06495646645156952,0.011271135301431529,0.011271135301431529,-0.15597608719623274,,0.11300639658848614
relogios_presentes,2018-05,594,6853,0.08667736757624397,5,1.228336929857939,0.07056481448153519,0.0684599412379585,0.005365169114998255,0.005365169114998255,0.3923218818382723,,0.1750841750841751
relogios_presentes,2018-06,447,6160,0.07256493506493507,6,1.1074030969298103,0.06552711949796398,0.06717790842366425,0.003260614646222739,0.003260614646222739,-0.506281515852425,,0.12304250559284116
relogios_presentes,2018-07,512,6273,0.08161963972580902,7,1.2241686703820012,0.06667352440929537,0.06631982774351608,0.003082253245802686,0.003082253245802686,0.11475262983693706,,0.16015625
relogios_presentes,2018-08,391,6452,0.06060136391816491,8,1.0754518436586742,0.05634967690603403,0.06649097431444687,0.0030767571679144335,0.0030767571679144335,-3.2960993848231035,COLLAPSE,0.13043478260869565
seguros_e_servicos,2017-01,1,789,0.0012674271229404308,1,1.0,0.0012674271229404308,,0.0,,,,0.0
seguros_e_servicos,2017-09,1,4243,0.00023568230025925054,9,1.0,0.00023568230025925054,,0.0,,,,1.0
sinalizacao_e_seguranca,2017-03,1,2641,0.0003786444528587656,3,1.0,0.0003786444528587656,,0.0,,,,1.0
sinalizacao_e_seguranca,2017-04,3,2391,0.0012547051442910915,4,1.0,0.0012547051442910915,,0.0,,,,0.0
sinalizacao_e_seguranca,2017-05,3,3660,0.000819672131147541,5,1.0,0.000819672131147541,0.0008166747985749285,0.0006194684556427733,0.0006194684556427733,0.00483855561216978,,0.0
sinalizacao_e_seguranca,2017-06,2,3217,0.0006216972334473111,6,1.0,0.0006216972334473111,0.0008176739094324661,0.0004380337640362192,0.0004380337640362192,-0.44740084458181273,,0.0
sinalizacao_e_seguranca,2017-07,5,3969,0.0012597631645250692,7,1.0,0.0012597631645250692,0.0007686797404361773,0.00037083343072019057,0.00037083343072019057,1.3242695598807408,,0.0
sinalizacao_e_seguranca,2017-08,4,4293,0.0009317493594223154,8,1.0,0.0009317493594223154,0.0009889594183527532,0.0003201536911475872,0.0003201536911475872,-0.17869560936614232,,0.25
sinalizacao_e_seguranca,2017-09,5,4243,0.0011784115012962526,9,1.0,0.0011784115012962526,0.0009082204721355593,0.00026712808919414913,0.00026712808919414913,1.0114661845400992,,0.0
sinalizacao_e_seguranca,2017-10,7,4568,0.001532399299474606,10,1.0,0.001532399299474606,0.0009979053146727372,0.0002869733714319517,0.0002869733714319517,1.862521188411414,,0.2857142857142857
sinalizacao_e_seguranca,2017-11,3,7451,0.00040263051939337,11,1.0,0.00040263051939337,0.001225580831179561,0.00024756674781866475,0.00024756674781866475,-3.324155279484373,,1.0
sinalizacao_e_seguranca,2017-12,2,5624,0.00035561877667140827,12,1.0,0.00035561877667140827,0.0010112976698966362,0.0004747903308461394,0.0004747903308461394,-1.3809861967001753,,0.0
sinalizacao_e_seguranca,2018-01,7,7220,0.0009695290858725762,1,1.0,0.0009695290858725762,0.0008672650242089093,0.0005822035268476351,0.0005822035268476351,0.1756500209082894,,0.14285714285714285
sinalizacao_e_seguranca,2018-02,10,6694,0.0014938751120406335,2,1.0,0.0014938751120406335,0.0008150444203529902,0.0005536607511997616,0.0005536607511997616,1.2260769617796516,,0.1
sinalizacao_e_seguranca,2018-03,7,7188,0.0009738452977184196,3,1.0,0.0009738452977184196,0.0008054133734944971,0.0005371103981431337,0.0005371103981431337,0.313589021560959,,0.2857142857142857
sinalizacao_e_seguranca,2018-04,22,6934,0.0031727718488606866,4,1.0,0.0031727718488606866,0.0009482170680757594,0.00046548413656325496,0.00046548413656325496,4.7790130877696,,0.13636363636363635
sinalizacao_e_seguranca,2018-05,6,6853,0.0008755289654166059,5,1.0,0.0008755289654166059,0.0016525053361230789,0.0010429780796478046,0.0010429780796478046,-0.7449594443718743,,0.16666666666666666
sinalizacao_e_seguranca,2018-06,18,6160,0.002922077922077922,6,1.0,0.002922077922077922,0.0016290053060090866,0.0010643364976118531,0.0010643364976118531,1.2149095882460277,,0.05555555555555555
sinalizacao_e_seguranca,2018-07,19,6273,0.003028853817949944,7,1.0,0.003028853817949944,0.001986056008518409,0.0012304839623635284,0.0012304839623635284,0.8474696471691646,,0.10526315789473684
sinalizacao_e_seguranca,2018-08,16,6452,0.0024798512089274642,8,1.0,0.0024798512089274642,0.00249980813857629,0.0010877138239816725,0.0010877138239816725,-0.01834759217803401,,0.0
tablets_impressao_imagem,2017-02,8,1733,0.004616272360069244,2,1.0,0.004616272360069244,,0.0,,,,0.125
tablets_impressao_imagem,2017-03,5,2641,0.001893222264293828,3,1.0,0.001893222264293828,,0.0,,,,0.2
tablets_impressao_imagem,2017-04,9,2391,0.0037641154328732747,4,1.0,0.0037641154328732747,0.003254747312181536,0.0019254871882334742,0.0019254871882334742,0.2645398649258504,,0.1111111111111111
tablets_impressao_imagem,2017-05,6,3660,0.001639344262295082,5,1.0,0.001639344262295082,0.003424536685745449,0.0013929234545197748,0.0013929234545197748,-1.2816155960743951,,0.0
tablets_impressao_imagem,2017-06,6,3217,0.0018650917003419335,6,1.0,0.0018650917003419335,0.0029782385798828572,0.001445758796372001,0.001445758796372001,-0.7699395516971874,,0.0
tablets_impressao_imagem,2017-07,2,3969,0.0005039052658100278,7,1.0,0.0005039052658100278,0.0022904434149510298,0.0009889974800518359,0.0009889974800518359,-1.8064132469249212,,0.5
tablets_impressao_imagem,2017-08,5,4293,0.0011646866992778943,8,1.0,0.0011646866992778943,0.0019431141653300794,0.0013522489331830834,0.0013522489331830834,-0.5756539694358127,,0.0
tablets_impressao_imagem,2017-09,3,4243,0.0007070469007777516,9,1.0,0.0007070469007777516,0.0012932569819312342,0.0006017690033378105,0.0006017690033378105,-0.9741446932327392,,0.3333333333333333
tablets_impressao_imagem,2017-10,1,4568,0.00021891418563922942,10,1.0,0.00021891418563922942,0.0010601826415519017,0.0006035862438176863,0.0006035862438176863,-1.393783348327564,,0.0
tablets_impressao_imagem,2017-11,6,7451,0.00080526103878674,11,1.0,0.00080526103878674,0.0006486382628762258,0.000398048565165557,0.000398048565165557,0.3934765493888201,,0.16666666666666666
tablets_impressao_imagem,2017-12,6,5624,0.0010668563300142249,12,1.0,0.0010668563300142249,0.0007239772061204037,0.00038996034358578435,0.00038996034358578435,0.8792666473235728,,0.0
tablets_impressao_imagem,2018-01,3,7220,0.0004155124653739612,1,1.0,0.0004155124653739612,0.0006995196138044864,0.0003545681644217017,0.0003545681644217017,-0.8009944967669023,,0.3333333333333333
tablets_impressao_imagem,2018-02,12,6694,0.00179265013444876,2,1.0,0.00179265013444876,0.0006266360049535388,0.0003814494585210618,0.0003814494585210618,3.0567984917740803,,0.25
tablets_impressao_imagem,2018-03,2,7188,0.0002782415136338342,3,1.0,0.0002782415136338342,0.0010200699921559214,0.0005804313704225225,0.0005804313704225225,-1.2780640680776376,,0.0
tablets_impressao_imagem,2018-04,1,6934,0.00014421690222094028,4,1.0,0.00014421690222094028,0.000888315110867695,0.0006941255739987868,0.0006941255739987868,-1.0719936514658013,,0.0
tablets_impressao_imagem,2018-05,1,6853,0.00014592149423610097,5,1.0,0.00014592149423610097,0.0006576552539193739,0.0007647265821160608,0.0007647265821160608,-0.6691721873552032,,0.0
tablets_impressao_imagem,2018-06,1,6160,0.00016233766233766234,6,1.0,0.00016233766233766234,0.0005902575111349089,0.0008040498997802733,0.0008040498997802733,-0.5322055868848268,,0.0
telefonia,2016-09,1,3,0.3333333333333333,9,3.330942310672205,0.10007178216967215,,0.0,,,,1.0
telefonia,2016-10,9,308,0.02922077922077922,10,0.7085984805728104,0.04123742856061163,,0.0,,,,0.2222222222222222
telefonia,2017-01,21,789,0.026615969581749048,1,0.6686945163409685,0.03980288297769967,0.0706546053651419,0.04160217040369392,0.04160217040369392,-0.7415892509469376,,0.14285714285714285
telefonia,2017-02,100,1733,0.05770340450086555,2,0.9621562245692756,0.059973009608390145,0.06037069790266115,0.03438962851267217,0.03438962851267217,-0.011564192795059132,,0.2
telefonia,2017-03,159,2641,0.06020446800454373,3,0.9464635479876184,0.06360991728899772,0.0602712758290934,0.028079718157795787,0.028079718157795787,0.11889868128813147,,0.20754716981132076
telefonia,2017-04,139,2391,0.05813467168548724,4,0.8395404516105743,0.06924582558703597,0.051155809608924796,0.012384278200618486,0.012384278200618486,1.4607242897052926,,0.14388489208633093
telefonia,2017-05,202,3660,0.055191256830601096,5,0.8091138650168823,0.06821197759285651,0.05815790886553088,0.012817538233767418,0.012817538233767418,0.7843993553175826,,0.16831683168316833
telefonia,2017-06,150,3217,0.046627292508548336,6,0.7126156885905621,0.06543118998792959,0.06526018251932009,0.004292474715121366,0.004292474715121366,0.039838899459810596,,0.12666666666666668
telefonia,2017-07,136,3969,0.03426555807508189,7,0.6008892273090656,0.05702475018321056,0.06662472761420495,0.002575728404433736,0.002575728404433736,-3.72709227202272,COLLAPSE,0.07352941176470588
telefonia,2017-08,131,4293,0.03051479152108083,8,0.614659404778719,0.04964504127625987,0.06497843583775816,0.005541735870226358,0.005541735870226358,-2.7668937893411325,COLLAPSE,0.16030534351145037
telefonia,2017-09,164,4243,0.03865189724251709,9,3.330942310672205,0.011603892723893165,0.060078239760064135,0.008425896519520693,0.008425896519520693,-5.75301950645466,COLLAPSE,0.07317073170731707
telefonia,2017-10,228,4568,0.049912434325744305,10,0.7085984805728104,0.07043824633295367,0.04592621854282329,0.02377304501454405,0.02377304501454405,1.0310849020449098,,0.13157894736842105
telefonia,2017-11,349,7451,0.04683935042276204,11,0.8388460686251183,0.055837837446782654,0.04717798262907932,0.025229618505437635,0.025229618505437635,0.343241607709483,,0.1977077363896848
telefonia,2017-12,243,5624,0.0432076813655761,12,0.773806496477519,0.05583783744678266,0.04688125444497235,0.02508175308550951,0.02508175308550951,0.3570955734742801,,0.1522633744855967
telefonia,2018-01,347,7220,0.04806094182825485,1,0.6686945163409685,0.07187279191586564,0.04842945348760304,0.025496909576420604,0.025496909576420604,0.9194580369827591,,0.1786743515850144
telefonia,2018-02,333,6694,0.049746041230953095,2,0.9621562245692756,0.05170266528517517,0.06349667828559616,0.008863038088824028,0.008863038088824028,-1.3306964138282125,,0.1921921921921922
telefonia,2018-03,327,7188,0.045492487479131885,3,0.9464635479876184,0.048065757604567584,0.05881278302365153,0.008922223356883857,0.008922223356883857,-1.2045232437262605,,0.290519877675841
telefonia,2018-04,247,6934,0.03562157484857225,4,0.8395404516105743,0.042429849306529335,0.05686976306309776,0.010493889599747003,0.010493889599747003,-1.3760306528207191,,0.1659919028340081
telefonia,2018-05,241,6853,0.035167080110900334,5,0.8091138650168823,0.0434636973007088,0.05351776602803444,0.012817538233767413,0.012817538233767413,-0.7843993553175834,,0.0912863070539419
telefonia,2018-06,203,6160,0.03295454545454545,6,0.7126156885905621,0.046244484905635715,0.04641549237424522,0.004292474715121373,0.004292474715121373,-0.03983889945981215,,0.09359605911330049
telefonia,2018-07,206,6273,0.032839151920930974,7,0.6008892273090656,0.05465092471035474,0.04505094727936036,0.002575728404433744,0.002575728404433744,3.727092272022703,SURGE,0.18446601941747573
telefonia,2018-08,246,6452,0.03812771233725976,8,0.614659404778719,0.062030633617305445,0.04669723905580715,0.005541735870226355,0.005541735870226355,2.766893789341135,SURGE,0.15040650406504066
telefonia_fixa,2016-10,5,308,0.016233766233766232,10,1.0,0.016233766233766232,,0.0,,,,0.0
telefonia_fixa,2017-01,19,789,0.024081115335868188,1,1.0,0.024081115335868188,,0.0,,,,0.05263157894736842
telefonia_fixa,2017-02,18,1733,0.0103866128101558,2,1.0,0.0103866128101558,0.02015744078481721,0.0055489137644344575,0.0055489137644344575,-1.7608541760528238,,0.1111111111111111
telefonia_fixa,2017-03,15,2641,0.005679666792881484,3,1.0,0.005679666792881484,0.01690049812659674,0.0068715535666524314,0.0068715535666524314,-1.6329395128591906,,0.26666666666666666
telefonia_fixa,2017-04,7,2391,0.0029276453366792136,4,1.0,0.0029276453366792136,0.014095290293167926,0.007934456265838512,0.007934456265838512,-1.407487114721467,,0.2857142857142857
telefonia_fixa,2017-05,10,3660,0.00273224043715847,5,1.0,0.00273224043715847,0.010768760068896172,0.009394090161678033,0.009394090161678033,-0.8554867468189349,,0.4
telefonia_fixa,2017-06,12,3217,0.003730183400683867,6,1.0,0.003730183400683867,0.005431541344218742,0.003566979117509494,0.003566979117509494,-0.4769744614380537,,0.08333333333333333
telefonia_fixa,2017-07,8,3969,0.002015621063240111,7,1.0,0.002015621063240111,0.003767433991850759,0.0013459683717075576,0.0013459683717075576,-1.3015260725541544,,0.125
telefonia_fixa,2017-08,14,4293,0.003261122757978104,8,1.0,0.003261122757978104,0.002851422559440415,0.0007049347599116477,0.0007049347599116477,0.5811888160956031,,0.0
telefonia_fixa,2017-09,6,4243,0.0014140938015555031,9,1.0,0.0014140938015555031,0.0029347919147651377,0.0007359894905223091,0.0007359894905223091,-2.0661954182666955,,0.16666666666666666
telefonia_fixa,2017-10,6,4568,0.0013134851138353765,10,1.0,0.0013134851138353765,0.0026052552558643964,0.0010742686818915005,0.0010742686818915005,-1.2024646755544965,,0.3333333333333333
telefonia_fixa,2017-11,5,7451,0.0006710508656556167,11,1.0,0.0006710508656556167,0.0020010806841522736,0.0008954065592595896,0.0008954065592595896,-1.4853920878092033,,0.4
telefonia_fixa,2017-12,5,5624,0.0008890469416785206,12,1.0,0.0008890469416785206,0.0016649381347561502,0.0011138610566408808,0.0011138610566408808,-0.6965780771773441,,0.0
telefonia_fixa,2018-01,10,7220,0.0013850415512465374,1,1.0,0.0013850415512465374,0.0010719191806812542,0.0003509868150516471,0.0003509868150516471,0.8921200373843324,,0.2
telefonia_fixa,2018-02,10,6694,0.0014938751120406335,2,1.0,0.0014938751120406335,0.0010646561181040129,0.0003417242418901924,0.0003417242418901924,1.2560390552407552,,0.6
telefonia_fixa,2018-03,12,7188,0.001669449081803005,3,1.0,0.001669449081803005,0.001109753617655327,0.000393490495549106,0.000393490495549106,1.4223862341748235,,0.3333333333333333
telefonia_fixa,2018-04,10,6934,0.001442169022209403,4,1.0,0.001442169022209403,0.0013593531716921741,0.0003347155353113239,0.0003347155353113239,0.24742159171130385,,0.3
telefonia_fixa,2018-05,12,6853,0.0017510579308332118,5,1.0,0.0017510579308332118,0.0014976336918248946,0.00012286574631248642,0.00012286574631248642,2.0626109930084113,,0.16666666666666666
telefonia_fixa,2018-06,15,6160,0.002435064935064935,6,1.0,0.002435064935064935,0.0015891377867215633,0.00014530752689413277,0.00014530752689413277,5.821633375948184,,0.06666666666666667
telefonia_fixa,2018-07,8,6273,0.001275306870715766,7,1.0,0.001275306870715766,0.0018244352424776388,0.00042755156589278757,0.00042755156589278757,-1.284355889599459,,0.125
telefonia_fixa,2018-08,10,6452,0.0015499070055796653,8,1.0,0.0015499070055796653,0.0017258996897058288,0.0005122126064194832,0.0005122126064194832,-0.34359303523668455,,0.2
utilidades_domesticas,2016-10,9,308,0.02922077922077922,10,0.6227233142110948,0.04692417732552369,,0.0,,,,0.3333333333333333
utilidades_domesticas,2017-01,21,789,0.026615969581749048,1,0.625737792584059,0.04253533971767187,,0.0,,,,0.09523809523809523
utilidades_domesticas,2017-02,66,1733,0.038084246970571264,2,0.786610541661654,0.04841563258244828,0.04472975852159778,0.0031033768340385653,0.0031033768340385653,1.1876978716934938,,0.22727272727272727
utilidades_domesticas,2017-03,178,2641,0.06739871260886028,3,1.0068577344554175,0.06693965820833114,0.04595838320854795,0.0030568005743217513,0.0030568005743217513,6.863802361211791,SURGE,0.12921348314606743
utilidades_domesticas,2017-04,144,2391,0.060225846925972396,4,1.0591889633063019,0.05686034221691184,0.05120370195849375,0.010783451595921457,0.010783451595921457,0.5245667593627961,,0.1875
utilidades_domesticas,2017-05,262,3660,0.0715846994535519,5,1.260876226140223,0.056773772055871016,0.053687743181340786,0.010612098279895581,0.010612098279895581,0.29080289242860236,,0.11450381679389313
utilidades_domesticas,2017-06,288,3217,0.08952440161641281,6,1.4512694594138766,0.06168696036128879,0.057247351265890575,0.007578788866349278,0.007578788866349278,0.585794006626917,,0.10416666666666667
utilidades_domesticas,2017-07,223,3969,0.05618543713781809,7,1.1537062041789592,0.04869995232261296,0.0605651832106007,0.004830216033996209,0.004830216033996209,-2.456459670639454,COLLAPSE,0.07174887892376682
utilidades_domesticas,2017-08,245,4293,0.057069648264616815,8,1.2676608064572779,0.045019651924168055,0.05600525673917115,0.005384267688813841,0.005384267688813841,-2.040315498768085,COLLAPSE,0.11836734693877551
utilidades_domesticas,2017-09,223,4243,0.05255715295781287,9,0.9272131089618068,0.05668292698823111,0.053045084165985204,0.007569079005167916,0.007569079005167916,0.4806189524197207,,0.1031390134529148
utilidades_domesticas,2017-10,189,4568,0.04137478108581436,10,0.6227233142110948,0.06644167665093853,0.05302237289907523,0.007554283437715486,0.007554283437715486,1.7763834071761375,,0.12698412698412698
utilidades_domesticas,2017-11,350,7451,0.046973560595893166,11,0.8287073920096987,0.05668292698823111,0.054211051971487664,0.009496532706163276,0.009496532706163276,0.26029237125031873,,0.18857142857142858
utilidades_domesticas,2017-12,247,5624,0.04391891891891892,12,0.7748174142107669,0.05668292698823111,0.0562067956378922,0.008762769272101992,0.008762769272101992,0.05433571688972419,,0.18218623481781376
utilidades_domesticas,2018-01,320,7220,0.0443213296398892,1,0.625737792584059,0.07083051425879036,0.059122614403907967,0.004879374831353697,0.004879374831353697,2.3994671980619784,SURGE,0.15
utilidades_domesticas,2018-02,342,6694,0.05109052883178966,2,0.786610541661654,0.06495022139401395,0.06265951122154778,0.007129964566666615,0.007129964566666615,0.3212793206821104,,0.19298245614035087
utilidades_domesticas,2018-03,336,7188,0.04674457429048414,3,1.0068577344554175,0.04642619576813107,0.06228664740731663,0.006901585620441963,0.006901585620441963,-2.298088078804403,COLLAPSE,0.25595238095238093
utilidades_domesticas,2018-04,415,6934,0.059850014421690224,4,1.0591889633063019,0.05650551175955039,0.05972246460229162,0.010594774845211801,0.010594774845211801,-0.3036357912027835,,0.14216867469879518
utilidades_domesticas,2018-05,489,6853,0.07135561068145338,5,1.260876226140223,0.056592081920591196,0.05967811079512144,0.010612098279895585,0.010612098279895585,-0.2908028924286036,,0.09406952965235174
utilidades_domesticas,2018-06,462,6160,0.075,6,1.4512694594138766,0.05167889361517344,0.056118502710571644,0.007578788866349284,0.007578788866349284,-0.5857940066269156,,0.13636363636363635
utilidades_domesticas,2018-07,468,6273,0.0746054519368723,7,1.1537062041789592,0.06466590165384925,0.05280067076586152,0.004830216033996223,0.004830216033996223,2.456459670639445,SURGE,0.09829059829059829
utilidades_domesticas,2018-08,559,6452,0.08663980161190328,8,1.2676608064572779,0.06834620205229416,0.05736059723729107,0.00538426768881384,0.00538426768881384,2.040315498768085,SURGE,0.10196779964221825
