seller_id,snapshot,n_orders,v_mean,v_z,bad_rate,financed_value,kind
951e8cef368f09bb3f3d03c00ca4702c,2018-07-28 21:15:19,42,33.0,2.67339836603702,0.16666666666666666,1917.29,VOLUME SURGE
87142160b41353c4e5fca2360caf6f92,2018-07-28 21:15:19,43,37.0,3.243243243243243,0.023255813953488372,2068.17,VOLUME SURGE
79ebd9a61bac3eaf882805ed4ecfa12a,2018-07-28 21:15:19,36,30.75,3.074085229787861,0.1111111111111111,4362.02,VOLUME SURGE
4869f7a5dfa277a7dca6462dcf3b52b2,2018-07-28 21:15:19,240,286.75,-3.0415552273562616,0.1,30092.8,VOLUME COLLAPSE
f46490624488d3ff7ce78613913a7711,2018-07-28 21:15:19,54,42.25,2.976512332991284,0.2962962962962963,2817.37,VOLUME SURGE
02f623a8eb246f3c5f7c2f96462654e6,2018-07-28 21:15:19,28,19.25,2.648274679602921,0.03571428571428571,2398.07,VOLUME SURGE
cac4c8e7b1ca6252d8f20b2fc1a2e4af,2018-07-28 21:15:19,16,19.25,-2.5828380962768356,0.125,42.12,VOLUME COLLAPSE
080102cd0a76b09e0dcf55fcacc60e05,2018-07-28 21:15:19,40,48.5,-3.5051546391752573,0.025,309.08,VOLUME COLLAPSE
66922902710d126a0e7d26b0e3805106,2018-07-28 21:15:19,24,19.75,4.25,0.0,1523.6200000000001,VOLUME SURGE
fd386aa7bed2af3c7035c65506c9b4a3,2018-07-28 21:15:19,32,26.5,2.642114537783937,0.15625,690.32,VOLUME SURGE
6560211a19b47992c3666cc44a7e94c0,2018-07-28 21:15:19,433,371.25,2.5561452106355786,0.16859122401847576,21688.88,VOLUME SURGE
53243585a1d6dc2643021fd1853d8905,2018-07-28 21:15:19,24,11.5,7.216878364870936,0.08333333333333333,4360.49,VOLUME SURGE
562fc2f2c2863ab7e79a9e4388a58a14,2018-07-28 21:15:19,103,121.75,-2.6106374910842396,0.10679611650485436,2392.3,VOLUME COLLAPSE
d9a84e1403de8da0c3aa531d6d108ba6,2018-07-28 21:15:19,22,26.75,-3.551401869158878,0.045454545454545456,214.18,VOLUME COLLAPSE
643214e62b870443ccbe55ab29a4dccf,2018-07-28 21:15:19,20,15.25,2.7813152079033188,0.05,439.35,VOLUME SURGE
640e21a7d01df7614a3b4923e990d40c,2018-07-28 21:15:19,62,50.0,4.8,0.11290322580645161,3759.61,VOLUME SURGE
8b9d6eec4a7eb7d0f9d579ce0b38324d,2018-07-28 21:15:19,33,18.0,2.523474693414199,0.21212121212121213,2032.57,VOLUME SURGE
6a8b085f816a1f75f92dbac6eb545f8f,2018-07-28 21:15:19,19,16.25,2.75,0.05263157894736842,383.73,VOLUME SURGE
cc63f0dd2acba93ffed4fe9f8e0321fa,2018-07-28 21:15:19,24,16.75,4.833333333333338,0.08333333333333333,1966.91,VOLUME SURGE
dbc22125167c298ef99da25668e1011f,2018-07-28 21:15:19,45,54.5,-3.4862385321100917,0.06666666666666667,3350.4900000000002,VOLUME COLLAPSE
06e5eefc71ec47ae763c5c6f8db7064f,2018-07-28 21:15:19,25,30.25,-3.471074380165289,0.2,4485.83,VOLUME COLLAPSE
9f505651f4a6abe901a56cdc21508025,2018-07-28 21:15:19,153,134.0,2.835820895522388,0.13071895424836602,4899.11,VOLUME SURGE
7d13fca15225358621be4086e1eb0964,2018-07-28 21:15:19,284,335.25,-3.057419835943326,0.15140845070422534,40040.11,VOLUME COLLAPSE
8f2ce03f928b567e3d56181ae20ae952,2018-07-28 21:15:19,32,28.25,2.654867256637168,0.0625,2465.08,VOLUME SURGE
900ba814c251a692506d7834c1218441,2018-07-28 21:15:19,13,22.5,-4.961213194737385,0.0,3074.13,VOLUME COLLAPSE
9e6229250fedbe05838fef417b74e7fb,2018-07-28 21:15:19,43,34.5,2.56284642891099,0.06976744186046512,7100.67,VOLUME SURGE
3f3486b61f45078d4f31ee5e43d8c5bb,2018-07-28 21:15:19,5,11.25,-2.818672605010608,0.2,324.65999999999997,VOLUME COLLAPSE
6b243f80ed07b10f0e8aa0f21a205f3c,2018-07-28 21:15:19,18,22.0,-3.4641016151377606,0.05555555555555555,950.8100000000001,VOLUME COLLAPSE
dfa0c4c6229ab200a4a1336b4d7128ff,2018-07-28 21:15:19,51,41.5,3.290896534380868,0.1568627450980392,2917.09,VOLUME SURGE
0be8ff43f22e456b4e0371b2245e4d01,2018-07-28 21:15:19,24,19.0,3.5355339059327373,0.125,932.58,VOLUME SURGE
289cdb325fb7e7f891c38608bf9e0962,2018-07-28 21:15:19,49,32.0,4.083267922029722,0.02040816326530612,4774.16,VOLUME SURGE
3be634553519fb6536a03e1358e9fdc7,2018-07-28 21:15:19,6,16.75,-6.294555470518036,0.0,66.61,VOLUME COLLAPSE
955fee9216a65b617aa5c0531780ce60,2018-07-28 21:15:19,361,455.5,-2.519328268680587,0.11911357340720222,29807.88,VOLUME COLLAPSE
612170e34b97004b3ba37eae81836b4c,2018-07-21 21:15:19,58,16.75,3.0611595135980094,0.06896551724137931,8544.08,VOLUME SURGE
c70c1b0d8ca86052f45a432a38b73958,2018-07-21 21:15:19,179,157.0,2.617070232869877,0.0670391061452514,15506.66,VOLUME SURGE
fd386aa7bed2af3c7035c65506c9b4a3,2018-07-21 21:15:19,29,25.5,2.7110883423451893,0.13793103448275862,637.25,VOLUME SURGE
d673a59aac7a70d8b01e6902bf090a11,2018-07-21 21:15:19,13,33.25,-9.82269281397149,0.15384615384615385,1076.49,VOLUME COLLAPSE
1d4587203296c8f4ad134dc286fa6db0,2018-07-21 21:15:19,14,10.0,4.0,0.07142857142857142,57.94,VOLUME SURGE
f5a590cf36251cf1162ea35bef76fe84,2018-07-21 21:15:19,24,27.5,-2.5454545454545454,0.041666666666666664,7198.360000000001,VOLUME COLLAPSE
46dc3b2cc0980fb8ec44634e21d2718e,2018-07-21 21:15:19,26,20.75,4.172276924754371,0.038461538461538464,4307.73,VOLUME SURGE
966cb4760537b1404caedd472cc610a5,2018-07-21 21:15:19,52,45.5,2.857142857142857,0.21153846153846154,27723.63,VOLUME SURGE
33a6f4b1e7cdc205511e76ba1b6e0186,2018-07-21 21:15:19,42,55.0,-3.18433666561813,0.0,2536.65,VOLUME COLLAPSE
3d871de0142ce09b7081e2b9d1733cb1,2018-07-21 21:15:19,99,113.75,-2.5934065934065935,0.09090909090909091,7663.14,VOLUME COLLAPSE
3d8fa2f5b647373c8620330c4e077a9f,2018-07-21 21:15:19,31,25.5,3.1754264805429444,0.16129032258064516,1920.3000000000002,VOLUME SURGE
a1043bafd471dff536d0c462352beb48,2018-07-21 21:15:19,129,153.25,-2.9070943577377095,0.06201550387596899,14645.37,VOLUME COLLAPSE
213b25e6f54661939f11710a6fddb871,2018-07-21 21:15:19,87,71.25,3.1983404201709,0.12643678160919541,7768.24,VOLUME SURGE
4830e40640734fc1c52cd21127c341d4,2018-07-21 21:15:19,44,53.25,-2.6428571428571463,0.09090909090909091,1578.37,VOLUME COLLAPSE
b76dba6c951ab00dc4edf0a1aa88037e,2018-07-21 21:15:19,15,17.5,-2.5,0.0,253.37,VOLUME COLLAPSE
1f50f920176fa81dab994f9023523100,2018-07-21 21:15:19,184,220.25,-2.778206036492606,0.07065217391304347,8830.92,VOLUME COLLAPSE
1e8b33f18b4f7598d87f5cbee2282cc2,2018-07-21 21:15:19,37,47.25,-4.337875537530366,0.05405405405405406,5273.6,VOLUME COLLAPSE
ceaec5548eefc6e23e6607c5435102e7,2018-07-21 21:15:19,78,94.0,-2.6917063396418133,0.11538461538461539,16302.78,VOLUME COLLAPSE
530ec6109d11eaaf87999465c6afee01,2018-07-21 21:15:19,40,34.25,3.3576642335766422,0.125,3149.15,VOLUME SURGE
5656537e588803a555b8eb41f07a944b,2018-07-21 21:15:19,46,38.0,4.000000000000005,0.17391304347826086,615.37,VOLUME SURGE
59b22a78efb79a4797979612b885db36,2018-07-21 21:15:19,22,33.75,-6.207178889595657,0.18181818181818182,3619.77,VOLUME COLLAPSE
c8b0e2b0a7095e5d8219575d5e7e1181,2018-07-21 21:15:19,12,29.5,-3.212947822151049,0.16666666666666666,1987.84,VOLUME COLLAPSE
17a053fcb14bd219540cbde0df490be0,2018-07-21 21:15:19,34,41.0,-3.414634146341463,0.11764705882352941,7685.59,VOLUME COLLAPSE
cc5a78bbad32776dc4e3af205218368c,2018-07-21 21:15:19,17,13.0,2.82842712474619,0.11764705882352941,2090.13,VOLUME SURGE
f27e33c6d29b5138fa9967bcd445b6d5,2018-07-21 21:15:19,13,16.5,-3.5,0.15384615384615385,902.68,VOLUME COLLAPSE
77530e9772f57a62c906e1c21538ab82,2018-07-21 21:15:19,43,56.5,-2.8149445897705094,0.023255813953488372,5211.35,VOLUME COLLAPSE
36a968b544695394e4e9d7572688598f,2018-07-14 21:15:19,36,23.25,3.8589145331356844,0.1111111111111111,369.32,VOLUME SURGE
2eb70248d66e0e3ef83659f71b244378,2018-07-14 21:15:19,163,130.75,4.933078393881453,0.5337423312883436,19862.97,VOLUME SURGE
06a2c3af7b3aee5d69171b0e14f0ee87,2018-07-14 21:15:19,242,193.75,3.1215773024625535,0.2190082644628099,19378.579999999998,VOLUME SURGE
9b013e03b2ab786505a1d3b5c0756754,2018-07-14 21:15:19,61,76.0,-3.4114411961050672,0.11475409836065574,1433.5,VOLUME COLLAPSE
7a67c85e85bb2ce8582c35f2203ad736,2018-07-14 21:15:19,100,126.5,-2.8410982173201584,0.12,8587.74,VOLUME COLLAPSE
612170e34b97004b3ba37eae81836b4c,2018-07-14 21:15:19,36,10.333333333333334,5.099449574700419,0.05555555555555555,4037.3,VOLUME SURGE
2e1c9f22be269ef4643f826c9e650a52,2018-07-14 21:15:19,30,44.75,-3.5862009757435014,0.2,2661.37,VOLUME COLLAPSE
58f1a6197ed863543e0136bdedb3fce2,2018-07-14 21:15:19,25,12.5,2.5253813613805267,0.12,2601.18,VOLUME SURGE
e9bc59e7b60fc3063eb2290deda4cced,2018-07-14 21:15:19,40,31.25,2.7330408330506075,0.125,3543.04,VOLUME SURGE
53243585a1d6dc2643021fd1853d8905,2018-07-14 21:15:19,14,10.75,3.25,0.07142857142857142,5350.16,VOLUME SURGE
b2ba3715d723d245138f291a6fe42594,2018-07-14 21:15:19,28,32.75,-2.9007633587786255,0.10714285714285714,2903.56,VOLUME COLLAPSE
ce27a3cc3c8cc1ea79d11e561e9bebb6,2018-07-14 21:15:19,8,58.25,-4.203341028485468,0.0,277.66,VOLUME COLLAPSE
6fd52c528dcb38be2eea044946b811f8,2018-07-14 21:15:19,7,24.25,-6.264104963122107,0.5714285714285714,327.56,VOLUME COLLAPSE
1da3aeb70d7989d1e6d9b0e887f97c23,2018-07-14 21:15:19,45,52.25,-2.77511961722488,0.13333333333333333,676.46,VOLUME COLLAPSE
da8622b14eb17ae2831f4ac5b9dab84a,2018-07-14 21:15:19,243,283.25,-2.8349054154142035,0.07407407407407407,22783.28,VOLUME COLLAPSE
f7ba60f8c3f99e7ee4042fdef03b70c4,2018-07-14 21:15:19,50,60.5,-3.471074380165289,0.12,12800.74,VOLUME COLLAPSE
522620dcb18a6b31cd7bdf73665113a9,2018-07-07 21:15:19,26,61.0,-11.475409836065573,0.11538461538461539,12145.99,VOLUME COLLAPSE
d6b1ce66b035a475f00c017792ff9769,2018-07-07 21:15:19,64,51.75,2.9783703018886714,0.078125,6095.96,VOLUME SURGE
116ccb1a1604bc88e4d234a8c23f33de,2018-07-07 21:15:19,15,19.25,-4.25,0.0,313.21,VOLUME COLLAPSE
06a2c3af7b3aee5d69171b0e14f0ee87,2018-07-07 21:15:19,215,183.0,3.336230624913199,0.18604651162790697,16751.28,VOLUME SURGE
c003204e1ab016dfa150abc119207b24,2018-07-07 21:15:19,46,55.5,-3.2908965343808623,0.06521739130434782,2942.75,VOLUME COLLAPSE
0dd184061fb0eaa7ca37932c68ab91c5,2018-07-07 21:15:19,64,89.0,-4.564354645876376,0.046875,5834.07,VOLUME COLLAPSE
2528513dd95219a6013d4d05176e391a,2018-07-07 21:15:19,28,35.75,-4.335664335664336,0.14285714285714285,3846.37,VOLUME COLLAPSE
1554a68530182680ad5c8b042c3ab563,2018-07-07 21:15:19,25,20.75,3.3775575105158095,0.16,2497.26,VOLUME SURGE
b2479f944e1b90cf8a5de1bbfde284d6,2018-07-07 21:15:19,32,54.25,-8.202764976958525,0.15625,1148.85,VOLUME COLLAPSE
99a54764c341d5dc80b4a8fac4eba3fb,2018-07-07 21:15:19,27,18.25,2.648274679602921,0.2222222222222222,2307.18,VOLUME SURGE
7e3f87d16fb353f408d467e74fbd8014,2018-07-07 21:15:19,7,31.25,-15.52,0.0,202.04,VOLUME COLLAPSE
a416b6a846a11724393025641d4edd5e,2018-07-07 21:15:19,21,40.25,-5.356184246029941,0.23809523809523808,2275.5099999999998,VOLUME COLLAPSE
c826c40d7b19f62a09e2d7c5e7295ee2,2018-07-07 21:15:19,24,205.0,-17.658536585365855,0.125,2105.9700000000003,VOLUME COLLAPSE
18a349e75d307f4b4cc646a691ed4216,2018-07-07 21:15:19,43,56.25,-3.686724221293338,0.16279069767441862,833.85,VOLUME COLLAPSE
f0b47fbbc6dee9aafe415a6e33051b3f,2018-07-07 21:15:19,39,21.25,5.372214350051641,0.10256410256410256,1051.59,VOLUME SURGE
0241d4d5d36f10f80c644447315af0bd,2018-07-07 21:15:19,84,67.5,3.3,0.07142857142857142,10955.31,VOLUME SURGE
391fc6631aebcf3004804e51b40bcf1e,2018-07-07 21:15:19,77,90.0,-2.691255681435188,0.18181818181818182,5988.37,VOLUME COLLAPSE
ce7d1888639e6fb06b2749cbfdac1ff7,2018-06-30 21:15:19,23,27.25,-2.833333333333334,0.21739130434782608,3173.16,VOLUME COLLAPSE
289cdb325fb7e7f891c38608bf9e0962,2018-06-30 21:15:19,27,18.5,3.2126980205784315,0.037037037037037035,2571.82,VOLUME SURGE
9e6229250fedbe05838fef417b74e7fb,2018-06-30 21:15:19,30,21.75,3.720647838614005,0.06666666666666667,4932.5599999999995,VOLUME SURGE
4c2b230173bb36f9b240f2b8ac11786e,2018-06-30 21:15:19,21,68.25,-13.846153846153845,0.047619047619047616,67.29,VOLUME COLLAPSE
0241d4d5d36f10f80c644447315af0bd,2018-06-30 21:15:19,74,65.0,2.769230769230769,0.08108108108108109,9134.53,VOLUME SURGE
f80edd2c5aaa505cc4b0a3b219abf4b8,2018-06-30 21:15:19,34,26.25,2.698203667313316,0.17647058823529413,1258.6,VOLUME SURGE
4c18691b6037662be2df78a765d98ab5,2018-06-30 21:15:19,37,29.25,5.299145299145299,0.13513513513513514,1252.91,VOLUME SURGE
1b4c3a6f53068f0b6944d2d005c9fc89,2018-06-30 21:15:19,20,14.0,4.242640687119289,0.1,1501.16,VOLUME SURGE
f7720c4fa8e3aba4546301ab80ea1f1b,2018-06-30 21:15:19,17,21.0,-2.828427124746196,0.11764705882352941,394.40000000000003,VOLUME COLLAPSE
2a84855fd20af891be03bc5924d2b453,2018-06-30 21:15:19,69,55.25,4.604700970534064,0.11594202898550725,5137.49,VOLUME SURGE
a420f60ff1aa9acc80d0e42959f2b313,2018-06-30 21:15:19,17,12.25,3.1666666666666683,0.058823529411764705,2082.54,VOLUME SURGE
8e8a7ce9f2f970dc00e2acf6f6e199f6,2018-06-30 21:15:19,18,26.0,-5.6568542494923815,0.05555555555555555,1562.9,VOLUME COLLAPSE
88460e8ebdecbfecb5f9601833981930,2018-06-30 21:15:19,79,65.25,2.7545948235884814,0.22784810126582278,6238.9800000000005,VOLUME SURGE
0be8ff43f22e456b4e0371b2245e4d01,2018-06-30 21:15:19,18,53.25,-3.6181609519582847,0.2222222222222222,679.12,VOLUME COLLAPSE
6860153b69cc696d5dcfe1cdaaafcf62,2018-06-30 21:15:19,30,22.25,2.814308026909932,0.16666666666666666,709.91,VOLUME SURGE
688756f717c462a206ad854c5027a64a,2018-06-23 21:15:19,45,35.25,2.9509346429861116,0.17777777777777778,2678.7,VOLUME SURGE
b4ffb71f0cb1b1c3d63fad021ecf93e1,2018-06-23 21:15:19,27,32.5,-3.3846153846153846,0.1111111111111111,965.09,VOLUME COLLAPSE
cbd996ad3c1b7dc71fd0e5f5df9087e2,2018-06-23 21:15:19,21,51.5,-9.809829693765813,0.047619047619047616,587.7099999999999,VOLUME COLLAPSE
fcb5ace8bcc92f75707dc0f01a27d269,2018-06-23 21:15:19,20,14.25,3.0375556268234023,0.05,2116.21,VOLUME SURGE
77530e9772f57a62c906e1c21538ab82,2018-06-23 21:15:19,63,78.25,-3.140271870474707,0.09523809523809523,6854.63,VOLUME COLLAPSE
4830e40640734fc1c52cd21127c341d4,2018-06-23 21:15:19,57,77.75,-2.562249150953688,0.07017543859649122,2219.41,VOLUME COLLAPSE
a3e9a2c700480d9bb01fba070ba80a0e,2018-06-23 21:15:19,27,20.25,4.4999999999999964,0.1111111111111111,2298.61,VOLUME SURGE
d921b68bf747894be13a97ae52b0f386,2018-06-23 21:15:19,54,37.5,2.901741389714719,0.05555555555555555,10742.41,VOLUME SURGE
ba143b05f0110f0dc71ad71b4466ce92,2018-06-23 21:15:19,59,49.0,3.8729833462074197,0.13559322033898305,2097.51,VOLUME SURGE
951e8cef368f09bb3f3d03c00ca4702c,2018-06-23 21:15:19,27,18.0,4.929503017546493,0.07407407407407407,911.42,VOLUME SURGE
7ad32824caee82087b3e2e5f33b1bf32,2018-06-23 21:15:19,80,67.0,3.6526846651686133,0.2125,10743.58,VOLUME SURGE
640e21a7d01df7614a3b4923e990d40c,2018-06-23 21:15:19,48,38.5,4.563652383444981,0.10416666666666667,3059.94,VOLUME SURGE
7299e27ed73d2ad986de7f7c77d919fa,2018-06-23 21:15:19,61,43.0,2.6349301969610375,0.08196721311475409,6831.11,VOLUME SURGE
1eade46fba20122dc4aefb379f8c636b,2018-06-23 21:15:19,8,22.25,-11.32475165290612,0.0,307.33000000000004,VOLUME COLLAPSE
7040e82f899a04d1b434b795a43b4617,2018-06-23 21:15:19,43,37.0,3.243243243243243,0.27906976744186046,1113.52,VOLUME SURGE
6a8b085f816a1f75f92dbac6eb545f8f,2018-06-23 21:15:19,15,44.75,-13.29608938547486,0.0,394.79,VOLUME COLLAPSE
f80edd2c5aaa505cc4b0a3b219abf4b8,2018-06-23 21:15:19,30,24.75,3.4999999999999996,0.2,1121.96,VOLUME SURGE
6560211a19b47992c3666cc44a7e94c0,2018-06-23 21:15:19,320,271.0,3.1717591122154474,0.159375,16441.84,VOLUME SURGE
855668e0971d4dfd7bef1b6a4133b41b,2018-06-23 21:15:19,46,55.0,-3.272727272727273,0.21739130434782608,5989.02,VOLUME COLLAPSE
f3da5b2ff499efb8d4a6d371d175d7dd,2018-06-23 21:15:19,37,31.75,3.3070866141732282,0.16216216216216217,741.79,VOLUME SURGE
0c8380b62e38e8a1e6adbeba7eb9688c,2018-06-23 21:15:19,5,21.5,-12.780845042484474,0.0,539.29,VOLUME COLLAPSE
6860153b69cc696d5dcfe1cdaaafcf62,2018-06-16 21:15:19,24,19.5,4.5,0.16666666666666666,458.82,VOLUME SURGE
edb1ef5e36e0c8cd84eb3c9b003e486d,2018-06-16 21:15:19,50,40.25,2.9509346429861125,0.1,26666.44,VOLUME SURGE
b839e41795b7f3ad94cc2014a52f6796,2018-06-16 21:15:19,17,10.5,5.034878350069643,0.17647058823529413,19531.02,VOLUME SURGE
54a1852d1b8f10312c55e906355666ee,2018-06-16 21:15:19,51,60.25,-2.9880195564228234,0.09803921568627451,1807.21,VOLUME COLLAPSE
715bbd5ba4e6b74cb0d2f29eb45058b0,2018-06-16 21:15:19,15,10.25,3.7749172176353736,0.06666666666666667,1194.22,VOLUME SURGE
c70c1b0d8ca86052f45a432a38b73958,2018-06-16 21:15:19,127,89.0,3.2269895473120984,0.09448818897637795,12975.32,VOLUME SURGE
056b4ada5bbc2c50cc7842547dda6b51,2018-06-16 21:15:19,26,15.25,5.678908345800274,0.15384615384615385,4518.85,VOLUME SURGE
609e1a9a6c2539919b8205cf7c4e6ff0,2018-06-16 21:15:19,44,36.5,2.8347335475692055,0.20454545454545456,3803.77,VOLUME SURGE
3d8fa2f5b647373c8620330c4e077a9f,2018-06-16 21:15:19,20,11.0,5.511351921262153,0.25,1237.6200000000001,VOLUME SURGE
966cb4760537b1404caedd472cc610a5,2018-06-16 21:15:19,46,34.25,3.934926283910931,0.2391304347826087,27086.9,VOLUME SURGE
9b013e03b2ab786505a1d3b5c0756754,2018-06-16 21:15:19,78,67.0,2.939873661036667,0.10256410256410256,1965.11,VOLUME SURGE
7299e27ed73d2ad986de7f7c77d919fa,2018-06-16 21:15:19,52,39.0,3.3945142911360984,0.07692307692307693,6579.33,VOLUME SURGE
7681ef142fd2c19048da7430856b5588,2018-06-16 21:15:19,33,27.75,3.7837837837837833,0.12121212121212122,17529.63,VOLUME SURGE
c31eff8334d6b3047ed34bebd4d62c36,2018-06-16 21:15:19,62,52.5,3.619047619047619,0.14516129032258066,4182.4,VOLUME SURGE
9d4db00d65d7760644ac0c14edb5fd86,2018-06-16 21:15:19,62,47.75,2.562822525886522,0.04838709677419355,3577.89,VOLUME SURGE
99a54764c341d5dc80b4a8fac4eba3fb,2018-06-16 21:15:19,20,14.0,3.2863353450309982,0.2,1807.26,VOLUME SURGE
06a2c3af7b3aee5d69171b0e14f0ee87,2018-06-09 21:15:19,172,144.5,3.806228373702422,0.2616279069767442,12833.71,VOLUME SURGE
4d6d651bd7684af3fffabd5f08d12e5a,2018-06-09 21:15:19,76,98.5,-2.575285628793239,0.15789473684210525,8267.29,VOLUME COLLAPSE
17ca9b9e9b9ef8fdb529001b49ebb50f,2018-06-09 21:15:19,23,15.75,4.245165317326133,0.08695652173913043,1347.8600000000001,VOLUME SURGE
edb1ef5e36e0c8cd84eb3c9b003e486d,2018-06-09 21:15:19,45,39.25,2.929936305732484,0.1111111111111111,24920.97,VOLUME SURGE
516e7738bd8f735ac19a010ee5450d8d,2018-06-09 21:15:19,30,13.666666666666666,3.5362703987864577,0.03333333333333333,2487.14,VOLUME SURGE
056b4ada5bbc2c50cc7842547dda6b51,2018-06-09 21:15:19,18,14.0,4.0,0.16666666666666666,3246.11,VOLUME SURGE
7c67e1448b00f6e969d365cea6b010ab,2018-06-09 21:15:19,207,258.75,-4.0,0.2318840579710145,32913.79,VOLUME COLLAPSE
dbc22125167c298ef99da25668e1011f,2018-06-09 21:15:19,56,49.0,2.8571428571428568,0.017857142857142856,3332.59,VOLUME SURGE
f0b47fbbc6dee9aafe415a6e33051b3f,2018-06-09 21:15:19,26,18.75,3.516766563026828,0.11538461538461539,520.51,VOLUME SURGE
4830e40640734fc1c52cd21127c341d4,2018-06-09 21:15:19,72,86.75,-3.4005763688760804,0.1111111111111111,2418.62,VOLUME COLLAPSE
36a968b544695394e4e9d7572688598f,2018-06-09 21:15:19,25,19.0,2.7774602993176534,0.08,422.5,VOLUME SURGE
c3867b4666c7d76867627c2f7fb22e21,2018-06-09 21:15:19,16,59.5,-4.300121201231063,0.8125,1766.51,VOLUME COLLAPSE
d566c37fa119d5e66c4e9052e83ee4ea,2018-06-09 21:15:19,39,24.75,2.5628225258865225,0.02564102564102564,1336.03,VOLUME SURGE
70c27847eca8195c983ed7e798c56743,2018-06-09 21:15:19,30,20.25,2.5244613342123032,0.26666666666666666,3572.75,VOLUME SURGE
c70c1b0d8ca86052f45a432a38b73958,2018-06-09 21:15:19,105,79.75,2.7188286053937363,0.11428571428571428,11104.05,VOLUME SURGE
282f23a9769b2690c5dda22e316f9941,2018-06-09 21:15:19,21,26.0,-3.846153846153846,0.0,648.41,VOLUME COLLAPSE
218d46b86c1881d022bce9c68a7d4b15,2018-06-09 21:15:19,48,74.0,-2.5743836117393526,0.16666666666666666,3565.08,VOLUME COLLAPSE
7a67c85e85bb2ce8582c35f2203ad736,2018-06-02 21:15:19,155,181.5,-2.690667337604092,0.12903225806451613,14129.71,VOLUME COLLAPSE
cc419e0650a3c5ba77189a1882b7556a,2018-06-02 21:15:19,188,229.75,-2.763446662942246,0.18617021276595744,6965.39,VOLUME COLLAPSE
620c87c171fb2a6dd6e8bb4dec959fc6,2018-06-02 21:15:19,107,137.25,-2.6781099723811224,0.2523364485981308,13546.78,VOLUME COLLAPSE
d9a84e1403de8da0c3aa531d6d108ba6,2018-06-02 21:15:19,27,15.25,2.569162822703488,0.1111111111111111,487.06,VOLUME SURGE
33a6f4b1e7cdc205511e76ba1b6e0186,2018-06-02 21:15:19,58,48.0,4.166666666666666,0.05172413793103448,3848.12,VOLUME SURGE
ccc4bbb5f32a6ab2b7066a4130f114e3,2018-06-02 21:15:19,29,35.0,-3.4285714285714284,0.06896551724137931,9031.98,VOLUME COLLAPSE
01fdefa7697d26ad920e9e0346d4bd1b,2018-06-02 21:15:19,11,35.75,-13.07469595893552,0.09090909090909091,893.61,VOLUME COLLAPSE
516e7738bd8f735ac19a010ee5450d8d,2018-06-02 21:15:19,19,11.0,8.0,0.05263157894736842,1477.73,VOLUME SURGE
c3cfdc648177fdbbbb35635a37472c53,2018-06-02 21:15:19,34,40.75,-3.312883435582822,0.0,4165.9,VOLUME COLLAPSE
88460e8ebdecbfecb5f9601833981930,2018-06-02 21:15:19,66,116.5,-3.3322869668754707,0.19696969696969696,6430.86,VOLUME COLLAPSE
66922902710d126a0e7d26b0e3805106,2018-06-02 21:15:19,25,38.25,-6.427194063462806,0.12,1165.43,VOLUME COLLAPSE
128639473a139ac0f3e5f5ade55873a5,2018-06-02 21:15:19,101,134.0,-2.9876796194031074,0.09900990099009901,321.5,VOLUME COLLAPSE
8444e55c1f13cd5c179851e5ca5ebd00,2018-06-02 21:15:19,10,18.25,-3.4914607985000603,0.5,1035.03,VOLUME COLLAPSE
a1043bafd471dff536d0c462352beb48,2018-06-02 21:15:19,169,195.0,-2.6666666666666665,0.10059171597633136,18714.09,VOLUME COLLAPSE
213b25e6f54661939f11710a6fddb871,2018-06-02 21:15:19,46,32.5,3.044166413411457,0.2391304347826087,4205.82,VOLUME SURGE
17ca9b9e9b9ef8fdb529001b49ebb50f,2018-06-02 21:15:19,18,14.5,2.7110883423452075,0.05555555555555555,1228.22,VOLUME SURGE
70c27847eca8195c983ed7e798c56743,2018-06-02 21:15:19,26,18.0,8.0,0.2692307692307692,3242.26,VOLUME SURGE
f7ba60f8c3f99e7ee4042fdef03b70c4,2018-06-02 21:15:19,67,81.75,-3.6085626911314983,0.19402985074626866,17357.59,VOLUME COLLAPSE
1835b56ce799e6a4dc4eddc053f04066,2018-05-26 21:15:19,82,104.5,-2.5866056201827985,0.25609756097560976,4728.89,VOLUME COLLAPSE
7142540dd4c91e2237acb7e911c4eba2,2018-05-26 21:15:19,82,94.5,-2.645502645502645,0.17073170731707318,6469.61,VOLUME COLLAPSE
f262cbc1c910c83959f849465454ddd3,2018-05-26 21:15:19,63,86.5,-2.5691628227034884,0.12698412698412698,977.14,VOLUME COLLAPSE
08633c14ef2db992c11f840f04fad4cd,2018-05-26 21:15:19,32,27.5,3.272727272727273,0.03125,2196.35,VOLUME SURGE
b561927807645834b59ef0d16ba55a24,2018-05-26 21:15:19,32,28.25,2.500000000000001,0.09375,758.52,VOLUME SURGE
9d4db00d65d7760644ac0c14edb5fd86,2018-05-26 21:15:19,48,37.0,3.175426480542941,0.10416666666666667,2948.75,VOLUME SURGE
1554a68530182680ad5c8b042c3ab563,2018-05-26 21:15:19,28,39.5,-5.822784810126582,0.17857142857142858,3094.21,VOLUME COLLAPSE
cc419e0650a3c5ba77189a1882b7556a,2018-05-26 21:15:19,210,241.0,-2.572614107883817,0.19047619047619047,8009.58,VOLUME COLLAPSE
715bbd5ba4e6b74cb0d2f29eb45058b0,2018-05-26 21:15:19,9,12.5,-3.5,0.2222222222222222,575.78,VOLUME COLLAPSE
a3e9a2c700480d9bb01fba070ba80a0e,2018-05-26 21:15:19,19,28.0,-3.1819805153394634,0.10526315789473684,2168.31,VOLUME COLLAPSE
dd7ddc04e1b6c2c614352b383efe2d36,2018-05-26 21:15:19,39,28.75,3.1022646246777055,0.1794871794871795,1607.25,VOLUME SURGE
85d9eb9ddc5d00ca9336a2219c97bb13,2018-05-26 21:15:19,58,71.25,-3.0464466193263955,0.1724137931034483,956.14,VOLUME COLLAPSE
88460e8ebdecbfecb5f9601833981930,2018-05-26 21:15:19,97,122.5,-3.2472441538317667,0.422680412371134,7941.4,VOLUME COLLAPSE
f457c46070d02cadd8a68551231220dd,2018-05-26 21:15:19,61,144.75,-8.596339850397346,0.18032786885245902,3166.03,VOLUME COLLAPSE
9b013e03b2ab786505a1d3b5c0756754,2018-05-26 21:15:19,68,55.0,2.6175086153346934,0.1323529411764706,2095.72,VOLUME SURGE
ef506c96320abeedfb894c34db06f478,2018-05-26 21:15:19,22,29.25,-4.245165317326176,0.3181818181818182,364.93,VOLUME COLLAPSE
128639473a139ac0f3e5f5ade55873a5,2018-05-26 21:15:19,118,142.25,-3.4094903339191562,0.11864406779661017,321.5,VOLUME COLLAPSE
a673821011d0cec28146ea42f5ab767f,2018-05-26 21:15:19,26,20.25,2.5931787966097524,0.34615384615384615,2531.02,VOLUME SURGE
8b321bb669392f5163d04c59e235e066,2018-05-26 21:15:19,349,402.0,-2.5519335337019973,0.166189111747851,1460.28,VOLUME COLLAPSE
8f2ce03f928b567e3d56181ae20ae952,2018-05-26 21:15:19,28,40.0,-2.939387691339816,0.2857142857142857,1615.17,VOLUME COLLAPSE
f84fa566034f5e8e880a07ec624c56af,2018-05-19 21:15:19,64,53.25,3.2535946063693078,0.171875,2234.11,VOLUME SURGE
289cdb325fb7e7f891c38608bf9e0962,2018-05-19 21:15:19,24,15.25,4.622367258209525,0.08333333333333333,1767.25,VOLUME SURGE
d1c281d3ae149232351cd8c8cc885f0d,2018-05-19 21:15:19,24,20.5,2.7110883423451635,0.2916666666666667,2111.92,VOLUME SURGE
4c18691b6037662be2df78a765d98ab5,2018-05-19 21:15:19,28,13.0,2.6244532958391193,0.21428571428571427,1021.89,VOLUME SURGE
7299e27ed73d2ad986de7f7c77d919fa,2018-05-19 21:15:19,36,21.75,3.464634840972525,0.08333333333333333,3879.94,VOLUME SURGE
34056b8b55c1775a22af2331670a799c,2018-05-19 21:15:19,39,25.5,6.485190229106027,0.20512820512820512,1688.92,VOLUME SURGE
2eb70248d66e0e3ef83659f71b244378,2018-05-19 21:15:19,96,41.0,13.75,0.6354166666666666,10381.95,VOLUME SURGE
9f505651f4a6abe901a56cdc21508025,2018-05-19 21:15:19,107,89.5,3.9106145251396645,0.12149532710280374,2673.62,VOLUME SURGE
8a432f4e5b471f8da497d7dc517666e2,2018-05-19 21:15:19,30,13.25,3.114875530053062,0.16666666666666666,2333.4900000000002,VOLUME SURGE
2528513dd95219a6013d4d05176e391a,2018-05-19 21:15:19,37,43.5,-2.9885057471264362,0.1891891891891892,3273.3900000000003,VOLUME COLLAPSE
9b013e03b2ab786505a1d3b5c0756754,2018-05-19 21:15:19,62,51.0,2.9398736610366667,0.0967741935483871,1943.1399999999999,VOLUME SURGE
c9c7905cffc4ef9ff9f113554423e671,2018-05-19 21:15:19,33,24.75,4.001837813099494,0.21212121212121213,724.45,VOLUME SURGE
d91fb3b7d041e83b64a00a3edfb37e4f,2018-05-19 21:15:19,170,150.0,2.54000254000381,0.17058823529411765,2876.88,VOLUME SURGE
7ad32824caee82087b3e2e5f33b1bf32,2018-05-19 21:15:19,63,44.0,4.39764547391962,0.30158730158730157,10881.28,VOLUME SURGE
f3da5b2ff499efb8d4a6d371d175d7dd,2018-05-19 21:15:19,29,22.0,4.949747468305833,0.1724137931034483,784.31,VOLUME SURGE
8648b1e89e9b349e32d3741b30ec737e,2018-05-19 21:15:19,30,35.0,-2.857142857142857,0.23333333333333334,1706.31,VOLUME COLLAPSE
5d0363b33554b373851fc1622e4d5f3c,2018-05-19 21:15:19,40,33.25,3.565826170618782,0.225,1993.25,VOLUME SURGE
c60b801f2d52c7f7f91de00870882a75,2018-05-19 21:15:19,18,10.5,3.5355339059327378,0.3888888888888889,5436.98,VOLUME SURGE
c31eff8334d6b3047ed34bebd4d62c36,2018-05-19 21:15:19,51,34.5,2.556169008496895,0.17647058823529413,3667.97,VOLUME SURGE
18a349e75d307f4b4cc646a691ed4216,2018-05-19 21:15:19,43,33.75,4.1716354554156965,0.3953488372093023,921.6600000000001,VOLUME SURGE
6860153b69cc696d5dcfe1cdaaafcf62,2018-05-12 21:15:19,16,10.5,5.5,0.1875,280.07,VOLUME SURGE
f84fa566034f5e8e880a07ec624c56af,2018-05-12 21:15:19,58,51.5,2.524271844660194,0.1896551724137931,1783.08,VOLUME SURGE
b74d1c09cb380e1d03a6f859c6f4224b,2018-05-12 21:15:19,21,12.25,2.930264253976225,0.09523809523809523,1112.96,VOLUME SURGE
cfb1a033743668a192316f3c6d1d2671,2018-05-12 21:15:19,20,12.75,7.25,0.1,1034.24,VOLUME SURGE
06a2c3af7b3aee5d69171b0e14f0ee87,2018-05-12 21:15:19,146,81.25,2.86835014301379,0.3219178082191781,11252.460000000001,VOLUME SURGE
7ad32824caee82087b3e2e5f33b1bf32,2018-05-12 21:15:19,50,40.75,3.0977079256320095,0.32,9269.96,VOLUME SURGE
289cdb325fb7e7f891c38608bf9e0962,2018-05-12 21:15:19,18,14.25,3.75,0.1111111111111111,1209.36,VOLUME SURGE
2e1c9f22be269ef4643f826c9e650a52,2018-05-12 21:15:19,50,42.0,2.717464881947029,0.16,3641.02,VOLUME SURGE
218d46b86c1881d022bce9c68a7d4b15,2018-05-12 21:15:19,86,113.25,-2.9688041733304953,0.2441860465116279,8296.65,VOLUME COLLAPSE
f8db351d8c4c4c22c6835c19a46f01b0,2018-05-12 21:15:19,103,80.25,4.280279951145344,0.17475728155339806,6146.92,VOLUME SURGE
1025f0e2d44d7041d6cf58b6550e0bfa,2018-05-12 21:15:19,256,192.0,3.294711470661985,0.25,29662.63,VOLUME SURGE
42b729f859728f5079499127a9c2ef37,2018-05-12 21:15:19,37,29.5,4.330127018922193,0.02702702702702703,436.45,VOLUME SURGE
bbad7e518d7af88a0897397ffdca1979,2018-05-12 21:15:19,18,13.0,3.5355339059327378,0.4444444444444444,283.38,VOLUME SURGE
7299e27ed73d2ad986de7f7c77d919fa,2018-05-12 21:15:19,27,19.0,2.7174648819470137,0.07407407407407407,2826.21,VOLUME SURGE
dbd66278cbfe1aa1000f90a217ca4695,2018-05-12 21:15:19,25,14.0,3.09073317821959,0.04,993.43,VOLUME SURGE
7e1fb0a3ebfb01ffb3a7dae98bf3238d,2018-05-12 21:15:19,43,49.5,-2.6262626262626263,0.16279069767441862,5880.04,VOLUME COLLAPSE
955fee9216a65b617aa5c0531780ce60,2018-05-12 21:15:19,518,434.25,2.7380638878780212,0.1583011583011583,30547.7,VOLUME SURGE
79ebd9a61bac3eaf882805ed4ecfa12a,2018-05-12 21:15:19,36,42.75,-2.856649744227315,0.1111111111111111,2447.39,VOLUME COLLAPSE
966cb4760537b1404caedd472cc610a5,2018-05-12 21:15:19,26,15.0,2.9398736610366685,0.23076923076923078,14049.81,VOLUME SURGE
080102cd0a76b09e0dcf55fcacc60e05,2018-05-12 21:15:19,47,34.25,2.7444222127532205,0.0425531914893617,306.33,VOLUME SURGE
4b9750c8ad28220fe6702d4ecb7c898f,2018-05-12 21:15:19,67,59.25,2.616033755274261,0.11940298507462686,2120.16,VOLUME SURGE
1c129092bf23f28a5930387c980c0dfc,2018-05-12 21:15:19,39,70.75,-8.975265017667844,0.1282051282051282,1926.68,VOLUME COLLAPSE
5058e8c1e82653974541e83690655b4a,2018-05-12 21:15:19,11,21.5,-9.767441860465116,0.45454545454545453,2238.83,VOLUME COLLAPSE
7040e82f899a04d1b434b795a43b4617,2018-05-12 21:15:19,28,34.0,-3.529411764705882,0.35714285714285715,737.65,VOLUME COLLAPSE
1bb2bdb95f4841f1bba2c0d2cd83d3c9,2018-05-12 21:15:19,31,27.25,2.500000000000001,0.0967741935483871,686.17,VOLUME SURGE
7d13fca15225358621be4086e1eb0964,2018-05-12 21:15:19,407,213.5,3.0359400482711245,0.19901719901719903,70231.38,VOLUME SURGE
3db66a856d18a9cba7c9241fc5221c50,2018-05-12 21:15:19,14,25.25,-3.3054892214021443,0.14285714285714285,1374.11,VOLUME COLLAPSE
1838dd9b8977065acf51d95e0053ea7a,2018-05-12 21:15:19,23,18.75,4.25,0.13043478260869565,115.00999999999999,VOLUME SURGE
18a349e75d307f4b4cc646a691ed4216,2018-05-12 21:15:19,37,32.5,2.769230769230769,0.3783783783783784,921.6600000000001,VOLUME SURGE
b410bdd36d5db7a65dcd42b7ead933b8,2018-05-12 21:15:19,19,11.25,7.75,0.10526315789473684,2514.84,VOLUME SURGE
c70c1b0d8ca86052f45a432a38b73958,2018-05-12 21:15:19,68,22.0,2.9408334468986546,0.14705882352941177,8786.0,VOLUME SURGE
7681ef142fd2c19048da7430856b5588,2018-05-12 21:15:19,27,19.5,3.6028834606144606,0.14814814814814814,7522.3099999999995,VOLUME SURGE
ef0ace09169ac090589d85746e3e036f,2018-05-12 21:15:19,58,51.5,2.524271844660194,0.1724137931034483,6576.19,VOLUME SURGE
f8db351d8c4c4c22c6835c19a46f01b0,2018-05-05 21:15:19,88,76.75,2.9315960912052113,0.19318181818181818,5306.01,VOLUME SURGE
c31eff8334d6b3047ed34bebd4d62c36,2018-05-05 21:15:19,40,28.25,3.269359215109186,0.15,3562.1,VOLUME SURGE
c70c1b0d8ca86052f45a432a38b73958,2018-05-05 21:15:19,43,15.0,3.277152121491656,0.11627906976744186,5838.05,VOLUME SURGE
06e5eefc71ec47ae763c5c6f8db7064f,2018-05-05 21:15:19,31,26.25,2.7813152079033188,0.16129032258064516,4280.23,VOLUME SURGE
06a2c3af7b3aee5d69171b0e14f0ee87,2018-05-05 21:15:19,113,68.25,4.856200067661348,0.22123893805309736,8827.14,VOLUME SURGE
0b90b6df587eb83608a64ea8b390cf07,2018-05-05 21:15:19,71,99.25,-3.030169489198487,0.29577464788732394,4252.98,VOLUME COLLAPSE
1025f0e2d44d7041d6cf58b6550e0bfa,2018-05-05 21:15:19,217,178.0,2.582838096276836,0.271889400921659,25898.52,VOLUME SURGE
7d13fca15225358621be4086e1eb0964,2018-05-05 21:15:19,300,174.25,3.67489555028845,0.21,58499.25,VOLUME SURGE
7299e27ed73d2ad986de7f7c77d919fa,2018-05-05 21:15:19,23,18.25,2.7813152079032704,0.08695652173913043,2290.52,VOLUME SURGE
966cb4760537b1404caedd472cc610a5,2018-05-05 21:15:19,20,12.75,3.516766563026828,0.2,10922.789999999999,VOLUME SURGE
9d4db00d65d7760644ac0c14edb5fd86,2018-05-05 21:15:19,38,26.75,3.130237546381136,0.10526315789473684,2772.2400000000002,VOLUME SURGE
f262cbc1c910c83959f849465454ddd3,2018-05-05 21:15:19,88,104.0,-3.0769230769230766,0.1590909090909091,1615.35,VOLUME COLLAPSE
f80edd2c5aaa505cc4b0a3b219abf4b8,2018-05-05 21:15:19,19,15.75,3.25,0.15789473684210525,1152.27,VOLUME SURGE
ce7d1888639e6fb06b2749cbfdac1ff7,2018-05-05 21:15:19,28,23.25,2.509285083028027,0.2857142857142857,4309.38,VOLUME SURGE
f7ccf836d21b2fb1de37564105216cc1,2018-05-05 21:15:19,21,24.25,-2.5828380962768387,0.42857142857142855,799.19,VOLUME COLLAPSE
4e922959ae960d389249c378d1c939f5,2018-05-05 21:15:19,84,98.5,-2.944162436548223,0.27380952380952384,8886.71,VOLUME COLLAPSE
b18dc380845b24038cfc48006478f099,2018-05-05 21:15:19,21,13.75,3.516766563026828,0.19047619047619047,3500.63,VOLUME SURGE
897060da8b9a21f655304d50fd935913,2018-05-05 21:15:19,75,94.5,-2.766955053566351,0.38666666666666666,2336.1,VOLUME COLLAPSE
87142160b41353c4e5fca2360caf6f92,2018-05-05 21:15:19,33,28.75,2.833333333333314,0.12121212121212122,1651.77,VOLUME SURGE
4869f7a5dfa277a7dca6462dcf3b52b2,2018-05-05 21:15:19,350,301.25,3.236514522821577,0.24285714285714285,58103.05,VOLUME SURGE
530ec6109d11eaaf87999465c6afee01,2018-05-05 21:15:19,28,19.25,2.570936061090556,0.10714285714285714,2340.02,VOLUME SURGE
640e21a7d01df7614a3b4923e990d40c,2018-05-05 21:15:19,21,10.25,2.516384664716807,0.047619047619047616,1770.17,VOLUME SURGE
17ca9b9e9b9ef8fdb529001b49ebb50f,2018-05-05 21:15:19,13,26.25,-3.893131749651415,0.07692307692307693,701.14,VOLUME COLLAPSE
b74d1c09cb380e1d03a6f859c6f4224b,2018-05-05 21:15:19,16,11.0,2.5,0.0625,739.6,VOLUME SURGE
213b25e6f54661939f11710a6fddb871,2018-05-05 21:15:19,28,17.25,2.666746793667982,0.32142857142857145,1906.63,VOLUME SURGE
d650b663c3b5f6fb392b6326366efa9a,2018-05-05 21:15:19,32,23.5,2.5628464289109916,0.1875,9193.01,VOLUME SURGE
5cf13accae3222c70a9cac40818ae839,2018-05-05 21:15:19,40,31.75,3.491460798500064,0.075,3291.46,VOLUME SURGE
bbad7e518d7af88a0897397ffdca1979,2018-05-05 21:15:19,15,12.333333333333334,2.666666666666666,0.5333333333333333,184.16000000000003,VOLUME SURGE
5a8e7d5003a1f221f9e1d6e411de7c23,2018-05-05 21:15:19,24,14.0,4.629100498862753,0.16666666666666666,1279.4,VOLUME SURGE
06a2c3af7b3aee5d69171b0e14f0ee87,2018-04-28 21:15:19,81,63.25,4.595814223822403,0.2345679012345679,6344.7,VOLUME SURGE
0be8ff43f22e456b4e0371b2245e4d01,2018-04-28 21:15:19,39,59.0,-6.779661016949152,0.23076923076923078,2552.4,VOLUME COLLAPSE
5cf13accae3222c70a9cac40818ae839,2018-04-28 21:15:19,35,30.25,3.140495867768595,0.08571428571428572,2767.44,VOLUME SURGE
0b90b6df587eb83608a64ea8b390cf07,2018-04-28 21:15:19,87,103.0,-3.1067961165048543,0.25287356321839083,5943.77,VOLUME COLLAPSE
dbd66278cbfe1aa1000f90a217ca4695,2018-04-28 21:15:19,16,11.25,4.75,0.0625,906.65,VOLUME SURGE
7d13fca15225358621be4086e1eb0964,2018-04-28 21:15:19,220,151.25,3.1350017556014738,0.2545454545454545,50000.4,VOLUME SURGE
9d4db00d65d7760644ac0c14edb5fd86,2018-04-28 21:15:19,32,25.25,5.346534653465346,0.125,2421.4900000000002,VOLUME SURGE
530ec6109d11eaaf87999465c6afee01,2018-04-28 21:15:19,24,17.25,4.4999999999999885,0.125,2186.63,VOLUME SURGE
080102cd0a76b09e0dcf55fcacc60e05,2018-04-28 21:15:19,36,28.5,3.150630189063022,0.05555555555555555,237.98000000000002,VOLUME SURGE
5a8e7d5003a1f221f9e1d6e411de7c23,2018-04-28 21:15:19,17,12.25,2.781315207903315,0.11764705882352941,975.27,VOLUME SURGE
2ff97219cb8622eaf3cd89b7d9c09824,2018-04-28 21:15:19,33,22.0,2.8722813232690134,0.06060606060606061,1149.53,VOLUME SURGE
6b3bd31ad8fcda4b2635ec9f3ff2ecdf,2018-04-28 21:15:19,17,10.666666666666666,3.042434922296655,0.17647058823529413,1346.73,VOLUME SURGE
c31eff8334d6b3047ed34bebd4d62c36,2018-04-28 21:15:19,33,26.0,3.2403703492039284,0.12121212121212122,3246.07,VOLUME SURGE
b499c00f28f4b7069ff6550af8c1348a,2018-04-28 21:15:19,40,35.25,2.6950354609929077,0.2,1778.39,VOLUME SURGE
e9bc59e7b60fc3063eb2290deda4cced,2018-04-28 21:15:19,38,24.5,11.020408163265305,0.21052631578947367,4270.57,VOLUME SURGE
213b25e6f54661939f11710a6fddb871,2018-04-28 21:15:19,23,14.25,3.5000000000000004,0.30434782608695654,1454.48,VOLUME SURGE
ececbfcff9804a2d6b40f589df8eef2b,2018-04-28 21:15:19,25,14.25,5.21451593828116,0.24,1752.06,VOLUME SURGE
c70c1b0d8ca86052f45a432a38b73958,2018-04-28 21:15:19,24,10.5,2.727411870290969,0.125,2488.2,VOLUME SURGE
ede0c03645598cdfc63ca8237acbe73d,2018-04-21 21:15:19,36,26.75,3.2204366351804103,0.4166666666666667,466.77,VOLUME SURGE
f84a00e60c73a49e7e851c9bdca3a5bb,2018-04-21 21:15:19,22,27.5,-2.872281323269013,0.4090909090909091,1467.69,VOLUME COLLAPSE
ececbfcff9804a2d6b40f589df8eef2b,2018-04-21 21:15:19,17,12.75,2.833333333333334,0.23529411764705882,1215.8700000000001,VOLUME SURGE
92eb0f42c21942b6552362b9b114707d,2018-04-21 21:15:19,64,84.0,-2.567762955065482,0.25,439.14,VOLUME COLLAPSE
8f119a0aee85c0c8fc534629734e94fd,2018-04-21 21:15:19,7,13.5,-3.0641293851417064,0.0,40.22,VOLUME COLLAPSE
8f2ce03f928b567e3d56181ae20ae952,2018-04-21 21:15:19,44,50.5,-2.574257425742574,0.25,2396.23,VOLUME COLLAPSE
669ae81880e08f269a64487cfb287169,2018-04-21 21:15:19,38,32.5,2.8722813232690045,0.18421052631578946,1354.14,VOLUME SURGE
3c7c4a49ec3c6550809089c6a2ca9370,2018-04-21 21:15:19,44,52.0,-3.0769230769230766,0.22727272727272727,708.5799999999999,VOLUME COLLAPSE
850f4f8af5ea87287ac68de36e29107f,2018-04-21 21:15:19,32,38.25,-3.2679738562091503,0.125,2363.2,VOLUME COLLAPSE
e882b2a25a10b9c057cc49695f222c19,2018-04-21 21:15:19,31,20.75,2.653920889812934,0.0967741935483871,26113.22,VOLUME SURGE
562fc2f2c2863ab7e79a9e4388a58a14,2018-04-21 21:15:19,123,98.0,4.20579115569034,0.12195121951219512,3283.7400000000002,VOLUME SURGE
537eb890efff034a88679788b647c564,2018-04-21 21:15:19,38,31.75,3.9370078740157477,0.13157894736842105,823.7900000000001,VOLUME SURGE
5343d0649eca2a983820bfe93fc4d17e,2018-04-21 21:15:19,40,31.5,2.733886963836377,0.3,3318.33,VOLUME SURGE
966cb4760537b1404caedd472cc610a5,2018-04-21 21:15:19,14,11.0,3.0,0.21428571428571427,6617.3099999999995,VOLUME SURGE
76d64c4aca3a7baf218bf93ef7fa768d,2018-04-21 21:15:19,11,22.5,-8.907861696277044,0.0,1111.79,VOLUME COLLAPSE
2eb70248d66e0e3ef83659f71b244378,2018-04-21 21:15:19,39,14.5,9.735312824428073,0.7435897435897436,5844.2,VOLUME SURGE
ce7d1888639e6fb06b2749cbfdac1ff7,2018-04-21 21:15:19,26,21.5,2.5980762113533156,0.2692307692307692,3664.38,VOLUME SURGE
259f7b5e6e482c230e5bfaa670b6bb8f,2018-04-21 21:15:19,38,46.5,-3.6559139784946235,0.10526315789473684,1519.74,VOLUME COLLAPSE
c003204e1ab016dfa150abc119207b24,2018-04-21 21:15:19,75,66.5,2.556390977443609,0.06666666666666667,6060.14,VOLUME SURGE
abe42c5d03695b4257b5c6cbf4e6784e,2018-04-21 21:15:19,16,11.75,4.25,0.3125,4444.16,VOLUME SURGE
17a053fcb14bd219540cbde0df490be0,2018-04-21 21:15:19,43,34.0,5.294117647058823,0.16279069767441862,8514.02,VOLUME SURGE
2a84855fd20af891be03bc5924d2b453,2018-04-21 21:15:19,51,62.25,-3.2142857142857113,0.17647058823529413,5511.36,VOLUME COLLAPSE
f7ba60f8c3f99e7ee4042fdef03b70c4,2018-04-14 21:15:19,85,69.0,2.642313036303263,0.15294117647058825,19313.75,VOLUME SURGE
3d871de0142ce09b7081e2b9d1733cb1,2018-04-14 21:15:19,172,284.5,-3.4059647361187877,0.16279069767441862,11468.58,VOLUME COLLAPSE
a3a38f4affed601eb87a97788c949667,2018-04-14 21:15:19,15,45.25,-5.272510511000197,0.06666666666666667,743.1,VOLUME COLLAPSE
f84fa566034f5e8e880a07ec624c56af,2018-04-14 21:15:19,51,15.333333333333334,7.909667599213929,0.19607843137254902,1470.75,VOLUME SURGE
2138ccb85b11a4ec1e37afbd1c8eda1f,2018-04-14 21:15:19,27,31.75,-2.992125984251968,0.2222222222222222,534.3,VOLUME COLLAPSE
ede0c03645598cdfc63ca8237acbe73d,2018-04-14 21:15:19,31,25.0,4.8,0.45161290322580644,367.31,VOLUME SURGE
8bb48dc19fccaa8613b6229bf7f452a2,2018-04-14 21:15:19,25,31.75,-3.0441664134114585,0.12,1023.82,VOLUME COLLAPSE
891071be6ba827b591264c90c2ae8a63,2018-04-14 21:15:19,12,22.666666666666668,-9.237604307034017,0.4166666666666667,601.63,VOLUME COLLAPSE
b18dc380845b24038cfc48006478f099,2018-04-14 21:15:19,11,14.0,-3.0,0.18181818181818182,1618.47,VOLUME COLLAPSE
b2ba3715d723d245138f291a6fe42594,2018-04-14 21:15:19,51,72.25,-4.974248755835564,0.19607843137254902,4697.67,VOLUME COLLAPSE
88460e8ebdecbfecb5f9601833981930,2018-04-14 21:15:19,112,94.25,3.76657824933687,0.4107142857142857,7926.97,VOLUME SURGE
ceaec5548eefc6e23e6607c5435102e7,2018-04-14 21:15:19,90,65.0,2.7835110713445212,0.17777777777777778,21644.43,VOLUME SURGE
128639473a139ac0f3e5f5ade55873a5,2018-04-14 21:15:19,165,192.25,-2.7775771933350537,0.17575757575757575,564.9,VOLUME COLLAPSE
bd0389da23d89b726abf911cccc54596,2018-04-14 21:15:19,31,38.75,-4.0,0.1935483870967742,656.5,VOLUME COLLAPSE
c31eff8334d6b3047ed34bebd4d62c36,2018-04-14 21:15:19,29,23.25,3.833333333333328,0.2413793103448276,2758.57,VOLUME SURGE
fe2032dab1a61af8794248c8196565c9,2018-04-14 21:15:19,48,40.0,3.265986323710905,0.10416666666666667,9626.61,VOLUME SURGE
7ddcbb64b5bc1ef36ca8c151f6ec77df,2018-04-14 21:15:19,55,76.25,-3.0592169406819547,0.2545454545454545,9576.41,VOLUME COLLAPSE
08633c14ef2db992c11f840f04fad4cd,2018-04-14 21:15:19,24,17.5,3.7527767497325675,0.08333333333333333,1505.29,VOLUME SURGE
712e6ed8aa4aa1fa65dab41fed5737e4,2018-04-14 21:15:19,16,29.25,-9.05982905982906,0.4375,8673.86,VOLUME COLLAPSE
f3b80352b986ab4d1057a4b724be19d0,2018-04-14 21:15:19,6,28.25,-15.75221238938053,0.16666666666666666,967.19,VOLUME COLLAPSE
92eb0f42c21942b6552362b9b114707d,2018-04-14 21:15:19,73,86.0,-3.0232558139534884,0.2191780821917808,625.83,VOLUME COLLAPSE
fffd5413c0700ac820c7069d66d98c89,2018-04-14 21:15:19,20,13.0,2.7110883423451915,0.25,2787.96,VOLUME SURGE
9b013e03b2ab786505a1d3b5c0756754,2018-04-14 21:15:19,42,27.5,2.6327397671092903,0.14285714285714285,1672.24,VOLUME SURGE
34056b8b55c1775a22af2331670a799c,2018-04-14 21:15:19,18,11.0,2.6457513110645903,0.16666666666666666,1274.4299999999998,VOLUME SURGE
2e90cb1677d35cfe24eef47d441b7c87,2018-04-14 21:15:19,33,37.75,-2.5165562913907285,0.24242424242424243,1380.99,VOLUME COLLAPSE
7ddcbb64b5bc1ef36ca8c151f6ec77df,2018-04-07 21:15:19,66,81.75,-3.6212478682559266,0.24242424242424243,12015.38,VOLUME COLLAPSE
900ba814c251a692506d7834c1218441,2018-04-07 21:15:19,25,20.75,4.096385542168674,0.16,6782.49,VOLUME SURGE
aafe36600ce604f205b86b5084d3d767,2018-04-07 21:15:19,13,26.75,-9.166666666666671,0.23076923076923078,1072.76,VOLUME COLLAPSE
1da3aeb70d7989d1e6d9b0e887f97c23,2018-04-07 21:15:19,54,43.25,3.2535946063692998,0.18518518518518517,1209.09,VOLUME SURGE
4371b634e0efc0e22b09b52907d9d469,2018-04-07 21:15:19,41,35.0,3.000000000000002,0.17073170731707318,2410.5,VOLUME SURGE
70eea00b476a314817cefde4aad4f89a,2018-04-07 21:15:19,29,21.5,5.809475019311132,0.10344827586206896,4999.14,VOLUME SURGE
16090f2ca825584b5a147ab24aa30c86,2018-04-07 21:15:19,83,66.0,2.5436488070744647,0.1927710843373494,485.67,VOLUME SURGE
36a968b544695394e4e9d7572688598f,2018-04-07 21:15:19,6,15.5,-3.990798239479828,0.0,351.35,VOLUME COLLAPSE
b1fc4f64df5a0e8b6913ab38803c57a9,2018-04-07 21:15:19,37,32.5,2.5980762113533182,0.21621621621621623,2434.07,VOLUME SURGE
9b013e03b2ab786505a1d3b5c0756754,2018-04-07 21:15:19,34,25.0,2.598076211353315,0.14705882352941177,1573.97,VOLUME SURGE
6d66611d7c44cc30ce351abc49a68421,2018-04-07 21:15:19,30,39.25,-2.5737508714689334,0.26666666666666666,1691.94,VOLUME COLLAPSE
4869f7a5dfa277a7dca6462dcf3b52b2,2018-04-07 21:15:19,294,260.75,2.5503355704697985,0.25510204081632654,57639.75,VOLUME SURGE
6edacfd9f9074789dad6d62ba7950b9c,2018-04-07 21:15:19,19,27.5,-2.7338869638363787,0.05263157894736842,884.28,VOLUME COLLAPSE
ececbfcff9804a2d6b40f589df8eef2b,2018-04-07 21:15:19,14,11.5,2.5,0.2857142857142857,1010.7900000000001,VOLUME SURGE
08633c14ef2db992c11f840f04fad4cd,2018-04-07 21:15:19,20,16.25,3.75,0.1,1464.0,VOLUME SURGE
cfb1a033743668a192316f3c6d1d2671,2018-04-07 21:15:19,13,27.0,-10.37037037037037,0.07692307692307693,791.5,VOLUME COLLAPSE
c8b0e2b0a7095e5d8219575d5e7e1181,2018-04-07 21:15:19,34,21.75,2.9783703018886714,0.11764705882352941,4641.51,VOLUME SURGE
0ef83d7d83ed97cd2a0049ac8be5f88a,2018-04-07 21:15:19,23,18.75,2.8333333333333313,0.21739130434782608,1907.26,VOLUME SURGE
f7ccf836d21b2fb1de37564105216cc1,2018-04-07 21:15:19,24,17.0,4.286607049870562,0.375,652.52,VOLUME SURGE
6481e96574816ead57975da2c0f6d80d,2018-04-07 21:15:19,18,15.5,2.5,0.0,664.87,VOLUME SURGE
33a6f4b1e7cdc205511e76ba1b6e0186,2018-04-07 21:15:19,37,24.0,2.6175086153346943,0.16216216216216217,2352.91,VOLUME SURGE
ceaec5548eefc6e23e6607c5435102e7,2018-04-07 21:15:19,77,57.75,2.507908283888397,0.19480519480519481,18392.29,VOLUME SURGE
8648b1e89e9b349e32d3741b30ec737e,2018-04-07 21:15:19,33,27.75,3.074085229787875,0.15151515151515152,1434.8899999999999,VOLUME SURGE
850913d59ce317156b00f3705f1c3edb,2018-04-07 21:15:19,17,10.333333333333334,4.364357804719847,0.47058823529411764,815.1500000000001,VOLUME SURGE
b2ba3715d723d245138f291a6fe42594,2018-04-07 21:15:19,66,76.0,-2.631578947368421,0.15151515151515152,7051.3,VOLUME COLLAPSE
7e93a43ef30c4f03f38b393420bc753a,2018-04-07 21:15:19,29,61.0,-7.039061521024946,0.13793103448275862,9346.15,VOLUME COLLAPSE
3d871de0142ce09b7081e2b9d1733cb1,2018-04-07 21:15:19,240,308.5,-2.928848504941745,0.14583333333333334,17654.13,VOLUME COLLAPSE
e5a38146df062edaf55c38afa99e42dc,2018-04-07 21:15:19,45,38.0,2.857738033247032,0.26666666666666666,4360.68,VOLUME SURGE
25e6ffe976bd75618accfe16cefcbd0d,2018-04-07 21:15:19,11,22.75,-3.934926283910931,0.09090909090909091,224.40999999999997,VOLUME COLLAPSE
1b4c3a6f53068f0b6944d2d005c9fc89,2018-04-07 21:15:19,12,27.5,-3.8352553596168004,0.16666666666666666,977.01,VOLUME COLLAPSE
0dd184061fb0eaa7ca37932c68ab91c5,2018-03-31 21:15:19,71,48.75,3.181277747859963,0.23943661971830985,6720.07,VOLUME SURGE
391fc6631aebcf3004804e51b40bcf1e,2018-03-31 21:15:19,109,94.75,2.6499687345227585,0.1834862385321101,5580.15,VOLUME SURGE
562fc2f2c2863ab7e79a9e4388a58a14,2018-03-31 21:15:19,96,84.75,2.5866056201828065,0.14583333333333334,2654.33,VOLUME SURGE
5a8e7d5003a1f221f9e1d6e411de7c23,2018-03-31 21:15:19,10,20.75,-4.848116880618247,0.3,888.29,VOLUME COLLAPSE
9b013e03b2ab786505a1d3b5c0756754,2018-03-31 21:15:19,30,24.0,3.674234614174763,0.16666666666666666,1447.65,VOLUME SURGE
c8b0e2b0a7095e5d8219575d5e7e1181,2018-03-31 21:15:19,27,19.0,2.7174648819470297,0.1111111111111111,3515.32,VOLUME SURGE
ef0ace09169ac090589d85746e3e036f,2018-03-31 21:15:19,49,41.5,3.614457831325301,0.16326530612244897,5211.71,VOLUME SURGE
8a130737016f838139d31878787a39c9,2018-03-31 21:15:19,26,20.0,3.286335345030996,0.038461538461538464,1040.81,VOLUME SURGE
95f83f51203c626648c875dd41874c7f,2018-03-31 21:15:19,16,11.666666666666666,2.8368325730679014,0.1875,908.4200000000001,VOLUME SURGE
5dceca129747e92ff8ef7a997dc4f8ca,2018-03-31 21:15:19,49,39.5,4.563652383444977,0.4489795918367347,26807.94,VOLUME SURGE
d2374cbcbb3ca4ab1086534108cc3ab7,2018-03-31 21:15:19,85,71.25,2.528012078773068,0.24705882352941178,2245.54,VOLUME SURGE
6d66611d7c44cc30ce351abc49a68421,2018-03-31 21:15:19,34,41.0,-3.414634146341463,0.2647058823529412,1860.49,VOLUME COLLAPSE
e9d99831abad74458942f21e16f33f92,2018-03-31 21:15:19,13,38.25,-13.202614379084967,0.3076923076923077,188.64,VOLUME COLLAPSE
33a6f4b1e7cdc205511e76ba1b6e0186,2018-03-31 21:15:19,30,21.0,2.528781691270573,0.2,1852.76,VOLUME SURGE
7ea5bfa6c340f58f8e71fc1f0412b0d6,2018-03-31 21:15:19,39,31.25,4.96,0.15384615384615385,3499.39,VOLUME SURGE
6973a06f484aacf400ece213dbf3d946,2018-03-31 21:15:19,69,51.25,4.595814223822399,0.2318840579710145,3953.59,VOLUME SURGE
a673821011d0cec28146ea42f5ab767f,2018-03-31 21:15:19,19,33.75,-3.2777777777777763,0.3684210526315789,1639.79,VOLUME COLLAPSE
522620dcb18a6b31cd7bdf73665113a9,2018-03-31 21:15:19,54,44.5,3.0555207242877125,0.2962962962962963,14127.220000000001,VOLUME SURGE
37515688008a7a40ac93e3b2e4ab203f,2018-03-31 21:15:19,28,46.5,-3.22043663518041,0.03571428571428571,479.3,VOLUME COLLAPSE
16090f2ca825584b5a147ab24aa30c86,2018-03-31 21:15:19,74,62.25,2.569162822703489,0.20270270270270271,485.67,VOLUME SURGE
f8db351d8c4c4c22c6835c19a46f01b0,2018-03-31 21:15:19,74,59.75,2.713260488294719,0.17567567567567569,3205.98,VOLUME SURGE
282f23a9769b2690c5dda22e316f9941,2018-03-31 21:15:19,24,32.25,-5.116279069767442,0.125,1140.8799999999999,VOLUME COLLAPSE
06a2c3af7b3aee5d69171b0e14f0ee87,2018-03-31 21:15:19,61,33.0,3.3308166600162052,0.2459016393442623,5072.7,VOLUME SURGE
2528513dd95219a6013d4d05176e391a,2018-03-31 21:15:19,45,37.5,3.150630189063026,0.17777777777777778,5959.06,VOLUME SURGE
7ad32824caee82087b3e2e5f33b1bf32,2018-03-31 21:15:19,29,17.25,3.357142857142857,0.4827586206896552,6578.3099999999995,VOLUME SURGE
42b729f859728f5079499127a9c2ef37,2018-03-31 21:15:19,24,14.25,2.7128725401969844,0.25,362.34000000000003,VOLUME SURGE
77530e9772f57a62c906e1c21538ab82,2018-03-31 21:15:19,88,76.0,3.157894736842105,0.22727272727272727,8693.78,VOLUME SURGE
080199a181c46c657dc5aa235411be3b,2018-03-31 21:15:19,36,30.25,2.78915968791783,0.0,4585.51,VOLUME SURGE
2a7dc43cecabf23403078e2188437d1d,2018-03-31 21:15:19,19,27.0,-3.7032803990902026,0.10526315789473684,1255.49,VOLUME COLLAPSE
8e8a7ce9f2f970dc00e2acf6f6e199f6,2018-03-31 21:15:19,26,20.5,4.260281680828158,0.15384615384615385,2841.8,VOLUME SURGE
955fee9216a65b617aa5c0531780ce60,2018-03-24 21:15:19,446,391.75,2.530565641512149,0.14573991031390135,19650.34,VOLUME SURGE
06a2c3af7b3aee5d69171b0e14f0ee87,2018-03-24 21:15:19,44,26.75,2.612936634996839,0.18181818181818182,3684.77,VOLUME SURGE
4b9750c8ad28220fe6702d4ecb7c898f,2018-03-24 21:15:19,49,40.5,2.7338869638363787,0.20408163265306123,1533.65,VOLUME SURGE
6973a06f484aacf400ece213dbf3d946,2018-03-24 21:15:19,57,49.25,3.147208121827411,0.2807017543859649,2983.17,VOLUME SURGE
37515688008a7a40ac93e3b2e4ab203f,2018-03-24 21:15:19,39,49.25,-3.5685919470918055,0.07692307692307693,779.98,VOLUME COLLAPSE
e882b2a25a10b9c057cc49695f222c19,2018-03-24 21:15:19,17,12.666666666666666,4.333333333333334,0.058823529411764705,15825.97,VOLUME SURGE
897060da8b9a21f655304d50fd935913,2018-03-24 21:15:19,105,91.5,2.9508196721311473,0.2857142857142857,2744.45,VOLUME SURGE
7299e27ed73d2ad986de7f7c77d919fa,2018-03-24 21:15:19,19,75.75,-14.983498349834983,0.0,1978.38,VOLUME COLLAPSE
42b729f859728f5079499127a9c2ef37,2018-03-24 21:15:19,19,12.0,3.2403703492039297,0.3157894736842105,319.05,VOLUME SURGE
cbd996ad3c1b7dc71fd0e5f5df9087e2,2018-03-24 21:15:19,50,39.0,2.5460052743745156,0.2,1794.45,VOLUME SURGE
dee656f0f566ed1aa85bd137c943f08f,2018-03-24 21:15:19,18,28.0,-7.142857142857142,0.2222222222222222,344.34000000000003,VOLUME COLLAPSE
d91fb3b7d041e83b64a00a3edfb37e4f,2018-03-24 21:15:19,79,50.5,3.6895973346179827,0.11392405063291139,1595.52,VOLUME SURGE
c3cfdc648177fdbbbb35635a37472c53,2018-03-24 21:15:19,37,32.25,2.7813152079032952,0.08108108108108109,5479.7,VOLUME SURGE
0dd184061fb0eaa7ca37932c68ab91c5,2018-03-24 21:15:19,58,44.25,3.1614068691123074,0.2413793103448276,5462.93,VOLUME SURGE
a5cba26a62b8b4d0145b68b841e62e7f,2018-03-24 21:15:19,18,10.0,5.6568542494923815,0.1111111111111111,5741.34,VOLUME SURGE
53243585a1d6dc2643021fd1853d8905,2018-03-24 21:15:19,22,125.5,-16.49402390438247,0.18181818181818182,8940.24,VOLUME COLLAPSE
8b28d096634035667e8263d57ba3368c,2018-03-24 21:15:19,26,30.5,-2.9508196721311473,0.4230769230769231,1148.16,VOLUME COLLAPSE
f8db351d8c4c4c22c6835c19a46f01b0,2018-03-24 21:15:19,67,57.0,3.508771929824561,0.1791044776119403,2971.94,VOLUME SURGE
54a1852d1b8f10312c55e906355666ee,2018-03-24 21:15:19,48,38.75,2.7996046612945187,0.16666666666666666,1564.83,VOLUME SURGE
33a6f4b1e7cdc205511e76ba1b6e0186,2018-03-24 21:15:19,26,18.0,2.7174648819470297,0.19230769230769232,1433.04,VOLUME SURGE
e59aa562b9f8076dd550fcddf0e73491,2018-03-24 21:15:19,33,26.75,2.818672605010609,0.15151515151515152,9602.89,VOLUME SURGE
9c0e69c7bf2619675bbadf47b43f655a,2018-03-24 21:15:19,26,13.0,5.307227776030243,0.11538461538461539,2463.97,VOLUME SURGE
5cf13accae3222c70a9cac40818ae839,2018-03-24 21:15:19,29,25.75,2.524271844660194,0.06896551724137931,2514.84,VOLUME SURGE
adbc26658d6c7b4b6219f9d934598091,2018-03-24 21:15:19,25,42.25,-5.572252686302011,0.2,2712.7200000000003,VOLUME COLLAPSE
c8b0e2b0a7095e5d8219575d5e7e1181,2018-03-24 21:15:19,23,17.25,3.8333333333333326,0.08695652173913043,2999.88,VOLUME SURGE
080102cd0a76b09e0dcf55fcacc60e05,2018-03-24 21:15:19,29,21.75,4.245165317326119,0.06896551724137931,76.87,VOLUME SURGE
5d0363b33554b373851fc1622e4d5f3c,2018-03-24 21:15:19,34,29.5,2.598076211353319,0.20588235294117646,1562.92,VOLUME SURGE
dbc22125167c298ef99da25668e1011f,2018-03-24 21:15:19,48,39.5,4.30379746835443,0.08333333333333333,3158.76,VOLUME SURGE
fa40cc5b934574b62717c68f3d678b6d,2018-03-24 21:15:19,52,44.0,3.6363636363636362,0.09615384615384616,466.29999999999995,VOLUME SURGE
537eb890efff034a88679788b647c564,2018-03-17 21:15:19,29,37.5,-4.438980226870298,0.1724137931034483,704.08,VOLUME COLLAPSE
b76dba6c951ab00dc4edf0a1aa88037e,2018-03-17 21:15:19,9,35.25,-14.893617021276594,0.2222222222222222,56.18,VOLUME COLLAPSE
e62b2d6ac10570a035a30bafcf01d263,2018-03-17 21:15:19,30,19.5,2.711088342345192,0.16666666666666666,2221.21,VOLUME SURGE
cbd996ad3c1b7dc71fd0e5f5df9087e2,2018-03-17 21:15:19,45,36.25,3.9461416470148483,0.15555555555555556,1724.68,VOLUME SURGE
4e922959ae960d389249c378d1c939f5,2018-03-17 21:15:19,94,83.5,2.51497005988024,0.2765957446808511,8074.05,VOLUME SURGE
2c9e548be18521d1c43cde1c582c6de8,2018-03-17 21:15:19,44,34.5,3.9907982394798296,0.2727272727272727,937.16,VOLUME SURGE
76d5af76d0271110f9af36c92573f765,2018-03-17 21:15:19,25,29.5,-3.0508474576271185,0.08,3682.29,VOLUME COLLAPSE
d1c281d3ae149232351cd8c8cc885f0d,2018-03-17 21:15:19,19,26.5,-3.9167472590031864,0.2631578947368421,1989.82,VOLUME COLLAPSE
d94a40fd42351c259927028d163af842,2018-03-17 21:15:19,26,33.25,-3.516766563026831,0.07692307692307693,3312.09,VOLUME COLLAPSE
d91fb3b7d041e83b64a00a3edfb37e4f,2018-03-17 21:15:19,61,46.25,4.1040892274774965,0.09836065573770492,1297.98,VOLUME SURGE
a416b6a846a11724393025641d4edd5e,2018-03-17 21:15:19,38,30.75,3.2696602218123028,0.23684210526315788,5580.51,VOLUME SURGE
080102cd0a76b09e0dcf55fcacc60e05,2018-03-17 21:15:19,24,20.75,3.1325301204819276,0.08333333333333333,0.0,VOLUME SURGE
f12ff17ad8bbf01ec5c33b17e506649b,2018-03-17 21:15:19,14,11.333333333333334,2.666666666666666,0.14285714285714285,2607.7200000000003,VOLUME SURGE
710e3548e02bc1d2831dfc4f1b5b14d4,2018-03-17 21:15:19,36,10.5,6.897772705205856,0.6666666666666666,1428.57,VOLUME SURGE
972d0f9cf61b499a4812cf0bfa3ad3c4,2018-03-17 21:15:19,36,31.5,2.8571428571428568,0.4166666666666667,3366.4700000000003,VOLUME SURGE
1e8b33f18b4f7598d87f5cbee2282cc2,2018-03-17 21:15:19,38,31.5,2.730546163854617,0.18421052631578946,4365.38,VOLUME SURGE
1f9ab4708f3056ede07124aad39a2554,2018-03-17 21:15:19,26,16.0,2.5537695922762462,0.07692307692307693,4025.74,VOLUME SURGE
70a12e78e608ac31179aea7f8422044b,2018-03-17 21:15:19,56,41.5,3.115099702071539,0.30357142857142855,5228.42,VOLUME SURGE
7c67e1448b00f6e969d365cea6b010ab,2018-03-10 21:15:19,207,168.5,2.893837207810893,0.357487922705314,28309.84,VOLUME SURGE
d91fb3b7d041e83b64a00a3edfb37e4f,2018-03-10 21:15:19,51,43.75,2.9000000000000115,0.09803921568627451,914.87,VOLUME SURGE
54a1852d1b8f10312c55e906355666ee,2018-03-10 21:15:19,42,35.25,2.856649744227326,0.11904761904761904,1141.3600000000001,VOLUME SURGE
7d13fca15225358621be4086e1eb0964,2018-03-10 21:15:19,61,18.333333333333332,2.848667823822293,0.36065573770491804,14817.96,VOLUME SURGE
2138ccb85b11a4ec1e37afbd1c8eda1f,2018-03-10 21:15:19,29,34.25,-3.065693430656934,0.13793103448275862,498.7,VOLUME COLLAPSE
4830e40640734fc1c52cd21127c341d4,2018-03-10 21:15:19,70,60.5,3.0555207242877143,0.17142857142857143,2060.2599999999998,VOLUME SURGE
b4ffb71f0cb1b1c3d63fad021ecf93e1,2018-03-10 21:15:19,31,39.25,-3.720647838614004,0.16129032258064516,608.18,VOLUME COLLAPSE
1838dd9b8977065acf51d95e0053ea7a,2018-03-10 21:15:19,18,13.25,4.75,0.2222222222222222,197.21,VOLUME SURGE
46dc3b2cc0980fb8ec44634e21d2718e,2018-03-10 21:15:19,39,216.5,-9.215340836808181,0.23076923076923078,7518.72,VOLUME COLLAPSE
001cca7ae9ae17fb1caed9dfb1094831,2018-03-10 21:15:19,18,51.0,-11.20954263803149,0.1111111111111111,1646.38,VOLUME COLLAPSE
4559697a8f7e637227c2eeaed843baff,2018-03-10 21:15:19,18,10.75,3.068253428984902,0.05555555555555555,447.64,VOLUME SURGE
7ddcbb64b5bc1ef36ca8c151f6ec77df,2018-03-10 21:15:19,88,113.5,-2.7878149778271903,0.2159090909090909,14434.09,VOLUME COLLAPSE
bd0389da23d89b726abf911cccc54596,2018-03-10 21:15:19,39,32.75,3.031695312954158,0.1282051282051282,1097.52,VOLUME SURGE
d673a59aac7a70d8b01e6902bf090a11,2018-03-10 21:15:19,26,18.5,4.330127018922194,0.15384615384615385,339.48,VOLUME SURGE
0df3984f9dfb3d49ac6366acbd3bbb85,2018-03-10 21:15:19,31,17.5,3.340383700311406,0.16129032258064516,2377.85,VOLUME SURGE
ef506c96320abeedfb894c34db06f478,2018-03-10 21:15:19,27,35.0,-2.7174648819470404,0.25925925925925924,545.36,VOLUME COLLAPSE
4d6d651bd7684af3fffabd5f08d12e5a,2018-03-10 21:15:19,115,97.75,3.2844732226725717,0.10434782608695652,9314.91,VOLUME SURGE
06a2c3af7b3aee5d69171b0e14f0ee87,2018-03-10 21:15:19,30,19.5,3.165869118066518,0.2,2570.77,VOLUME SURGE
9d4db00d65d7760644ac0c14edb5fd86,2018-03-10 21:15:19,18,14.0,2.82842712474619,0.16666666666666666,1515.42,VOLUME SURGE
0ef83d7d83ed97cd2a0049ac8be5f88a,2018-03-10 21:15:19,20,12.25,2.9468177649388227,0.2,1332.98,VOLUME SURGE
ce7d1888639e6fb06b2749cbfdac1ff7,2018-03-10 21:15:19,16,13.0,3.0,0.375,2117.37,VOLUME SURGE
1e8b33f18b4f7598d87f5cbee2282cc2,2018-03-10 21:15:19,35,29.75,3.5294117647058822,0.2,3732.27,VOLUME SURGE
4371b634e0efc0e22b09b52907d9d469,2018-03-10 21:15:19,34,27.0,3.8340579025361627,0.11764705882352941,998.58,VOLUME SURGE
d57e18d5f73c7ccb7f7339b61166898d,2018-03-03 21:15:19,19,14.5,2.598076211353316,0.10526315789473684,431.19,VOLUME SURGE
855668e0971d4dfd7bef1b6a4133b41b,2018-03-03 21:15:19,57,76.75,-2.573048758794587,0.3333333333333333,5666.17,VOLUME COLLAPSE
7178f9f4dd81dcef02f62acdf8151e01,2018-03-03 21:15:19,61,74.5,-2.5665832146241336,0.09836065573770492,7493.9800000000005,VOLUME COLLAPSE
7e3f87d16fb353f408d467e74fbd8014,2018-03-03 21:15:19,31,26.5,3.3962264150943393,0.16129032258064516,486.42999999999995,VOLUME SURGE
16090f2ca825584b5a147ab24aa30c86,2018-03-03 21:15:19,59,37.0,2.957530718658257,0.22033898305084745,2028.5800000000002,VOLUME SURGE
ef506c96320abeedfb894c34db06f478,2018-03-03 21:15:19,31,36.75,-3.129251700680272,0.25806451612903225,695.33,VOLUME COLLAPSE
f7ba60f8c3f99e7ee4042fdef03b70c4,2018-03-03 21:15:19,52,38.75,2.7678347296955956,0.1346153846153846,11957.07,VOLUME SURGE
7040e82f899a04d1b434b795a43b4617,2018-03-03 21:15:19,48,69.0,-6.08695652173913,0.3333333333333333,1517.59,VOLUME COLLAPSE
d673a59aac7a70d8b01e6902bf090a11,2018-03-03 21:15:19,21,17.75,3.25,0.09523809523809523,339.48,VOLUME SURGE
0df3984f9dfb3d49ac6366acbd3bbb85,2018-03-03 21:15:19,23,15.0,3.703280399090205,0.21739130434782608,2171.08,VOLUME SURGE
850f4f8af5ea87287ac68de36e29107f,2018-03-03 21:15:19,51,75.25,-3.8543891590592767,0.0784313725490196,4244.54,VOLUME COLLAPSE
de23c3b98a88888289c6f5cc1209054a,2018-03-03 21:15:19,56,73.25,-2.6331530805540084,0.10714285714285714,5224.5,VOLUME COLLAPSE
6c7d50c24b3ccd2fd83b44d8bb34e073,2018-03-03 21:15:19,25,42.75,-8.304093567251462,0.12,1688.44,VOLUME COLLAPSE
cc419e0650a3c5ba77189a1882b7556a,2018-03-03 21:15:19,369,474.0,-3.570795185601851,0.15718157181571815,18335.1,VOLUME COLLAPSE
7d13fca15225358621be4086e1eb0964,2018-03-03 21:15:19,35,10.0,4.419417382415921,0.4857142857142857,8834.85,VOLUME SURGE
5d0363b33554b373851fc1622e4d5f3c,2018-03-03 21:15:19,30,26.25,2.857142857142857,0.2,1093.1499999999999,VOLUME SURGE
634964b17796e64304cadf1ad3050fb7,2018-03-03 21:15:19,87,75.5,2.593178796609765,0.1724137931034483,7104.05,VOLUME SURGE
f5a590cf36251cf1162ea35bef76fe84,2018-03-03 21:15:19,23,28.0,-3.571428571428571,0.08695652173913043,6124.6900000000005,VOLUME COLLAPSE
8d956fec2e4337affcb520f56fd8cbfd,2018-03-03 21:15:19,35,21.75,4.613057882825993,0.14285714285714285,467.63,VOLUME SURGE
522620dcb18a6b31cd7bdf73665113a9,2018-03-03 21:15:19,41,26.75,4.603165262597304,0.34146341463414637,12032.380000000001,VOLUME SURGE
18a349e75d307f4b4cc646a691ed4216,2018-03-03 21:15:19,6,12.25,-4.166666666666666,0.16666666666666666,134.59,VOLUME COLLAPSE
b2ba3715d723d245138f291a6fe42594,2018-03-03 21:15:19,90,107.25,-3.216783216783216,0.13333333333333333,12446.619999999999,VOLUME COLLAPSE
95e03ca3d4146e4011985981aeb959b9,2018-03-03 21:15:19,39,63.25,-2.5432554900414606,0.05128205128205128,1508.08,VOLUME COLLAPSE
d12c926d74ceff0a90a21184466ce161,2018-03-03 21:15:19,12,16.25,-2.8333333333333326,0.0,255.28,VOLUME COLLAPSE
391fc6631aebcf3004804e51b40bcf1e,2018-03-03 21:15:19,88,112.0,-2.6082848016079887,0.18181818181818182,4330.2,VOLUME COLLAPSE
88460e8ebdecbfecb5f9601833981930,2018-03-03 21:15:19,85,35.25,2.9168143215343085,0.47058823529411764,5463.79,VOLUME SURGE
8e6d7754bc7e0f22c96d255ebda59eba,2018-03-03 21:15:19,67,43.5,3.357142857142857,0.23880597014925373,3743.04,VOLUME SURGE
b33e7c55446eabf8fe1a42d037ac7d6d,2018-03-03 21:15:19,74,97.25,-4.781491002570694,0.10810810810810811,22166.02,VOLUME COLLAPSE
1f9ab4708f3056ede07124aad39a2554,2018-03-03 21:15:19,21,13.5,2.8347335475692046,0.09523809523809523,2976.91,VOLUME SURGE
7ea5bfa6c340f58f8e71fc1f0412b0d6,2018-02-24 21:15:19,34,20.5,3.211858922158484,0.17647058823529413,3455.62,VOLUME SURGE
cab85505710c7cb9b720bceb52b01cee,2018-02-24 21:15:19,31,26.25,2.509285083028019,0.03225806451612903,1011.46,VOLUME SURGE
dd7ddc04e1b6c2c614352b383efe2d36,2018-02-24 21:15:19,10,18.5,-2.733886963836376,0.4,78.69,VOLUME COLLAPSE
1a3df491d1c4f1589fc2b934ada68bf2,2018-02-24 21:15:19,29,35.5,-3.661971830985915,0.13793103448275862,3424.65,VOLUME COLLAPSE
8160255418d5aaa7dbdc9f4c64ebda44,2018-02-24 21:15:19,110,143.25,-2.7494366167274533,0.11818181818181818,11796.45,VOLUME COLLAPSE
41b39e28db005d9731d9d485a83b4c38,2018-02-24 21:15:19,22,32.0,-2.73861278752583,0.09090909090909091,1471.42,VOLUME COLLAPSE
7178f9f4dd81dcef02f62acdf8151e01,2018-02-24 21:15:19,67,76.75,-2.54071661237785,0.13432835820895522,9061.92,VOLUME COLLAPSE
670c26e0f1bf8d0576271d5cfaec6d2b,2018-02-24 21:15:19,39,32.5,2.7305461638546187,0.05128205128205128,1439.78,VOLUME SURGE
1f50f920176fa81dab994f9023523100,2018-02-24 21:15:19,361,490.0,-5.26530612244898,0.20498614958448755,14668.91,VOLUME COLLAPSE
de23c3b98a88888289c6f5cc1209054a,2018-02-24 21:15:19,65,76.5,-3.0065359477124183,0.07692307692307693,6350.0199999999995,VOLUME COLLAPSE
d98eec89afa3380e14463da2aabaea72,2018-02-24 21:15:19,33,39.0,-3.0769230769230766,0.15151515151515152,832.4200000000001,VOLUME COLLAPSE
8a130737016f838139d31878787a39c9,2018-02-24 21:15:19,16,10.25,3.8333333333333326,0.0,419.09000000000003,VOLUME SURGE
5dceca129747e92ff8ef7a997dc4f8ca,2018-02-24 21:15:19,35,42.5,-3.5294117647058822,0.2,10250.56,VOLUME COLLAPSE
1025f0e2d44d7041d6cf58b6550e0bfa,2018-02-24 21:15:19,94,148.5,-4.848836326410354,0.2872340425531915,12552.52,VOLUME COLLAPSE
4a3ca9315b744ce9f8e9374361493884,2018-02-24 21:15:19,300,345.25,-2.621288921071687,0.2633333333333333,29491.16,VOLUME COLLAPSE
1bb2bdb95f4841f1bba2c0d2cd83d3c9,2018-02-24 21:15:19,26,20.5,4.260281680828162,0.0,740.4100000000001,VOLUME SURGE
e5a3438891c0bfdb9394643f95273d8e,2018-02-24 21:15:19,93,109.25,-2.974828375286041,0.15053763440860216,1214.61,VOLUME COLLAPSE
06e5eefc71ec47ae763c5c6f8db7064f,2018-02-24 21:15:19,20,16.0,4.0,0.1,3096.36,VOLUME SURGE
f457c46070d02cadd8a68551231220dd,2018-02-24 21:15:19,108,63.5,2.608636198834444,0.21296296296296297,4676.33,VOLUME SURGE
6560211a19b47992c3666cc44a7e94c0,2018-02-24 21:15:19,312,366.25,-2.7651352868101027,0.16666666666666666,16475.03,VOLUME COLLAPSE
e9779976487b77c6d4ac45f75ec7afe9,2018-02-24 21:15:19,152,125.75,3.703064483257644,0.14473684210526316,4529.14,VOLUME SURGE
4b9750c8ad28220fe6702d4ecb7c898f,2018-02-24 21:15:19,38,31.0,3.8340579025361636,0.18421052631578946,1453.45,VOLUME SURGE
e5a38146df062edaf55c38afa99e42dc,2018-02-24 21:15:19,32,22.75,2.7996046612945134,0.15625,2691.52,VOLUME SURGE
669ae81880e08f269a64487cfb287169,2018-02-24 21:15:19,21,13.75,2.632739767109286,0.19047619047619047,654.57,VOLUME SURGE
95e03ca3d4146e4011985981aeb959b9,2018-02-24 21:15:19,49,67.25,-5.427509293680297,0.10204081632653061,1632.93,VOLUME COLLAPSE
0df3984f9dfb3d49ac6366acbd3bbb85,2018-02-24 21:15:19,18,13.25,2.7813152079033188,0.16666666666666666,1649.82,VOLUME SURGE
9b013e03b2ab786505a1d3b5c0756754,2018-02-24 21:15:19,28,37.5,-4.563652383444987,0.17857142857142858,1441.99,VOLUME COLLAPSE
12b9676b00f60f3b700e83af21824c0e,2018-02-24 21:15:19,25,37.5,-2.867696673382022,0.04,3284.02,VOLUME COLLAPSE
f8db351d8c4c4c22c6835c19a46f01b0,2018-02-24 21:15:19,56,67.25,-3.3457249070631967,0.125,2444.4,VOLUME COLLAPSE
7722b1df1b0e383e000397b2c11e3e19,2018-02-24 21:15:19,10,21.25,-10.588235294117647,0.0,369.28000000000003,VOLUME COLLAPSE
16090f2ca825584b5a147ab24aa30c86,2018-02-24 21:15:19,47,32.25,3.3913273686841117,0.14893617021276595,1903.3300000000002,VOLUME SURGE
cca3071e3e9bb7d12640c9fbe2301306,2018-02-24 21:15:19,73,105.25,-2.9573883343816028,0.3150684931506849,4114.08,VOLUME COLLAPSE
a3e9a2c700480d9bb01fba070ba80a0e,2018-02-24 21:15:19,26,22.75,2.582838096276833,0.4230769230769231,1991.88,VOLUME SURGE
d57e18d5f73c7ccb7f7339b61166898d,2018-02-24 21:15:19,17,13.5,3.5,0.11764705882352941,381.3,VOLUME SURGE
0bae85eb84b9fb3bd773911e89288d54,2018-02-24 21:15:19,38,44.0,-2.727272727272727,0.10526315789473684,1394.52,VOLUME COLLAPSE
3be634553519fb6536a03e1358e9fdc7,2018-02-24 21:15:19,15,19.25,-4.25,0.26666666666666666,937.24,VOLUME COLLAPSE
004c9cd9d87a3c30c522c48c4fc07416,2018-02-24 21:15:19,28,36.75,-4.761904761904762,0.07142857142857142,2757.5299999999997,VOLUME COLLAPSE
17e34d8224d27a541263c4c64b11a56b,2018-02-24 21:15:19,32,56.25,-8.622222222222222,0.15625,4608.83,VOLUME COLLAPSE
1f9ab4708f3056ede07124aad39a2554,2018-02-24 21:15:19,17,11.75,3.0740852297878796,0.11764705882352941,2781.09,VOLUME SURGE
6edacfd9f9074789dad6d62ba7950b9c,2018-02-24 21:15:19,23,29.25,-4.273504273504273,0.17391304347826086,1393.66,VOLUME COLLAPSE
7d76b645482be4a332374e8223836592,2018-02-24 21:15:19,50,58.25,-2.832618025751073,0.16,869.12,VOLUME COLLAPSE
850f4f8af5ea87287ac68de36e29107f,2018-02-24 21:15:19,66,78.5,-3.184713375796178,0.07575757575757576,5338.75,VOLUME COLLAPSE
bd0389da23d89b726abf911cccc54596,2018-02-24 21:15:19,34,29.75,2.8333333333333273,0.08823529411764706,892.98,VOLUME SURGE
8e6d7754bc7e0f22c96d255ebda59eba,2018-02-24 21:15:19,54,37.75,3.611111111111111,0.18518518518518517,2883.66,VOLUME SURGE
669ae81880e08f269a64487cfb287169,2018-02-17 21:15:19,17,12.25,2.509285083028019,0.29411764705882354,706.53,VOLUME SURGE
6d803cb79cc31c41c4c789a75933b3c7,2018-02-17 21:15:19,16,11.5,4.5,0.1875,2096.7599999999998,VOLUME SURGE
1ca7077d890b907f89be8c954a02686a,2018-02-17 21:15:19,83,56.75,3.5,0.6626506024096386,9218.77,VOLUME SURGE
54a1852d1b8f10312c55e906355666ee,2018-02-17 21:15:19,37,30.0,3.8340579025361667,0.08108108108108109,967.0699999999999,VOLUME SURGE
6a8b085f816a1f75f92dbac6eb545f8f,2018-02-17 21:15:19,47,39.25,2.8143080269099325,0.14893617021276595,1052.56,VOLUME SURGE
59b22a78efb79a4797979612b885db36,2018-02-17 21:15:19,23,18.5,2.5980762113533156,0.2608695652173913,2448.54,VOLUME SURGE
5656537e588803a555b8eb41f07a944b,2018-02-17 21:15:19,42,35.25,2.566583214624138,0.14285714285714285,1049.6,VOLUME SURGE
87142160b41353c4e5fca2360caf6f92,2018-02-17 21:15:19,37,47.75,-4.50261780104712,0.05405405405405406,2027.09,VOLUME COLLAPSE
c3867b4666c7d76867627c2f7fb22e21,2018-02-17 21:15:19,48,34.25,2.5869823880548934,0.125,6026.11,VOLUME SURGE
0dd184061fb0eaa7ca37932c68ab91c5,2018-02-17 21:15:19,34,20.0,4.158619680502033,0.20588235294117646,2344.25,VOLUME SURGE
5cf13accae3222c70a9cac40818ae839,2018-02-17 21:15:19,26,23.0,2.6086956521739126,0.07692307692307693,2041.78,VOLUME SURGE
2528513dd95219a6013d4d05176e391a,2018-02-17 21:15:19,38,29.75,2.664990415187919,0.10526315789473684,7025.42,VOLUME SURGE
88460e8ebdecbfecb5f9601833981930,2018-02-17 21:15:19,45,18.25,4.115384615384615,0.24444444444444444,5059.360000000001,VOLUME SURGE
ceaec5548eefc6e23e6607c5435102e7,2018-02-17 21:15:19,26,12.0,2.6457513110645903,0.15384615384615385,5914.8,VOLUME SURGE
edb1ef5e36e0c8cd84eb3c9b003e486d,2018-02-17 21:15:19,57,49.75,2.75670048978148,0.05263157894736842,21998.77,VOLUME SURGE
dc4a0fc896dc34b0d5bfec8438291c80,2018-02-17 21:15:19,28,67.75,-11.734317343173432,0.32142857142857145,3578.82,VOLUME COLLAPSE
cab85505710c7cb9b720bceb52b01cee,2018-02-17 21:15:19,29,25.0,3.2,0.034482758620689655,1008.61,VOLUME SURGE
b2479f944e1b90cf8a5de1bbfde284d6,2018-02-17 21:15:19,25,11.25,2.5569873754166923,0.36,547.52,VOLUME SURGE
080102cd0a76b09e0dcf55fcacc60e05,2018-02-17 21:15:19,20,10.666666666666666,4.48358830654244,0.1,56.78,VOLUME SURGE
1f9ab4708f3056ede07124aad39a2554,2018-02-17 21:15:19,14,10.75,3.25,0.14285714285714285,2181.4,VOLUME SURGE
376a891762bbdecbc02b4b6adec3fdda,2018-02-17 21:15:19,20,11.0,6.3639610306789285,0.0,1446.79,VOLUME SURGE
cca3071e3e9bb7d12640c9fbe2301306,2018-02-17 21:15:19,89,111.75,-4.07158836689038,0.3146067415730337,4734.47,VOLUME COLLAPSE
dbc22125167c298ef99da25668e1011f,2018-02-17 21:15:19,42,55.5,-3.4856850115866562,0.07142857142857142,2803.45,VOLUME COLLAPSE
6039e27294dc75811c0d8a39069f52c0,2018-02-17 21:15:19,19,15.0,3.464101615137752,0.3157894736842105,1587.96,VOLUME SURGE
16090f2ca825584b5a147ab24aa30c86,2018-02-17 21:15:19,38,29.25,2.930264253976225,0.10526315789473684,2162.36,VOLUME SURGE
05d2173d43ea568aa0540eba70d2ca76,2018-02-17 21:15:19,32,21.25,3.742669603047504,0.09375,2003.28,VOLUME SURGE
7008613ea464bad5cb9b83456e1e6a8f,2018-02-10 21:15:19,31,22.5,2.733886963836381,0.0967741935483871,424.19,VOLUME SURGE
a420f60ff1aa9acc80d0e42959f2b313,2018-02-10 21:15:19,16,10.5,2.6421145377839372,0.0,697.8100000000001,VOLUME SURGE
218d46b86c1881d022bce9c68a7d4b15,2018-02-10 21:15:19,112,88.0,2.7059257008101834,0.10714285714285714,7886.7,VOLUME SURGE
4830e40640734fc1c52cd21127c341d4,2018-02-10 21:15:19,59,48.5,2.7110883423451906,0.13559322033898305,2008.67,VOLUME SURGE
4b9750c8ad28220fe6702d4ecb7c898f,2018-02-10 21:15:19,32,28.25,2.500000000000001,0.1875,1270.99,VOLUME SURGE
4c2b230173bb36f9b240f2b8ac11786e,2018-02-10 21:15:19,58,49.0,3.6734693877551017,0.22413793103448276,1142.01,VOLUME SURGE
fe2032dab1a61af8794248c8196565c9,2018-02-10 21:15:19,58,51.5,2.524271844660194,0.20689655172413793,11136.11,VOLUME SURGE
4371b634e0efc0e22b09b52907d9d469,2018-02-10 21:15:19,25,19.5,5.499999999999996,0.08,779.33,VOLUME SURGE
c3867b4666c7d76867627c2f7fb22e21,2018-02-10 21:15:19,42,32.75,3.7000000000000064,0.09523809523809523,4952.5,VOLUME SURGE
2e1c9f22be269ef4643f826c9e650a52,2018-02-10 21:15:19,32,46.25,-6.162162162162162,0.0625,1236.72,VOLUME COLLAPSE
ef0ace09169ac090589d85746e3e036f,2018-02-10 21:15:19,37,27.75,2.9880195564228194,0.05405405405405406,3281.7,VOLUME SURGE
620c87c171fb2a6dd6e8bb4dec959fc6,2018-02-10 21:15:19,194,163.25,2.8684917823045404,0.10824742268041238,19638.86,VOLUME SURGE
41b39e28db005d9731d9d485a83b4c38,2018-02-10 21:15:19,30,35.25,-2.978723404255319,0.1,1782.68,VOLUME COLLAPSE
88460e8ebdecbfecb5f9601833981930,2018-02-10 21:15:19,28,15.0,13.0,0.2857142857142857,4252.2,VOLUME SURGE
1025f0e2d44d7041d6cf58b6550e0bfa,2018-02-10 21:15:19,139,160.75,-2.7060653188180406,0.26618705035971224,15000.39,VOLUME COLLAPSE
febab0275244b9a49a623f0bd613ca2f,2018-02-10 21:15:19,21,17.75,3.25,0.09523809523809523,746.4,VOLUME SURGE
8648b1e89e9b349e32d3741b30ec737e,2018-02-10 21:15:19,24,15.75,3.7206478386140027,0.125,647.46,VOLUME SURGE
85d9eb9ddc5d00ca9336a2219c97bb13,2018-02-10 21:15:19,82,71.0,3.0985915492957745,0.0975609756097561,968.87,VOLUME SURGE
1c68394e931a64f90ea236c5ea590300,2018-02-10 21:15:19,62,47.75,5.968586387434555,0.12903225806451613,9697.38,VOLUME SURGE
66922902710d126a0e7d26b0e3805106,2018-02-10 21:15:19,45,35.0,5.714285714285714,0.13333333333333333,3102.09,VOLUME SURGE
e9bc59e7b60fc3063eb2290deda4cced,2018-02-10 21:15:19,15,23.25,-4.001837813099501,0.3333333333333333,1540.43,VOLUME COLLAPSE
2528513dd95219a6013d4d05176e391a,2018-02-10 21:15:19,34,28.75,3.5,0.08823529411764706,6807.6,VOLUME SURGE
ccc4bbb5f32a6ab2b7066a4130f114e3,2018-02-10 21:15:19,40,32.25,3.495154030213153,0.075,11145.67,VOLUME SURGE
9f505651f4a6abe901a56cdc21508025,2018-02-03 21:15:19,74,62.75,2.586605620182796,0.0945945945945946,2033.81,VOLUME SURGE
8648b1e89e9b349e32d3741b30ec737e,2018-02-03 21:15:19,19,14.5,4.5,0.15789473684210525,624.76,VOLUME SURGE
59fb871bf6f4522a87ba567b42dafecf,2018-02-03 21:15:19,22,10.0,7.348469228349482,0.13636363636363635,2418.57,VOLUME SURGE
5d0363b33554b373851fc1622e4d5f3c,2018-02-03 21:15:19,25,18.75,2.645046059469745,0.08,798.6,VOLUME SURGE
e62b2d6ac10570a035a30bafcf01d263,2018-02-03 21:15:19,18,12.5,2.872281323269014,0.05555555555555555,1064.1100000000001,VOLUME SURGE
7008613ea464bad5cb9b83456e1e6a8f,2018-02-03 21:15:19,27,21.0,5.714285714285714,0.1111111111111111,293.82,VOLUME SURGE
e8b3a3a38279a82f0e5d006d5e5b7d2c,2018-02-03 21:15:19,44,51.5,-2.8347335475691984,0.22727272727272727,3364.14,VOLUME COLLAPSE
17a053fcb14bd219540cbde0df490be0,2018-02-03 21:15:19,22,18.0,4.0,0.09090909090909091,5732.62,VOLUME SURGE
c003204e1ab016dfa150abc119207b24,2018-02-03 21:15:19,44,33.5,2.8402593492024124,0.045454545454545456,3647.9,VOLUME SURGE
7ddcbb64b5bc1ef36ca8c151f6ec77df,2018-02-03 21:15:19,141,168.75,-3.2888888888888888,0.22695035460992907,20474.62,VOLUME COLLAPSE
6d66611d7c44cc30ce351abc49a68421,2018-02-03 21:15:19,39,33.5,3.1754264805429435,0.2564102564102564,2102.64,VOLUME SURGE
7e1fb0a3ebfb01ffb3a7dae98bf3238d,2018-02-03 21:15:19,41,29.75,2.5421970728971437,0.0975609756097561,4978.24,VOLUME SURGE
ef0ace09169ac090589d85746e3e036f,2018-02-03 21:15:19,32,25.5,3.1224989991992014,0.0625,2874.41,VOLUME SURGE
712e6ed8aa4aa1fa65dab41fed5737e4,2018-02-03 21:15:19,30,12.5,4.163520825020257,0.6,13033.44,VOLUME SURGE
1d8dbc4f32378d715c717c1c1fc57bae,2018-02-03 21:15:19,23,19.0,2.82842712474619,0.34782608695652173,1881.34,VOLUME SURGE
0db783cfcd3b73998abc6e10e59a102f,2018-02-03 21:15:19,31,24.75,2.818672605010614,0.0,1111.78,VOLUME SURGE
6a8b085f816a1f75f92dbac6eb545f8f,2018-02-03 21:15:19,41,35.25,2.593178796609761,0.14634146341463414,1066.34,VOLUME SURGE
e9779976487b77c6d4ac45f75ec7afe9,2018-02-03 21:15:19,125,108.25,2.7083144795723864,0.12,4746.64,VOLUME SURGE
0509040ea3fe50071181bbc359eb7738,2018-02-03 21:15:19,45,32.5,4.02042200564173,0.022222222222222223,897.69,VOLUME SURGE
8160255418d5aaa7dbdc9f4c64ebda44,2018-02-03 21:15:19,140,122.25,2.9038854805725967,0.24285714285714285,17451.95,VOLUME SURGE
4d6d651bd7684af3fffabd5f08d12e5a,2018-02-03 21:15:19,85,65.75,3.6217753432768487,0.08235294117647059,5229.360000000001,VOLUME SURGE
0b90b6df587eb83608a64ea8b390cf07,2018-02-03 21:15:19,63,27.0,2.729152956884052,0.1111111111111111,5996.64,VOLUME SURGE
8e6d7754bc7e0f22c96d255ebda59eba,2018-01-27 21:15:19,31,15.666666666666666,2.616848570347442,0.1935483870967742,1473.8600000000001,VOLUME SURGE
a3e9a2c700480d9bb01fba070ba80a0e,2018-01-27 21:15:19,23,19.5,3.499999999999996,0.17391304347826086,2208.51,VOLUME SURGE
fffd5413c0700ac820c7069d66d98c89,2018-01-27 21:15:19,14,10.666666666666666,2.886751345948129,0.07142857142857142,2024.87,VOLUME SURGE
70eea00b476a314817cefde4aad4f89a,2018-01-27 21:15:19,29,25.5,2.711088342345192,0.06896551724137931,5302.98,VOLUME SURGE
a416b6a846a11724393025641d4edd5e,2018-01-27 21:15:19,31,26.75,3.1775700934579434,0.12903225806451613,5609.4,VOLUME SURGE
77530e9772f57a62c906e1c21538ab82,2018-01-27 21:15:19,80,69.0,2.501723543810382,0.25,9160.65,VOLUME SURGE
98dac6635aee4995d501a3972e047414,2018-01-27 21:15:19,22,10.75,3.9167472590032015,0.36363636363636365,508.23999999999995,VOLUME SURGE
5656537e588803a555b8eb41f07a944b,2018-01-27 21:15:19,37,29.75,2.9000000000000004,0.21621621621621623,1223.45,VOLUME SURGE
b33e7c55446eabf8fe1a42d037ac7d6d,2018-01-27 21:15:19,95,83.75,2.6865671641791047,0.16842105263157894,20799.0,VOLUME SURGE
0be8ff43f22e456b4e0371b2245e4d01,2018-01-27 21:15:19,64,50.5,2.5665832146241354,0.203125,3027.0699999999997,VOLUME SURGE
1835b56ce799e6a4dc4eddc053f04066,2018-01-27 21:15:19,120,96.5,4.700000000000008,0.3,6776.820000000001,VOLUME SURGE
7c67e1448b00f6e969d365cea6b010ab,2018-01-27 21:15:19,180,156.0,3.0769230769230766,0.3611111111111111,24778.32,VOLUME SURGE
f84a00e60c73a49e7e851c9bdca3a5bb,2018-01-27 21:15:19,26,16.5,2.569758458802182,0.19230769230769232,1386.27,VOLUME SURGE
6d66611d7c44cc30ce351abc49a68421,2018-01-27 21:15:19,36,32.0,2.5,0.2222222222222222,1742.47,VOLUME SURGE
f457c46070d02cadd8a68551231220dd,2018-01-27 21:15:19,43,19.5,2.5564629781359796,0.32558139534883723,1597.84,VOLUME SURGE
0db783cfcd3b73998abc6e10e59a102f,2018-01-27 21:15:19,28,23.0,3.5355339059327533,0.0,989.4100000000001,VOLUME SURGE
1554a68530182680ad5c8b042c3ab563,2018-01-27 21:15:19,41,32.75,5.038167938931297,0.04878048780487805,3793.38,VOLUME SURGE
f7ba60f8c3f99e7ee4042fdef03b70c4,2018-01-27 21:15:19,30,23.25,3.5658261706187746,0.16666666666666666,8571.33,VOLUME SURGE
0bae85eb84b9fb3bd773911e89288d54,2018-01-27 21:15:19,42,36.0,3.333333333333333,0.09523809523809523,1420.29,VOLUME SURGE
7e93a43ef30c4f03f38b393420bc753a,2018-01-27 21:15:19,65,85.5,-2.542712059078773,0.09230769230769231,25463.43,VOLUME COLLAPSE
634964b17796e64304cadf1ad3050fb7,2018-01-27 21:15:19,57,33.5,3.131014921374509,0.14035087719298245,4794.16,VOLUME SURGE
1bb2bdb95f4841f1bba2c0d2cd83d3c9,2018-01-27 21:15:19,19,10.25,5.123475382979799,0.05263157894736842,575.48,VOLUME SURGE
7ea5bfa6c340f58f8e71fc1f0412b0d6,2018-01-20 21:15:19,26,17.75,2.995876286710573,0.19230769230769232,2045.8400000000001,VOLUME SURGE
522620dcb18a6b31cd7bdf73665113a9,2018-01-20 21:15:19,19,12.25,6.75,0.2631578947368421,4881.07,VOLUME SURGE
e5a3438891c0bfdb9394643f95273d8e,2018-01-20 21:15:19,98,77.5,4.15578487715684,0.21428571428571427,1508.44,VOLUME SURGE
259f7b5e6e482c230e5bfaa670b6bb8f,2018-01-20 21:15:19,36,25.0,5.092010548749037,0.1111111111111111,1780.76,VOLUME SURGE
d91fb3b7d041e83b64a00a3edfb37e4f,2018-01-20 21:15:19,34,23.0,5.500000000000042,0.23529411764705882,555.46,VOLUME SURGE
0b90b6df587eb83608a64ea8b390cf07,2018-01-20 21:15:19,33,14.25,4.166666666666667,0.18181818181818182,4098.26,VOLUME SURGE
1900267e848ceeba8fa32d80c1a5f5a8,2018-01-20 21:15:19,78,62.25,4.172276924754886,0.20512820512820512,4214.24,VOLUME SURGE
79ebd9a61bac3eaf882805ed4ecfa12a,2018-01-20 21:15:19,34,25.75,2.8722813232690125,0.11764705882352941,1586.83,VOLUME SURGE
edb1ef5e36e0c8cd84eb3c9b003e486d,2018-01-20 21:15:19,46,38.75,3.0682534289848995,0.021739130434782608,16748.32,VOLUME SURGE
5cf13accae3222c70a9cac40818ae839,2018-01-20 21:15:19,22,14.75,5.761715753232943,0.045454545454545456,1826.29,VOLUME SURGE
5b925e1d006e9476d738aa200751b73b,2018-01-20 21:15:19,35,27.75,2.524126011357619,0.0,3329.31,VOLUME SURGE
53e4c6e0f4312d4d2107a8c9cddf45cd,2018-01-20 21:15:19,92,80.0,2.5584085962673266,0.13043478260869565,5165.05,VOLUME SURGE
59b22a78efb79a4797979612b885db36,2018-01-20 21:15:19,17,27.25,-4.622623072217397,0.23529411764705882,1178.18,VOLUME COLLAPSE
8581055ce74af1daba164fdbd55a40de,2018-01-20 21:15:19,97,85.5,2.5931787966097772,0.13402061855670103,12176.16,VOLUME SURGE
f27e33c6d29b5138fa9967bcd445b6d5,2018-01-20 21:15:19,22,31.75,-6.141732283464567,0.22727272727272727,1248.6399999999999,VOLUME COLLAPSE
05d2173d43ea568aa0540eba70d2ca76,2018-01-20 21:15:19,19,12.5,3.7527767497325666,0.10526315789473684,491.47,VOLUME SURGE
7e93a43ef30c4f03f38b393420bc753a,2018-01-20 21:15:19,74,90.25,-3.601108033240997,0.0945945945945946,29530.46,VOLUME COLLAPSE
ef506c96320abeedfb894c34db06f478,2018-01-20 21:15:19,48,70.75,-5.763034517068235,0.20833333333333334,1090.08,VOLUME COLLAPSE
8f2ce03f928b567e3d56181ae20ae952,2018-01-20 21:15:19,39,31.25,3.0999999999999996,0.1282051282051282,2815.0,VOLUME SURGE
8c16d1f32a54d92897cc437244442e1b,2018-01-20 21:15:19,26,21.25,3.774917217635375,0.07692307692307693,388.49,VOLUME SURGE
d20b021d3efdf267a402c402a48ea64b,2018-01-20 21:15:19,7,18.0,-9.52627944162883,0.7142857142857143,266.85,VOLUME COLLAPSE
080199a181c46c657dc5aa235411be3b,2018-01-20 21:15:19,27,21.25,5.411764705882353,0.037037037037037035,2574.41,VOLUME SURGE
0be8ff43f22e456b4e0371b2245e4d01,2018-01-20 21:15:19,58,47.5,4.421052631578948,0.1896551724137931,2845.5,VOLUME SURGE
70a12e78e608ac31179aea7f8422044b,2018-01-20 21:15:19,40,46.5,-2.7956989247311825,0.2,2515.86,VOLUME COLLAPSE
6cd68b3ed6d59aaa9fece558ad360c0a,2018-01-20 21:15:19,42,32.0,4.629100498862758,0.023809523809523808,2276.27,VOLUME SURGE
0ef83d7d83ed97cd2a0049ac8be5f88a,2018-01-20 21:15:19,14,10.0,4.0,0.14285714285714285,850.96,VOLUME SURGE
218d46b86c1881d022bce9c68a7d4b15,2018-01-20 21:15:19,85,68.0,2.7577641592229636,0.09411764705882353,5432.58,VOLUME SURGE
7e1fb0a3ebfb01ffb3a7dae98bf3238d,2018-01-20 21:15:19,33,25.0,5.656854249492375,0.12121212121212122,3260.07,VOLUME SURGE
1e8b33f18b4f7598d87f5cbee2282cc2,2018-01-20 21:15:19,21,10.0,3.0907331782195904,0.19047619047619047,1592.78,VOLUME SURGE
670c26e0f1bf8d0576271d5cfaec6d2b,2018-01-20 21:15:19,29,16.25,3.5476025525652872,0.06896551724137931,944.97,VOLUME SURGE
adbc26658d6c7b4b6219f9d934598091,2018-01-20 21:15:19,42,36.25,3.1724137931034484,0.19047619047619047,4879.01,VOLUME SURGE
abcd2cb37d46c2c8fb1bf071c859fc5b,2018-01-20 21:15:19,15,10.0,2.886751345948129,0.13333333333333333,683.62,VOLUME SURGE
955fee9216a65b617aa5c0531780ce60,2018-01-20 21:15:19,297,159.75,2.7525800320025544,0.10437710437710437,12166.95,VOLUME SURGE
bd0389da23d89b726abf911cccc54596,2018-01-13 21:15:19,25,15.5,3.590662493587659,0.04,1072.1399999999999,VOLUME SURGE
81a1104df0f08b59c68aa5b03cfe398e,2018-01-13 21:15:19,27,23.5,2.978723404255319,0.07407407407407407,2368.19,VOLUME SURGE
edb1ef5e36e0c8cd84eb3c9b003e486d,2018-01-13 21:15:19,42,37.25,2.5503355704697985,0.023809523809523808,16541.66,VOLUME SURGE
972d0f9cf61b499a4812cf0bfa3ad3c4,2018-01-13 21:15:19,27,17.0,4.082482904638631,0.2962962962962963,2802.63,VOLUME SURGE
955fee9216a65b617aa5c0531780ce60,2018-01-13 21:15:19,229,132.25,4.649955757497001,0.11790393013100436,9211.14,VOLUME SURGE
86ccac0b835037332a596a33b6949ee1,2018-01-13 21:15:19,31,58.0,-9.171443976571231,0.1935483870967742,1267.36,VOLUME COLLAPSE
d91fb3b7d041e83b64a00a3edfb37e4f,2018-01-13 21:15:19,26,21.75,3.908045977011494,0.23076923076923078,486.4,VOLUME SURGE
c826c40d7b19f62a09e2d7c5e7295ee2,2018-01-13 21:15:19,118,82.25,3.1086956521739144,0.16101694915254236,7656.2,VOLUME SURGE
f262cbc1c910c83959f849465454ddd3,2018-01-13 21:15:19,41,21.0,4.026936331284146,0.0975609756097561,2194.35,VOLUME SURGE
994f04b3718c2bab35c2adfa8afecd2a,2018-01-13 21:15:19,20,14.25,3.366855251672439,0.05,741.65,VOLUME SURGE
8b321bb669392f5163d04c59e235e066,2018-01-13 21:15:19,228,150.5,2.7983628106122103,0.14912280701754385,1016.71,VOLUME SURGE
b372ee768ed69e46ca8cdbd267aa7a38,2018-01-13 21:15:19,15,12.0,3.0,0.13333333333333333,2955.91,VOLUME SURGE
8bb48dc19fccaa8613b6229bf7f452a2,2018-01-13 21:15:19,32,21.25,5.214515938281156,0.0625,643.62,VOLUME SURGE
8f2ce03f928b567e3d56181ae20ae952,2018-01-13 21:15:19,35,29.25,3.8333333333333317,0.14285714285714285,2815.0,VOLUME SURGE
7e3f87d16fb353f408d467e74fbd8014,2018-01-13 21:15:19,20,15.25,4.75,0.15,181.69,VOLUME SURGE
670c26e0f1bf8d0576271d5cfaec6d2b,2018-01-13 21:15:19,21,14.25,3.565826170618777,0.09523809523809523,893.97,VOLUME SURGE
710e3548e02bc1d2831dfc4f1b5b14d4,2018-01-13 21:15:19,8,16.25,-5.49999999999999,0.25,855.6700000000001,VOLUME COLLAPSE
391fc6631aebcf3004804e51b40bcf1e,2018-01-13 21:15:19,103,90.0,2.888888888888889,0.1650485436893204,6479.98,VOLUME SURGE
17ca9b9e9b9ef8fdb529001b49ebb50f,2018-01-13 21:15:19,31,23.25,2.5034758445704703,0.3225806451612903,1729.99,VOLUME SURGE
17e34d8224d27a541263c4c64b11a56b,2018-01-13 21:15:19,53,62.5,-3.04,0.16981132075471697,11036.23,VOLUME COLLAPSE
218d46b86c1881d022bce9c68a7d4b15,2018-01-13 21:15:19,77,65.5,3.511450381679389,0.09090909090909091,5330.49,VOLUME SURGE
2c9e548be18521d1c43cde1c582c6de8,2018-01-13 21:15:19,31,25.75,2.773420354925716,0.12903225806451613,581.77,VOLUME SURGE
2e90cb1677d35cfe24eef47d441b7c87,2018-01-13 21:15:19,18,10.75,4.833333333333334,0.16666666666666666,1263.3,VOLUME SURGE
30a2f535bb48308f991d0b9ad4a8c4bb,2018-01-13 21:15:19,26,20.5,5.365853658536585,0.07692307692307693,1019.33,VOLUME SURGE
3b15288545f8928d3e65a8f949a28291,2018-01-13 21:15:19,21,33.25,-4.657873241354912,0.19047619047619047,2743.06,VOLUME COLLAPSE
11bfa66332777660bd0640ee84d47006,2018-01-13 21:15:19,28,18.75,2.9880195564228176,0.14285714285714285,1346.47,VOLUME SURGE
3d871de0142ce09b7081e2b9d1733cb1,2018-01-13 21:15:19,407,309.25,4.144591710824871,0.13513513513513514,30688.579999999998,VOLUME SURGE
da8622b14eb17ae2831f4ac5b9dab84a,2018-01-13 21:15:19,329,270.75,2.6307957314318684,0.1580547112462006,30367.38,VOLUME SURGE
4d6d651bd7684af3fffabd5f08d12e5a,2018-01-13 21:15:19,67,55.25,4.253393665158371,0.1044776119402985,4134.1,VOLUME SURGE
527801b552d0077ffd170872eb49683b,2018-01-13 21:15:19,33,24.5,2.8333333333333344,0.09090909090909091,1992.88,VOLUME SURGE
5b925e1d006e9476d738aa200751b73b,2018-01-13 21:15:19,32,25.25,3.0441664134114585,0.0,3249.94,VOLUME SURGE
620c87c171fb2a6dd6e8bb4dec959fc6,2018-01-13 21:15:19,153,125.0,2.8284271247461943,0.0915032679738562,18045.06,VOLUME SURGE
128639473a139ac0f3e5f5ade55873a5,2018-01-13 21:15:19,142,112.25,3.241171528681917,0.11267605633802817,616.45,VOLUME SURGE
634964b17796e64304cadf1ad3050fb7,2018-01-13 21:15:19,37,24.75,3.2451042748093575,0.13513513513513514,1733.04,VOLUME SURGE
0241d4d5d36f10f80c644447315af0bd,2018-01-13 21:15:19,35,25.0,3.6927447293799815,0.08571428571428572,2545.66,VOLUME SURGE
00ee68308b45bc5e2660cd833c3f81cc,2018-01-13 21:15:19,55,36.75,4.196049117185429,0.07272727272727272,5635.13,VOLUME SURGE
01fdefa7697d26ad920e9e0346d4bd1b,2018-01-13 21:15:19,37,32.25,2.945736434108527,0.02702702702702703,3016.4700000000003,VOLUME SURGE
0b90b6df587eb83608a64ea8b390cf07,2018-01-13 21:15:19,21,11.25,6.5,0.14285714285714285,3023.61,VOLUME SURGE
05d2173d43ea568aa0540eba70d2ca76,2018-01-13 21:15:19,15,11.666666666666666,3.333333333333334,0.06666666666666667,491.47,VOLUME SURGE
8bb48dc19fccaa8613b6229bf7f452a2,2018-01-06 21:15:19,24,19.75,2.833333333333332,0.08333333333333333,481.82,VOLUME SURGE
955fee9216a65b617aa5c0531780ce60,2018-01-06 21:15:19,163,119.0,6.307203969890962,0.13496932515337423,7673.67,VOLUME SURGE
3d871de0142ce09b7081e2b9d1733cb1,2018-01-06 21:15:19,341,291.5,2.7949305102013584,0.1378299120234604,24931.57,VOLUME SURGE
02f5837340d7eb4f653d676c7256523a,2018-01-06 21:15:19,16,11.333333333333334,4.666666666666666,0.0,1358.55,VOLUME SURGE
900ba814c251a692506d7834c1218441,2018-01-06 21:15:19,21,12.25,4.244373438135827,0.19047619047619047,4951.28,VOLUME SURGE
11bfa66332777660bd0640ee84d47006,2018-01-06 21:15:19,23,17.0,4.242640687119281,0.13043478260869565,1110.07,VOLUME SURGE
f84a00e60c73a49e7e851c9bdca3a5bb,2018-01-06 21:15:19,19,12.0,3.2403703492039293,0.15789473684210525,985.09,VOLUME SURGE
7008613ea464bad5cb9b83456e1e6a8f,2018-01-06 21:15:19,21,17.5,2.711088342345215,0.09523809523809523,164.96,VOLUME SURGE
ef0ace09169ac090589d85746e3e036f,2018-01-06 21:15:19,23,16.0,4.949747468305831,0.08695652173913043,1944.53,VOLUME SURGE
0241d4d5d36f10f80c644447315af0bd,2018-01-06 21:15:19,29,22.75,3.3016908987210876,0.06896551724137931,1753.29,VOLUME SURGE
5656537e588803a555b8eb41f07a944b,2018-01-06 21:15:19,29,24.25,2.5092850830280264,0.20689655172413793,977.39,VOLUME SURGE
128639473a139ac0f3e5f5ade55873a5,2018-01-06 21:15:19,126,105.25,3.9429928741092635,0.1111111111111111,487.78999999999996,VOLUME SURGE
cbd996ad3c1b7dc71fd0e5f5df9087e2,2018-01-06 21:15:19,19,27.0,-3.7032803990901972,0.05263157894736842,485.15999999999997,VOLUME COLLAPSE
c3cfdc648177fdbbbb35635a37472c53,2018-01-06 21:15:19,31,49.75,-4.389043019854895,0.12903225806451613,3895.85,VOLUME COLLAPSE
7ddcbb64b5bc1ef36ca8c151f6ec77df,2018-01-06 21:15:19,164,144.25,2.7383015597920277,0.20121951219512196,22287.829999999998,VOLUME SURGE
c3867b4666c7d76867627c2f7fb22e21,2018-01-06 21:15:19,42,68.5,-7.737226277372262,0.09523809523809523,6009.25,VOLUME COLLAPSE
fa40cc5b934574b62717c68f3d678b6d,2018-01-06 21:15:19,37,48.25,-2.735238032346736,0.08108108108108109,703.96,VOLUME COLLAPSE
f262cbc1c910c83959f849465454ddd3,2018-01-06 21:15:19,28,17.75,4.1,0.14285714285714285,1250.4,VOLUME SURGE
cd68562d3f44870c08922d380acae552,2018-01-06 21:15:19,28,35.25,-3.5167665630268288,0.32142857142857145,4683.2,VOLUME COLLAPSE
d05ae8f7a5bd1d2a690a44cd079e4e27,2018-01-06 21:15:19,26,15.0,3.012474066278413,0.19230769230769232,3480.87,VOLUME SURGE
c9c7905cffc4ef9ff9f113554423e671,2018-01-06 21:15:19,32,24.75,5.858585858585858,0.125,1096.0,VOLUME SURGE
44073f8b7e41514de3b7815dd0237f4f,2017-12-30 21:15:19,38,43.5,-2.5287356321839076,0.2894736842105263,2855.74,VOLUME COLLAPSE
a3a38f4affed601eb87a97788c949667,2017-12-30 21:15:19,37,47.0,-3.8729833462074055,0.05405405405405406,3317.59,VOLUME COLLAPSE
1ca7077d890b907f89be8c954a02686a,2017-12-30 21:15:19,47,18.25,4.689647512508192,0.46808510638297873,3658.14,VOLUME SURGE
282f23a9769b2690c5dda22e316f9941,2017-12-30 21:15:19,26,16.25,3.3945142911361077,0.0,340.29,VOLUME SURGE
cbd996ad3c1b7dc71fd0e5f5df9087e2,2017-12-30 21:15:19,24,27.5,-2.5454545454545454,0.08333333333333333,671.61,VOLUME COLLAPSE
0ea22c1cfbdc755f86b9b54b39c16043,2017-12-30 21:15:19,43,34.75,4.001837813099502,0.09302325581395349,1310.2,VOLUME SURGE
16090f2ca825584b5a147ab24aa30c86,2017-12-30 21:15:19,27,23.25,3.225806451612903,0.14814814814814814,2778.64,VOLUME SURGE
527801b552d0077ffd170872eb49683b,2017-12-30 21:15:19,27,20.0,2.7110883423451924,0.14814814814814814,1651.99,VOLUME SURGE
fa40cc5b934574b62717c68f3d678b6d,2017-12-30 21:15:19,43,50.25,-2.8855721393034823,0.11627906976744186,864.6400000000001,VOLUME COLLAPSE
5656537e588803a555b8eb41f07a944b,2017-12-30 21:15:19,27,22.75,3.3775575105158584,0.25925925925925924,674.99,VOLUME SURGE
febab0275244b9a49a623f0bd613ca2f,2017-12-30 21:15:19,18,12.25,2.78915968791783,0.16666666666666666,554.15,VOLUME SURGE
8160255418d5aaa7dbdc9f4c64ebda44,2017-12-30 21:15:19,106,87.25,2.7771429296886336,0.29245283018867924,14270.53,VOLUME SURGE
cca3071e3e9bb7d12640c9fbe2301306,2017-12-30 21:15:19,123,151.0,-3.7086092715231787,0.2845528455284553,8666.37,VOLUME COLLAPSE
37515688008a7a40ac93e3b2e4ab203f,2017-12-30 21:15:19,113,98.5,2.662156766925158,0.12389380530973451,1844.8700000000001,VOLUME SURGE
76d64c4aca3a7baf218bf93ef7fa768d,2017-12-30 21:15:19,22,16.75,3.4999999999999987,0.2727272727272727,5857.18,VOLUME SURGE
729f06993dac8e860d4f02d7088ca48a,2017-12-30 21:15:19,11,16.0,-5.0,0.0,2404.0,VOLUME COLLAPSE
a416b6a846a11724393025641d4edd5e,2017-12-23 21:15:19,30,23.75,5.2631578947368425,0.03333333333333333,4890.11,VOLUME SURGE
e5a38146df062edaf55c38afa99e42dc,2017-12-23 21:15:19,5,22.0,-14.722431864335489,0.2,406.86,VOLUME COLLAPSE
17ca9b9e9b9ef8fdb529001b49ebb50f,2017-12-23 21:15:19,23,18.25,3.1666666666666656,0.30434782608695654,1203.42,VOLUME SURGE
b1fc4f64df5a0e8b6913ab38803c57a9,2017-12-23 21:15:19,29,23.5,3.175426480542942,0.10344827586206896,1555.83,VOLUME SURGE
1ca7077d890b907f89be8c954a02686a,2017-12-23 21:15:19,26,14.5,2.8455120410060126,0.19230769230769232,1803.1,VOLUME SURGE
5058e8c1e82653974541e83690655b4a,2017-12-23 21:15:19,18,14.0,2.82842712474619,0.2777777777777778,1366.39,VOLUME SURGE
00ee68308b45bc5e2660cd833c3f81cc,2017-12-23 21:15:19,36,27.25,2.5000000000000004,0.1111111111111111,3992.08,VOLUME SURGE
4830e40640734fc1c52cd21127c341d4,2017-12-23 21:15:19,34,24.0,3.3968311024337874,0.08823529411764706,1078.49,VOLUME SURGE
080199a181c46c657dc5aa235411be3b,2017-12-16 21:15:19,22,13.0,4.5,0.0,2267.86,VOLUME SURGE
1ca7077d890b907f89be8c954a02686a,2017-12-16 21:15:19,20,11.75,3.3,0.2,1030.46,VOLUME SURGE
76d5af76d0271110f9af36c92573f765,2017-12-16 21:15:19,30,19.25,4.848116880618244,0.2,5954.04,VOLUME SURGE
f5a590cf36251cf1162ea35bef76fe84,2017-12-16 21:15:19,26,19.5,2.5828380962768356,0.19230769230769232,9521.63,VOLUME SURGE
81a1104df0f08b59c68aa5b03cfe398e,2017-12-16 21:15:19,24,15.0,2.7556759606310752,0.041666666666666664,2088.93,VOLUME SURGE
9c0e69c7bf2619675bbadf47b43f655a,2017-12-16 21:15:19,14,67.5,-8.035050097864234,0.2857142857142857,1654.87,VOLUME COLLAPSE
855668e0971d4dfd7bef1b6a4133b41b,2017-12-16 21:15:19,89,104.5,-2.783882181415009,0.23595505617977527,6727.09,VOLUME COLLAPSE
30a2f535bb48308f991d0b9ad4a8c4bb,2017-12-16 21:15:19,20,10.75,3.91466816801522,0.05,955.33,VOLUME SURGE
d1c281d3ae149232351cd8c8cc885f0d,2017-12-16 21:15:19,35,27.0,2.7174648819470266,0.22857142857142856,3879.2200000000003,VOLUME SURGE
b1fc4f64df5a0e8b6913ab38803c57a9,2017-12-16 21:15:19,26,22.5,3.111111111111111,0.11538461538461539,1512.24,VOLUME SURGE
634964b17796e64304cadf1ad3050fb7,2017-12-16 21:15:19,22,12.666666666666666,3.0550504633038935,0.18181818181818182,1063.47,VOLUME SURGE
6d66611d7c44cc30ce351abc49a68421,2017-12-16 21:15:19,27,17.0,3.872983346207416,0.14814814814814814,1793.77,VOLUME SURGE
92eb0f42c21942b6552362b9b114707d,2017-12-16 21:15:19,6,112.5,-14.024493437731405,0.16666666666666666,154.66,VOLUME COLLAPSE
7e1fb0a3ebfb01ffb3a7dae98bf3238d,2017-12-16 21:15:19,26,20.0,4.242640687119285,0.23076923076923078,3151.2000000000003,VOLUME SURGE
8b28d096634035667e8263d57ba3368c,2017-12-16 21:15:19,44,55.25,-2.912840001014192,0.11363636363636363,2428.7799999999997,VOLUME COLLAPSE
e8b3a3a38279a82f0e5d006d5e5b7d2c,2017-12-16 21:15:19,49,25.5,3.1687393535772377,0.22448979591836735,3122.83,VOLUME SURGE
dd2bdf855a9172734fbc3744021ae9b9,2017-12-16 21:15:19,18,27.75,-2.8647573252151926,0.2777777777777778,1663.83,VOLUME COLLAPSE
128639473a139ac0f3e5f5ade55873a5,2017-12-09 21:15:19,98,81.75,3.55309752076014,0.1326530612244898,277.73,VOLUME SURGE
b4ffb71f0cb1b1c3d63fad021ecf93e1,2017-12-09 21:15:19,35,28.0,2.857738033247043,0.08571428571428572,900.51,VOLUME SURGE
12b9676b00f60f3b700e83af21824c0e,2017-12-09 21:15:19,39,27.25,3.042299556614827,0.02564102564102564,5347.79,VOLUME SURGE
2528513dd95219a6013d4d05176e391a,2017-12-09 21:15:19,26,21.0,2.5,0.19230769230769232,5411.77,VOLUME SURGE
7008613ea464bad5cb9b83456e1e6a8f,2017-12-09 21:15:19,16,12.75,2.582838096276861,0.0625,111.85999999999999,VOLUME SURGE
17ca9b9e9b9ef8fdb529001b49ebb50f,2017-12-09 21:15:19,20,16.0,3.464101615137755,0.3,1365.01,VOLUME SURGE
aac29b1b99776be73c3049939652091d,2017-12-09 21:15:19,15,22.0,-2.85773803324704,0.06666666666666667,816.21,VOLUME COLLAPSE
b499c00f28f4b7069ff6550af8c1348a,2017-12-09 21:15:19,33,22.5,3.377154484739055,0.21212121212121213,1149.88,VOLUME SURGE
1ca7077d890b907f89be8c954a02686a,2017-12-09 21:15:19,15,10.0,2.738612787525831,0.13333333333333333,357.38,VOLUME SURGE
7aa4334be125fcdd2ba64b3180029f14,2017-12-09 21:15:19,139,88.25,5.119997713898982,0.19424460431654678,6859.49,VOLUME SURGE
b2ba3715d723d245138f291a6fe42594,2017-12-09 21:15:19,93,69.0,2.5021729686848975,0.17204301075268819,8162.97,VOLUME SURGE
2c9e548be18521d1c43cde1c582c6de8,2017-12-09 21:15:19,22,13.75,2.9958762867105713,0.13636363636363635,373.70000000000005,VOLUME SURGE
218d46b86c1881d022bce9c68a7d4b15,2017-12-09 21:15:19,65,53.75,2.7352380323467416,0.09230769230769231,6002.38,VOLUME SURGE
adbc26658d6c7b4b6219f9d934598091,2017-12-09 21:15:19,30,11.75,2.900725861972446,0.3,4231.93,VOLUME SURGE
53243585a1d6dc2643021fd1853d8905,2017-12-09 21:15:19,138,179.0,-2.7558808969315605,0.06521739130434782,79565.52,VOLUME COLLAPSE
2138ccb85b11a4ec1e37afbd1c8eda1f,2017-12-09 21:15:19,35,28.25,3.9523952954414985,0.2857142857142857,423.07000000000005,VOLUME SURGE
7ddcbb64b5bc1ef36ca8c151f6ec77df,2017-12-09 21:15:19,138,110.0,5.090909090909091,0.21739130434782608,19387.45,VOLUME SURGE
c826c40d7b19f62a09e2d7c5e7295ee2,2017-12-09 21:15:19,59,25.25,2.5567448143901745,0.1694915254237288,4090.8199999999997,VOLUME SURGE
634964b17796e64304cadf1ad3050fb7,2017-12-09 21:15:19,16,11.0,3.5355339059327373,0.25,1063.47,VOLUME SURGE
70a12e78e608ac31179aea7f8422044b,2017-12-09 21:15:19,49,72.0,-3.210170525874728,0.22448979591836735,3214.49,VOLUME COLLAPSE
0bae85eb84b9fb3bd773911e89288d54,2017-12-09 21:15:19,34,25.75,3.7206478386139974,0.08823529411764706,1546.6,VOLUME SURGE
058fd0aa2bfdb2274e05e1ae971dabb6,2017-12-09 21:15:19,25,12.5,2.8676966733820217,0.16,2212.45,VOLUME SURGE
0509040ea3fe50071181bbc359eb7738,2017-12-09 21:15:19,29,14.5,2.862089873074995,0.0,607.52,VOLUME SURGE
f45122a9ab94eb4f3f8953578bc0c560,2017-12-09 21:15:19,28,32.5,-2.769230769230769,0.2857142857142857,837.29,VOLUME COLLAPSE
d94a40fd42351c259927028d163af842,2017-12-09 21:15:19,27,17.25,2.5244613342123032,0.2222222222222222,3418.32,VOLUME SURGE
01fdefa7697d26ad920e9e0346d4bd1b,2017-12-09 21:15:19,31,23.0,6.956521739130434,0.03225806451612903,2719.61,VOLUME SURGE
7e1fb0a3ebfb01ffb3a7dae98bf3238d,2017-12-09 21:15:19,22,19.0,3.0,0.3181818181818182,2812.32,VOLUME SURGE
0be8ff43f22e456b4e0371b2245e4d01,2017-12-09 21:15:19,42,23.25,3.301690898721089,0.16666666666666666,1939.4099999999999,VOLUME SURGE
ac3508719a1d8f5b7614b798f70af136,2017-12-02 21:15:19,41,25.0,2.6917063396418124,0.04878048780487805,3958.89,VOLUME SURGE
955fee9216a65b617aa5c0531780ce60,2017-12-02 21:15:19,98,68.75,2.537091613599985,0.14285714285714285,5279.89,VOLUME SURGE
de23c3b98a88888289c6f5cc1209054a,2017-12-02 21:15:19,48,28.5,3.265151597287793,0.14583333333333334,5087.22,VOLUME SURGE
6fd52c528dcb38be2eea044946b811f8,2017-12-02 21:15:19,21,15.5,4.26028168082816,0.19047619047619047,1812.67,VOLUME SURGE
66922902710d126a0e7d26b0e3805106,2017-12-02 21:15:19,33,25.25,3.495154030213154,0.06060606060606061,1630.6399999999999,VOLUME SURGE
53243585a1d6dc2643021fd1853d8905,2017-12-02 21:15:19,159,183.0,-2.622950819672131,0.05660377358490566,92262.45,VOLUME COLLAPSE
0509040ea3fe50071181bbc359eb7738,2017-12-02 21:15:19,21,12.25,3.327052315253509,0.0,330.34,VOLUME SURGE
cc419e0650a3c5ba77189a1882b7556a,2017-12-02 21:15:19,474,393.5,3.883560266218345,0.1751054852320675,23189.29,VOLUME SURGE
4e922959ae960d389249c378d1c939f5,2017-12-02 21:15:19,73,58.75,4.851063829787234,0.1095890410958904,3342.85,VOLUME SURGE
a49928bcdf77c55c6d6e05e09a9b4ca5,2017-12-02 21:15:19,51,41.5,4.578313253012047,0.43137254901960786,3107.79,VOLUME SURGE
6a8b085f816a1f75f92dbac6eb545f8f,2017-12-02 21:15:19,25,18.75,3.6596252735569994,0.12,405.06,VOLUME SURGE
da8622b14eb17ae2831f4ac5b9dab84a,2017-12-02 21:15:19,218,146.0,3.5500587800735515,0.13302752293577982,22802.13,VOLUME SURGE
db4350fd57ae30082dec7acbaacc17f9,2017-12-02 21:15:19,35,28.25,2.5665832146241336,0.11428571428571428,495.74,VOLUME SURGE
218d46b86c1881d022bce9c68a7d4b15,2017-12-02 21:15:19,59,52.0,2.692307692307692,0.1016949152542373,6130.2699999999995,VOLUME SURGE
6cd68b3ed6d59aaa9fece558ad360c0a,2017-12-02 21:15:19,32,24.75,5.858585858585858,0.03125,1725.98,VOLUME SURGE
897060da8b9a21f655304d50fd935913,2017-12-02 21:15:19,89,62.5,3.7602209702311953,0.2696629213483146,2612.27,VOLUME SURGE
4a3ca9315b744ce9f8e9374361493884,2017-12-02 21:15:19,383,327.25,2.7659745813393473,0.2558746736292428,39553.97,VOLUME SURGE
d98eec89afa3380e14463da2aabaea72,2017-12-02 21:15:19,42,34.5,3.150630189063021,0.047619047619047616,1116.8600000000001,VOLUME SURGE
7040e82f899a04d1b434b795a43b4617,2017-12-02 21:15:19,70,47.0,2.7755870541464973,0.24285714285714285,1469.52,VOLUME SURGE
9f505651f4a6abe901a56cdc21508025,2017-12-02 21:15:19,28,16.25,2.7504669591090685,0.14285714285714285,686.13,VOLUME SURGE
77530e9772f57a62c906e1c21538ab82,2017-12-02 21:15:19,49,35.75,4.280136121362418,0.20408163265306123,5230.09,VOLUME SURGE
1c68394e931a64f90ea236c5ea590300,2017-12-02 21:15:19,35,10.75,4.409090909090909,0.02857142857142857,4317.61,VOLUME SURGE
537eb890efff034a88679788b647c564,2017-12-02 21:15:19,33,23.5,2.7051002878946213,0.06060606060606061,628.39,VOLUME SURGE
c826c40d7b19f62a09e2d7c5e7295ee2,2017-12-02 21:15:19,42,17.5,2.963806056654756,0.21428571428571427,2640.25,VOLUME SURGE
9674754b5a0cb32b638cec001178f799,2017-12-02 21:15:19,24,18.0,2.777460299317657,0.041666666666666664,841.25,VOLUME SURGE
391fc6631aebcf3004804e51b40bcf1e,2017-12-02 21:15:19,96,68.75,3.550155882387472,0.17708333333333334,6346.57,VOLUME SURGE
725c32fa80c2faacc4fc88450d27314e,2017-12-02 21:15:19,29,22.0,2.8577380332470423,0.034482758620689655,1380.23,VOLUME SURGE
850f4f8af5ea87287ac68de36e29107f,2017-12-02 21:15:19,57,31.75,3.9474011146679113,0.12280701754385964,9537.619999999999,VOLUME SURGE
46dc3b2cc0980fb8ec44634e21d2718e,2017-12-02 21:15:19,246,167.5,3.0199754309190516,0.15040650406504066,47281.34,VOLUME SURGE
25e6ffe976bd75618accfe16cefcbd0d,2017-12-02 21:15:19,22,16.25,3.0375556268234023,0.18181818181818182,2370.8,VOLUME SURGE
dee656f0f566ed1aa85bd137c943f08f,2017-12-02 21:15:19,23,13.0,3.3968311024337874,0.043478260869565216,308.99,VOLUME SURGE
fe2032dab1a61af8794248c8196565c9,2017-12-02 21:15:19,35,21.0,5.422176684690405,0.22857142857142856,7373.4,VOLUME SURGE
70eea00b476a314817cefde4aad4f89a,2017-12-02 21:15:19,22,14.0,3.2659863237109046,0.09090909090909091,3241.37,VOLUME SURGE
7178f9f4dd81dcef02f62acdf8151e01,2017-12-02 21:15:19,70,50.75,3.0094048101923674,0.2,8858.41,VOLUME SURGE
95e03ca3d4146e4011985981aeb959b9,2017-12-02 21:15:19,61,32.75,2.9307018703571326,0.19672131147540983,1858.92,VOLUME SURGE
59fb871bf6f4522a87ba567b42dafecf,2017-12-02 21:15:19,12,31.25,-12.32,0.08333333333333333,2241.92,VOLUME COLLAPSE
b4ffb71f0cb1b1c3d63fad021ecf93e1,2017-12-02 21:15:19,31,26.5,2.598076211353319,0.0967741935483871,718.94,VOLUME SURGE
b499c00f28f4b7069ff6550af8c1348a,2017-12-02 21:15:19,27,20.25,3.9523952954415646,0.14814814814814814,817.61,VOLUME SURGE
813348c996469b40f2e028d5429d3495,2017-12-02 21:15:19,55,32.75,2.882488726559266,0.16363636363636364,3207.57,VOLUME SURGE
8581055ce74af1daba164fdbd55a40de,2017-12-02 21:15:19,65,46.25,4.471473563534072,0.18461538461538463,8100.53,VOLUME SURGE
d94a40fd42351c259927028d163af842,2017-12-02 21:15:19,23,14.75,6.556435167471965,0.17391304347826086,2958.45,VOLUME SURGE
8b321bb669392f5163d04c59e235e066,2017-12-02 21:15:19,76,21.666666666666668,3.7286984386041713,0.14473684210526316,434.28999999999996,VOLUME SURGE
8f2ce03f928b567e3d56181ae20ae952,2017-12-02 21:15:19,26,20.5,4.260281680828152,0.11538461538461539,1383.39,VOLUME SURGE
b2ba3715d723d245138f291a6fe42594,2017-12-02 21:15:19,82,62.5,3.2651515972877916,0.15853658536585366,6806.45,VOLUME SURGE
7aa4334be125fcdd2ba64b3180029f14,2017-12-02 21:15:19,102,82.75,4.5907128585616315,0.11764705882352941,5371.83,VOLUME SURGE
1554a68530182680ad5c8b042c3ab563,2017-12-02 21:15:19,30,24.0,2.777460299317649,0.06666666666666667,2388.86,VOLUME SURGE
3c7c4a49ec3c6550809089c6a2ca9370,2017-11-25 21:15:19,48,30.75,3.284473222672575,0.2916666666666667,569.27,VOLUME SURGE
95e03ca3d4146e4011985981aeb959b9,2017-11-25 21:15:19,47,27.75,11.271645842555532,0.1702127659574468,1524.6,VOLUME SURGE
9b013e03b2ab786505a1d3b5c0756754,2017-11-25 21:15:19,22,10.75,3.1302375463811356,0.22727272727272727,412.35,VOLUME SURGE
70eea00b476a314817cefde4aad4f89a,2017-11-25 21:15:19,17,12.75,2.8333333333333335,0.11764705882352941,2883.87,VOLUME SURGE
2c9e548be18521d1c43cde1c582c6de8,2017-11-25 21:15:19,15,10.666666666666666,2.8368325730679014,0.13333333333333333,326.86,VOLUME SURGE
fa1c13f2614d7b5c4749cbc52fecda94,2017-11-25 21:15:19,100,77.5,3.5428311972999738,0.05,26688.5,VOLUME SURGE
25e6ffe976bd75618accfe16cefcbd0d,2017-11-25 21:15:19,19,15.5,3.5,0.21052631578947367,2167.27,VOLUME SURGE
ea8482cd71df3c1969d7b9473ff13abc,2017-11-25 21:15:19,157,81.5,3.344289276543824,0.1337579617834395,2418.73,VOLUME SURGE
ccc4bbb5f32a6ab2b7066a4130f114e3,2017-11-25 21:15:19,32,25.25,5.346534653465346,0.09375,8701.73,VOLUME SURGE
76d5af76d0271110f9af36c92573f765,2017-11-25 21:15:19,22,18.25,2.980197803396346,0.2727272727272727,4541.71,VOLUME SURGE
e8b3a3a38279a82f0e5d006d5e5b7d2c,2017-11-25 21:15:19,36,20.0,3.4112114616897666,0.2222222222222222,2319.98,VOLUME SURGE
00ee68308b45bc5e2660cd833c3f81cc,2017-11-25 21:15:19,23,14.5,2.5628464289109916,0.08695652173913043,2962.2,VOLUME SURGE
0509040ea3fe50071181bbc359eb7738,2017-11-25 21:15:19,16,11.25,4.75,0.0,381.68,VOLUME SURGE
7299e27ed73d2ad986de7f7c77d919fa,2017-11-25 21:15:19,73,61.25,3.836734693877551,0.0684931506849315,6542.82,VOLUME SURGE
0be8ff43f22e456b4e0371b2245e4d01,2017-11-25 21:15:19,27,17.0,4.629100498862757,0.2222222222222222,1582.01,VOLUME SURGE
c826c40d7b19f62a09e2d7c5e7295ee2,2017-11-25 21:15:19,29,12.5,4.260281680828158,0.20689655172413793,1959.3,VOLUME SURGE
dee656f0f566ed1aa85bd137c943f08f,2017-11-25 21:15:19,17,11.0,3.2863353450309973,0.058823529411764705,201.46,VOLUME SURGE
725c32fa80c2faacc4fc88450d27314e,2017-11-25 21:15:19,25,20.75,2.833333333333337,0.04,1179.79,VOLUME SURGE
1025f0e2d44d7041d6cf58b6550e0bfa,2017-11-25 21:15:19,179,117.75,7.172865536171725,0.19553072625698323,20812.13,VOLUME SURGE
bd23da7354813347129d751591d1a6e2,2017-11-25 21:15:19,40,28.5,3.0375556268234014,0.125,2319.52,VOLUME SURGE
de23c3b98a88888289c6f5cc1209054a,2017-11-25 21:15:19,36,24.5,2.5931787966097595,0.1111111111111111,4203.87,VOLUME SURGE
12b9676b00f60f3b700e83af21824c0e,2017-11-25 21:15:19,30,24.0,4.999999999999999,0.03333333333333333,4697.87,VOLUME SURGE
7178f9f4dd81dcef02f62acdf8151e01,2017-11-25 21:15:19,60,46.75,5.300000000000002,0.2,6560.19,VOLUME SURGE
1554a68530182680ad5c8b042c3ab563,2017-11-25 21:15:19,27,23.5,2.7110883423451764,0.037037037037037035,2405.12,VOLUME SURGE
7142540dd4c91e2237acb7e911c4eba2,2017-11-25 21:15:19,62,49.75,3.1717591122154585,0.14516129032258066,4881.1900000000005,VOLUME SURGE
17e34d8224d27a541263c4c64b11a56b,2017-11-25 21:15:19,63,45.0,8.0,0.12698412698412698,11109.94,VOLUME SURGE
b33e7c55446eabf8fe1a42d037ac7d6d,2017-11-25 21:15:19,43,19.0,2.515883608132604,0.16279069767441862,8079.08,VOLUME SURGE
1835b56ce799e6a4dc4eddc053f04066,2017-11-25 21:15:19,88,59.25,3.1960889461978734,0.2727272727272727,3657.26,VOLUME SURGE
b2ba3715d723d245138f291a6fe42594,2017-11-25 21:15:19,70,59.0,2.8722813232690103,0.14285714285714285,5944.87,VOLUME SURGE
1900267e848ceeba8fa32d80c1a5f5a8,2017-11-25 21:15:19,54,39.0,5.303300858899101,0.14814814814814814,3643.16,VOLUME SURGE
ac3508719a1d8f5b7614b798f70af136,2017-11-25 21:15:19,33,21.75,3.9167472590032015,0.06060606060606061,3124.47,VOLUME SURGE
1f50f920176fa81dab994f9023523100,2017-11-25 21:15:19,428,294.0,9.1156462585034,0.1425233644859813,18604.43,VOLUME SURGE
a1043bafd471dff536d0c462352beb48,2017-11-25 21:15:19,126,85.5,3.4856850115866753,0.10317460317460317,15452.61,VOLUME SURGE
900ba814c251a692506d7834c1218441,2017-11-25 21:15:19,15,11.5,3.5,0.0,3409.05,VOLUME SURGE
391fc6631aebcf3004804e51b40bcf1e,2017-11-25 21:15:19,80,66.25,4.150943396226415,0.1875,5785.62,VOLUME SURGE
53e4c6e0f4312d4d2107a8c9cddf45cd,2017-11-25 21:15:19,86,67.75,5.387453874538745,0.1511627906976744,5129.64,VOLUME SURGE
850f4f8af5ea87287ac68de36e29107f,2017-11-25 21:15:19,41,28.75,7.172865536171716,0.12195121951219512,9259.77,VOLUME SURGE
4869f7a5dfa277a7dca6462dcf3b52b2,2017-11-25 21:15:19,207,179.0,3.1284916201117317,0.10628019323671498,40453.39,VOLUME SURGE
e5a3438891c0bfdb9394643f95273d8e,2017-11-25 21:15:19,61,35.5,6.735449433391024,0.2459016393442623,1119.75,VOLUME SURGE
7040e82f899a04d1b434b795a43b4617,2017-11-25 21:15:19,59,41.5,4.733765582004017,0.23728813559322035,1173.53,VOLUME SURGE
6560211a19b47992c3666cc44a7e94c0,2017-11-25 21:15:19,356,299.5,3.0071915690797724,0.17696629213483145,15778.58,VOLUME SURGE
da8622b14eb17ae2831f4ac5b9dab84a,2017-11-25 21:15:19,175,132.5,4.330127018922192,0.09714285714285714,20181.91,VOLUME SURGE
4830e40640734fc1c52cd21127c341d4,2017-11-25 21:15:19,21,13.0,8.0,0.09523809523809523,600.38,VOLUME SURGE
46dc3b2cc0980fb8ec44634e21d2718e,2017-11-25 21:15:19,205,153.0,6.368673331236268,0.12682926829268293,40874.86,VOLUME SURGE
54a1852d1b8f10312c55e906355666ee,2017-11-25 21:15:19,23,18.0,2.500000000000004,0.0,1007.48,VOLUME SURGE
ef506c96320abeedfb894c34db06f478,2017-11-25 21:15:19,70,61.75,2.672064777327935,0.17142857142857143,1444.48,VOLUME SURGE
8581055ce74af1daba164fdbd55a40de,2017-11-25 21:15:19,52,44.0,3.6363636363636362,0.15384615384615385,5974.29,VOLUME SURGE
85d9eb9ddc5d00ca9336a2219c97bb13,2017-11-25 21:15:19,79,58.5,3.763738877376937,0.0379746835443038,1197.38,VOLUME SURGE
8b321bb669392f5163d04c59e235e066,2017-11-25 21:15:19,38,13.5,4.949747468305833,0.10526315789473684,373.53999999999996,VOLUME SURGE
8160255418d5aaa7dbdc9f4c64ebda44,2017-11-25 21:15:19,63,13.75,9.266100553578433,0.36507936507936506,9178.59,VOLUME SURGE
7d76b645482be4a332374e8223836592,2017-11-25 21:15:19,71,56.0,3.674234614174771,0.19718309859154928,1260.79,VOLUME SURGE
620c87c171fb2a6dd6e8bb4dec959fc6,2017-11-25 21:15:19,81,45.25,2.903690472784115,0.06172839506172839,11931.45,VOLUME SURGE
0be8ff43f22e456b4e0371b2245e4d01,2017-11-18 21:15:19,20,15.75,4.25,0.15,1295.92,VOLUME SURGE
813348c996469b40f2e028d5429d3495,2017-11-18 21:15:19,36,22.5,2.7367363825179183,0.1388888888888889,2089.52,VOLUME SURGE
002100f778ceb8431b7a1020ff7ab48f,2017-11-18 21:15:19,21,11.0,3.162277660168379,0.19047619047619047,171.28,VOLUME SURGE
ea8482cd71df3c1969d7b9473ff13abc,2017-11-18 21:15:19,110,66.75,2.687856682118896,0.08181818181818182,1228.24,VOLUME SURGE
001cca7ae9ae17fb1caed9dfb1094831,2017-11-18 21:15:19,54,44.25,3.7072868655681956,0.14814814814814814,6140.79,VOLUME SURGE
e5a3438891c0bfdb9394643f95273d8e,2017-11-18 21:15:19,41,34.25,3.941605839416058,0.1951219512195122,609.5899999999999,VOLUME SURGE
1900267e848ceeba8fa32d80c1a5f5a8,2017-11-18 21:15:19,43,38.0,2.631578947368421,0.09302325581395349,2553.05,VOLUME SURGE
fa1c13f2614d7b5c4749cbc52fecda94,2017-11-18 21:15:19,87,74.0,3.513513513513513,0.022988505747126436,23629.23,VOLUME SURGE
c826c40d7b19f62a09e2d7c5e7295ee2,2017-11-18 21:15:19,18,10.0,4.3817804600413295,0.2222222222222222,1432.69,VOLUME SURGE
6c7d50c24b3ccd2fd83b44d8bb34e073,2017-11-18 21:15:19,39,33.0,2.7774602993176534,0.0,2073.01,VOLUME SURGE
ac3508719a1d8f5b7614b798f70af136,2017-11-18 21:15:19,26,21.25,2.509285083028028,0.07692307692307693,2261.71,VOLUME SURGE
db4350fd57ae30082dec7acbaacc17f9,2017-11-18 21:15:19,30,24.25,2.789159687917827,0.1,376.83000000000004,VOLUME SURGE
70eea00b476a314817cefde4aad4f89a,2017-11-18 21:15:19,15,12.0,3.0,0.06666666666666667,2780.95,VOLUME SURGE
537eb890efff034a88679788b647c564,2017-11-18 21:15:19,26,20.25,5.679012345679013,0.07692307692307693,489.48999999999995,VOLUME SURGE
bd23da7354813347129d751591d1a6e2,2017-11-18 21:15:19,34,26.0,4.898979485566348,0.11764705882352941,1697.68,VOLUME SURGE
669ae81880e08f269a64487cfb287169,2017-11-18 21:15:19,15,39.5,-10.292058617605868,0.13333333333333333,579.56,VOLUME COLLAPSE
70a12e78e608ac31179aea7f8422044b,2017-11-18 21:15:19,62,78.0,-2.691706339641816,0.24193548387096775,2972.47,VOLUME COLLAPSE
e9779976487b77c6d4ac45f75ec7afe9,2017-11-18 21:15:19,94,80.5,3.354037267080745,0.13829787234042554,4673.09,VOLUME SURGE
b33e7c55446eabf8fe1a42d037ac7d6d,2017-11-18 21:15:19,29,14.0,2.651650429449553,0.10344827586206896,5068.3,VOLUME SURGE
955fee9216a65b617aa5c0531780ce60,2017-11-18 21:15:19,74,62.0,2.939387691339818,0.10810810810810811,4717.0599999999995,VOLUME SURGE
de23c3b98a88888289c6f5cc1209054a,2017-11-18 21:15:19,30,22.5,2.980197803396347,0.06666666666666667,3598.08,VOLUME SURGE
7b07b3c7487f0ea825fc6df75abd658b,2017-11-18 21:15:19,18,11.75,3.031695312954162,0.0,872.04,VOLUME SURGE
3c7c4a49ec3c6550809089c6a2ca9370,2017-11-18 21:15:19,38,26.75,2.9801978033963485,0.23684210526315788,397.74,VOLUME SURGE
8444e55c1f13cd5c179851e5ca5ebd00,2017-11-18 21:15:19,15,22.0,-3.8340579025361623,0.2,1490.76,VOLUME COLLAPSE
3d871de0142ce09b7081e2b9d1733cb1,2017-11-18 21:15:19,219,193.5,2.635658914728682,0.1232876712328767,11500.26,VOLUME SURGE
725c32fa80c2faacc4fc88450d27314e,2017-11-18 21:15:19,23,20.0,3.0,0.043478260869565216,1020.28,VOLUME SURGE
85d9eb9ddc5d00ca9336a2219c97bb13,2017-11-18 21:15:19,66,57.25,2.648274679602909,0.07575757575757576,872.04,VOLUME SURGE
25c5c91f63607446a97b143d2d535d31,2017-11-18 21:15:19,48,39.5,2.5628464289109916,0.16666666666666666,4493.150000000001,VOLUME SURGE
6560211a19b47992c3666cc44a7e94c0,2017-11-18 21:15:19,324,285.75,2.633758740792651,0.16666666666666666,14827.03,VOLUME SURGE
f5a590cf36251cf1162ea35bef76fe84,2017-11-18 21:15:19,23,18.75,3.3775575105158624,0.13043478260869565,8691.14,VOLUME SURGE
de23c3b98a88888289c6f5cc1209054a,2017-11-11 21:15:19,26,21.5,4.186046511627907,0.0,3486.26,VOLUME SURGE
9de4643a8dbde634fe55621059d92273,2017-11-11 21:15:19,11,18.75,-3.759302188063161,0.2727272727272727,3694.71,VOLUME COLLAPSE
259f7b5e6e482c230e5bfaa670b6bb8f,2017-11-11 21:15:19,27,22.75,3.7362637362637363,0.07407407407407407,1176.57,VOLUME SURGE
7a67c85e85bb2ce8582c35f2203ad736,2017-11-11 21:15:19,190,217.25,-2.5086306098964326,0.07368421052631578,19019.15,VOLUME COLLAPSE
1c129092bf23f28a5930387c980c0dfc,2017-11-11 21:15:19,39,20.25,2.514947816305664,0.05128205128205128,1660.3799999999999,VOLUME SURGE
897060da8b9a21f655304d50fd935913,2017-11-11 21:15:19,61,50.75,3.102264624677703,0.2786885245901639,1421.64,VOLUME SURGE
bfd27a966d91cfaafdb25d076585f0da,2017-11-11 21:15:19,26,18.75,2.632739767109291,0.07692307692307693,2061.66,VOLUME SURGE
b1fc4f64df5a0e8b6913ab38803c57a9,2017-11-11 21:15:19,21,12.5,6.5840716885526085,0.19047619047619047,1081.29,VOLUME SURGE
6c7d50c24b3ccd2fd83b44d8bb34e073,2017-11-11 21:15:19,36,31.25,2.7813152079033183,0.0,1913.24,VOLUME SURGE
1835b56ce799e6a4dc4eddc053f04066,2017-11-11 21:15:19,63,48.5,3.115099702071532,0.20634920634920634,2885.9700000000003,VOLUME SURGE
e9bc59e7b60fc3063eb2290deda4cced,2017-11-11 21:15:19,26,21.75,3.908045977011494,0.15384615384615385,1504.01,VOLUME SURGE
0ea22c1cfbdc755f86b9b54b39c16043,2017-11-11 21:15:19,31,25.25,2.593178796609765,0.0,803.0699999999999,VOLUME SURGE
ea8482cd71df3c1969d7b9473ff13abc,2017-11-11 21:15:19,89,55.25,3.284551628481101,0.0898876404494382,1071.76,VOLUME SURGE
620c87c171fb2a6dd6e8bb4dec959fc6,2017-11-11 21:15:19,50,31.0,3.1377467306101408,0.06,7476.11,VOLUME SURGE
3b15288545f8928d3e65a8f949a28291,2017-11-11 21:15:19,35,30.75,2.7642276422764227,0.0,4133.24,VOLUME SURGE
001cca7ae9ae17fb1caed9dfb1094831,2017-11-11 21:15:19,48,42.25,2.72189349112426,0.14583333333333334,5205.46,VOLUME SURGE
2e1c9f22be269ef4643f826c9e650a52,2017-11-11 21:15:19,46,37.0,4.864864864864865,0.043478260869565216,1800.6399999999999,VOLUME SURGE
3db66a856d18a9cba7c9241fc5221c50,2017-11-11 21:15:19,28,22.25,3.833333333333334,0.17857142857142858,1182.95,VOLUME SURGE
a416b6a846a11724393025641d4edd5e,2017-11-04 21:15:19,23,18.5,3.4856850115866718,0.043478260869565216,4103.71,VOLUME SURGE
54a1852d1b8f10312c55e906355666ee,2017-11-04 21:15:19,19,13.0,4.2426406871192945,0.0,822.8,VOLUME SURGE
2528513dd95219a6013d4d05176e391a,2017-11-04 21:15:19,23,12.75,5.414773073902588,0.2608695652173913,5530.01,VOLUME SURGE
8e6cc767478edae941d9bd9eb778d77a,2017-11-04 21:15:19,19,35.75,-2.518014193809477,0.21052631578947367,844.6,VOLUME COLLAPSE
d91fb3b7d041e83b64a00a3edfb37e4f,2017-11-04 21:15:19,43,87.5,-6.490992121656307,0.23255813953488372,1262.51,VOLUME COLLAPSE
2138ccb85b11a4ec1e37afbd1c8eda1f,2017-11-04 21:15:19,29,39.75,-4.848116880618204,0.10344827586206896,410.47,VOLUME COLLAPSE
8c16d1f32a54d92897cc437244442e1b,2017-11-04 21:15:19,20,14.5,4.260281680828159,0.05,627.85,VOLUME SURGE
a17f621c590ea0fab3d5d883e1630ec6,2017-11-04 21:15:19,12,19.25,-7.25,0.08333333333333333,193.74,VOLUME COLLAPSE
c9c7905cffc4ef9ff9f113554423e671,2017-11-04 21:15:19,21,12.25,3.3270523152535088,0.09523809523809523,927.03,VOLUME SURGE
4e7c18b98d84e05cbae3ff0ff03846c2,2017-11-04 21:15:19,8,19.75,-3.670083404382243,0.25,401.06,VOLUME COLLAPSE
dbc22125167c298ef99da25668e1011f,2017-11-04 21:15:19,108,130.25,-2.593822699181744,0.046296296296296294,6081.22,VOLUME COLLAPSE
cab85505710c7cb9b720bceb52b01cee,2017-11-04 21:15:19,18,37.5,-4.066031074112956,0.05555555555555555,513.9,VOLUME COLLAPSE
620c87c171fb2a6dd6e8bb4dec959fc6,2017-11-04 21:15:19,39,27.5,3.4673804626443294,0.05128205128205128,6252.09,VOLUME SURGE
db4350fd57ae30082dec7acbaacc17f9,2017-11-04 21:15:19,26,22.0,2.8284271247461823,0.07692307692307693,334.42,VOLUME SURGE
7008613ea464bad5cb9b83456e1e6a8f,2017-11-04 21:15:19,13,33.25,-12.180451127819548,0.07692307692307693,261.91999999999996,VOLUME COLLAPSE
ef506c96320abeedfb894c34db06f478,2017-10-28 21:15:19,63,44.75,2.8530720927797804,0.15873015873015872,1122.77,VOLUME SURGE
ccc4bbb5f32a6ab2b7066a4130f114e3,2017-10-28 21:15:19,25,18.75,4.166666666666668,0.12,8408.55,VOLUME SURGE
8e6cc767478edae941d9bd9eb778d77a,2017-10-28 21:15:19,26,39.5,-6.8354430379746836,0.19230769230769232,1053.86,VOLUME COLLAPSE
0ea22c1cfbdc755f86b9b54b39c16043,2017-10-28 21:15:19,26,22.5,2.711088342345208,0.0,791.14,VOLUME SURGE
36a968b544695394e4e9d7572688598f,2017-10-28 21:15:19,19,36.75,-9.65986394557823,0.2631578947368421,830.8,VOLUME COLLAPSE
c3cfdc648177fdbbbb35635a37472c53,2017-10-28 21:15:19,52,61.5,-3.089430894308943,0.07692307692307693,6169.29,VOLUME COLLAPSE
f7ba60f8c3f99e7ee4042fdef03b70c4,2017-10-28 21:15:19,23,10.75,3.7075845514440893,0.17391304347826086,5144.33,VOLUME SURGE
ea8482cd71df3c1969d7b9473ff13abc,2017-10-28 21:15:19,61,41.5,2.5828380962768356,0.04918032786885246,680.27,VOLUME SURGE
fe2032dab1a61af8794248c8196565c9,2017-10-28 21:15:19,24,79.25,-11.219575124726465,0.041666666666666664,6246.83,VOLUME COLLAPSE
66922902710d126a0e7d26b0e3805106,2017-10-28 21:15:19,26,18.75,3.829961442516463,0.038461538461538464,1187.18,VOLUME SURGE
522620dcb18a6b31cd7bdf73665113a9,2017-10-28 21:15:19,7,36.75,-12.590419243075969,0.0,2305.94,VOLUME COLLAPSE
87142160b41353c4e5fca2360caf6f92,2017-10-28 21:15:19,55,63.5,-2.6771653543307083,0.03636363636363636,2841.69,VOLUME COLLAPSE
1554a68530182680ad5c8b042c3ab563,2017-10-28 21:15:19,25,32.5,-3.150630189063018,0.0,1852.77,VOLUME COLLAPSE
cd68562d3f44870c08922d380acae552,2017-10-28 21:15:19,39,48.25,-3.8341968911917097,0.1794871794871795,3941.92,VOLUME COLLAPSE
620c87c171fb2a6dd6e8bb4dec959fc6,2017-10-28 21:15:19,32,26.75,2.546624062881587,0.0625,5555.16,VOLUME SURGE
850f4f8af5ea87287ac68de36e29107f,2017-10-28 21:15:19,29,24.75,3.4343434343434343,0.06896551724137931,8250.23,VOLUME SURGE
25c5c91f63607446a97b143d2d535d31,2017-10-28 21:15:19,40,33.0,3.8340579025361627,0.15,4961.38,VOLUME SURGE
9de4643a8dbde634fe55621059d92273,2017-10-28 21:15:19,16,20.0,-3.464101615137756,0.125,4166.35,VOLUME COLLAPSE
febab0275244b9a49a623f0bd613ca2f,2017-10-28 21:15:19,11,17.25,-2.5,0.09090909090909091,725.76,VOLUME COLLAPSE
3be634553519fb6536a03e1358e9fdc7,2017-10-28 21:15:19,21,10.0,3.267486891823025,0.047619047619047616,1209.21,VOLUME SURGE
0adac9fbd9a2b63cccaac4f8756c1ca8,2017-10-28 21:15:19,11,19.25,-5.500000000000003,0.09090909090909091,2620.19,VOLUME COLLAPSE
c9c7905cffc4ef9ff9f113554423e671,2017-10-28 21:15:19,16,10.5,4.260281680828157,0.0625,850.08,VOLUME SURGE
0db783cfcd3b73998abc6e10e59a102f,2017-10-28 21:15:19,10,40.0,-15.0,0.2,425.56,VOLUME COLLAPSE
70a12e78e608ac31179aea7f8422044b,2017-10-21 21:15:19,86,99.5,-2.7135678391959797,0.19767441860465115,4515.78,VOLUME COLLAPSE
f3b80352b986ab4d1057a4b724be19d0,2017-10-21 21:15:19,27,20.75,4.966996338993908,0.18518518518518517,1586.3700000000001,VOLUME SURGE
ac3508719a1d8f5b7614b798f70af136,2017-10-21 21:15:19,24,11.75,5.184290276560698,0.0,2392.34,VOLUME SURGE
1a3df491d1c4f1589fc2b934ada68bf2,2017-10-21 21:15:19,40,56.75,-4.921506174087647,0.125,4770.5,VOLUME COLLAPSE
f8db351d8c4c4c22c6835c19a46f01b0,2017-10-21 21:15:19,92,120.5,-2.6273512335143296,0.05434782608695652,3138.18,VOLUME COLLAPSE
1025f0e2d44d7041d6cf58b6550e0bfa,2017-10-21 21:15:19,102,79.75,5.306148628727068,0.09803921568627451,14431.15,VOLUME SURGE
ea8482cd71df3c1969d7b9473ff13abc,2017-10-21 21:15:19,51,36.25,2.5203550902644447,0.058823529411764705,569.45,VOLUME SURGE
725c32fa80c2faacc4fc88450d27314e,2017-10-21 21:15:19,20,12.5,2.8347335475692046,0.0,1247.86,VOLUME SURGE
fa40cc5b934574b62717c68f3d678b6d,2017-10-21 21:15:19,54,62.5,-2.72,0.1111111111111111,1088.42,VOLUME COLLAPSE
f5a590cf36251cf1162ea35bef76fe84,2017-10-21 21:15:19,20,14.333333333333334,5.666666666666666,0.25,9691.4,VOLUME SURGE
5160d23075764e18e07c1f4a87fad743,2017-10-21 21:15:19,23,13.5,2.5697584588021822,0.08695652173913043,1004.4,VOLUME SURGE
7e93a43ef30c4f03f38b393420bc753a,2017-10-21 21:15:19,81,60.75,5.243112001825535,0.08641975308641975,36204.62,VOLUME SURGE
dc317f341ab0e22f39acbd9dbf9b4a1f,2017-10-21 21:15:19,23,17.25,3.0375556268234023,0.043478260869565216,5806.01,VOLUME SURGE
a1043bafd471dff536d0c462352beb48,2017-10-21 21:15:19,61,41.5,2.5244613342123032,0.06557377049180328,6738.26,VOLUME SURGE
001cca7ae9ae17fb1caed9dfb1094831,2017-10-14 21:15:19,40,46.25,-2.7027027027027026,0.15,4774.7,VOLUME COLLAPSE
897060da8b9a21f655304d50fd935913,2017-10-14 21:15:19,47,40.25,2.5665832146241296,0.3191489361702128,1340.55,VOLUME SURGE
3c7c4a49ec3c6550809089c6a2ca9370,2017-10-14 21:15:19,19,12.333333333333334,2.6490647141300876,0.2631578947368421,118.36,VOLUME SURGE
259f7b5e6e482c230e5bfaa670b6bb8f,2017-10-14 21:15:19,23,17.5,3.175426480542942,0.043478260869565216,789.2,VOLUME SURGE
6f892e20a171e98efe17fdb971ff319b,2017-10-14 21:15:19,30,15.5,2.862089873074995,0.1,1889.91,VOLUME SURGE
dc317f341ab0e22f39acbd9dbf9b4a1f,2017-10-14 21:15:19,20,15.75,3.377557510515863,0.05,5806.01,VOLUME SURGE
41b39e28db005d9731d9d485a83b4c38,2017-10-14 21:15:19,36,43.0,-3.0310889132455365,0.1388888888888889,1947.4,VOLUME COLLAPSE
8a32e327fe2c1b3511609d81aaf9f042,2017-10-14 21:15:19,21,36.5,-8.493150684931505,0.09523809523809523,703.3100000000001,VOLUME COLLAPSE
a1043bafd471dff536d0c462352beb48,2017-10-14 21:15:19,52,36.25,3.290067697562689,0.09615384615384616,5867.75,VOLUME SURGE
db4350fd57ae30082dec7acbaacc17f9,2017-10-14 21:15:19,23,19.75,3.25,0.08695652173913043,355.89,VOLUME SURGE
b2ba3715d723d245138f291a6fe42594,2017-10-14 21:15:19,43,23.5,2.928663119782288,0.13953488372093023,5140.4,VOLUME SURGE
f27e33c6d29b5138fa9967bcd445b6d5,2017-10-14 21:15:19,28,21.0,2.8577380332470397,0.21428571428571427,951.55,VOLUME SURGE
7e93a43ef30c4f03f38b393420bc753a,2017-10-14 21:15:19,66,58.0,2.758620689655172,0.09090909090909091,29647.940000000002,VOLUME SURGE
537eb890efff034a88679788b647c564,2017-10-14 21:15:19,20,12.0,3.7032803990902057,0.05,336.90999999999997,VOLUME SURGE
48436dade18ac8b2bce089ec2a041202,2017-10-07 21:15:19,72,57.5,3.922262910803328,0.20833333333333334,4872.5599999999995,VOLUME SURGE
b2ba3715d723d245138f291a6fe42594,2017-10-07 21:15:19,33,20.25,6.184658438426461,0.12121212121212122,4076.28,VOLUME SURGE
5dceca129747e92ff8ef7a997dc4f8ca,2017-10-07 21:15:19,49,63.75,-3.452713842285847,0.24489795918367346,15710.45,VOLUME COLLAPSE
3c7c4a49ec3c6550809089c6a2ca9370,2017-10-07 21:15:19,15,11.0,2.82842712474619,0.2,96.59,VOLUME SURGE
4e922959ae960d389249c378d1c939f5,2017-10-07 21:15:19,64,79.25,-3.848580441640378,0.140625,3874.0,VOLUME COLLAPSE
de23c3b98a88888289c6f5cc1209054a,2017-10-07 21:15:19,19,13.25,2.5931787966097595,0.05263157894736842,2778.24,VOLUME SURGE
b4ffb71f0cb1b1c3d63fad021ecf93e1,2017-10-07 21:15:19,24,12.0,3.794733192202055,0.08333333333333333,553.51,VOLUME SURGE
59b22a78efb79a4797979612b885db36,2017-10-07 21:15:19,31,15.5,3.495154030213154,0.22580645161290322,4513.91,VOLUME SURGE
7aa4334be125fcdd2ba64b3180029f14,2017-10-07 21:15:19,82,57.5,2.549686750774654,0.04878048780487805,4719.43,VOLUME SURGE
43f8c9950d11ecd03a0304a49e010da6,2017-10-07 21:15:19,14,10.0,2.82842712474619,0.07142857142857142,1334.17,VOLUME SURGE
bfd27a966d91cfaafdb25d076585f0da,2017-10-07 21:15:19,22,17.25,2.5092850830280287,0.045454545454545456,1652.67,VOLUME SURGE
e9d99831abad74458942f21e16f33f92,2017-10-07 21:15:19,26,22.75,2.857142857142857,0.2692307692307692,504.03999999999996,VOLUME SURGE
37515688008a7a40ac93e3b2e4ab203f,2017-10-07 21:15:19,68,56.25,3.188120203105254,0.11764705882352941,1008.89,VOLUME SURGE
7722b1df1b0e383e000397b2c11e3e19,2017-10-07 21:15:19,22,33.75,-4.467755966197575,0.09090909090909091,526.44,VOLUME COLLAPSE
c3867b4666c7d76867627c2f7fb22e21,2017-10-07 21:15:19,67,56.75,2.542712059078773,0.05970149253731343,9696.130000000001,VOLUME SURGE
ef506c96320abeedfb894c34db06f478,2017-10-07 21:15:19,38,51.0,-3.0641293851417144,0.18421052631578946,596.13,VOLUME COLLAPSE
3db66a856d18a9cba7c9241fc5221c50,2017-10-07 21:15:19,22,14.25,2.9468177649388223,0.22727272727272727,1210.85,VOLUME SURGE
ebd2d60905fb58271facef5596b620d3,2017-10-07 21:15:19,12,22.0,-9.09090909090909,0.16666666666666666,1213.85,VOLUME COLLAPSE
e9779976487b77c6d4ac45f75ec7afe9,2017-10-07 21:15:19,73,63.25,3.08300395256917,0.0958904109589041,3054.78,VOLUME SURGE
ac3508719a1d8f5b7614b798f70af136,2017-10-07 21:15:19,15,10.5,4.5,0.0,1985.07,VOLUME SURGE
7aa4334be125fcdd2ba64b3180029f14,2017-09-30 21:15:19,70,52.0,3.2863353450309964,0.014285714285714285,4022.36,VOLUME SURGE
5dceca129747e92ff8ef7a997dc4f8ca,2017-09-30 21:15:19,58,66.75,-2.6217228464419473,0.1896551724137931,18236.86,VOLUME COLLAPSE
a49928bcdf77c55c6d6e05e09a9b4ca5,2017-09-30 21:15:19,36,23.75,2.8675081063051984,0.2777777777777778,1954.11,VOLUME SURGE
01fdefa7697d26ad920e9e0346d4bd1b,2017-09-30 21:15:19,24,19.75,4.25,0.08333333333333333,2944.19,VOLUME SURGE
d98eec89afa3380e14463da2aabaea72,2017-09-30 21:15:19,28,23.75,3.5789473684210527,0.0,583.73,VOLUME SURGE
dc4a0fc896dc34b0d5bfec8438291c80,2017-09-30 21:15:19,65,55.5,3.423423423423423,0.26153846153846155,5368.8099999999995,VOLUME SURGE
aaed1309374718fdd995ee4c58c9dfcd,2017-09-30 21:15:19,28,19.5,3.5707142142714243,0.14285714285714285,1264.69,VOLUME SURGE
4869f7a5dfa277a7dca6462dcf3b52b2,2017-09-30 21:15:19,150,110.5,4.899372016273739,0.1,25325.14,VOLUME SURGE
3504c0cb71d7fa48d967e0e4c94d59d9,2017-09-30 21:15:19,40,35.0,2.7386127875258324,0.025,1065.78,VOLUME SURGE
3db66a856d18a9cba7c9241fc5221c50,2017-09-30 21:15:19,18,12.0,2.7774602993176543,0.2777777777777778,965.49,VOLUME SURGE
fc906263ca5083d09dce42fe02247800,2017-09-30 21:15:19,56,49.25,2.7411167512690353,0.125,1487.92,VOLUME SURGE
48436dade18ac8b2bce089ec2a041202,2017-09-30 21:15:19,63,55.0,2.909090909090909,0.20634920634920634,4173.44,VOLUME SURGE
bfd27a966d91cfaafdb25d076585f0da,2017-09-30 21:15:19,20,15.5,2.5980762113533173,0.05,1633.86,VOLUME SURGE
ef506c96320abeedfb894c34db06f478,2017-09-30 21:15:19,46,53.0,-2.5849213105660045,0.15217391304347827,675.54,VOLUME COLLAPSE
725c32fa80c2faacc4fc88450d27314e,2017-09-30 21:15:19,16,10.5,2.6421145377839377,0.0,1249.12,VOLUME SURGE
a1043bafd471dff536d0c462352beb48,2017-09-30 21:15:19,38,30.25,2.5953769106646543,0.10526315789473684,4722.71,VOLUME SURGE
b2ba3715d723d245138f291a6fe42594,2017-09-30 21:15:19,23,19.5,3.4999999999999316,0.17391304347826086,3033.9900000000002,VOLUME SURGE
da8622b14eb17ae2831f4ac5b9dab84a,2017-09-23 21:15:19,116,100.25,3.1421446384039897,0.1206896551724138,15557.31,VOLUME SURGE
e5a3438891c0bfdb9394643f95273d8e,2017-09-23 21:15:19,28,22.5,2.642114537783939,0.21428571428571427,718.37,VOLUME SURGE
cd68562d3f44870c08922d380acae552,2017-09-23 21:15:19,48,40.25,3.4951540302131567,0.10416666666666667,2711.62,VOLUME SURGE
8b28d096634035667e8263d57ba3368c,2017-09-23 21:15:19,36,18.5,2.552637351213155,0.1111111111111111,2011.56,VOLUME SURGE
37be5a7c751166fbc5f8ccba4119e043,2017-09-23 21:15:19,222,195.0,2.6560946349250085,0.08558558558558559,40486.65,VOLUME SURGE
77530e9772f57a62c906e1c21538ab82,2017-09-23 21:15:19,34,28.0,2.7774602993176547,0.14705882352941177,3832.02,VOLUME SURGE
25e6ffe976bd75618accfe16cefcbd0d,2017-09-23 21:15:19,14,19.75,-3.8333333333333304,0.14285714285714285,629.37,VOLUME COLLAPSE
2e1c9f22be269ef4643f826c9e650a52,2017-09-23 21:15:19,32,19.75,3.2451042748093575,0.125,1108.13,VOLUME SURGE
7aa4334be125fcdd2ba64b3180029f14,2017-09-23 21:15:19,60,49.0,4.489795918367347,0.016666666666666666,3494.17,VOLUME SURGE
a1043bafd471dff536d0c462352beb48,2017-09-23 21:15:19,34,28.75,3.074085229787872,0.11764705882352941,3976.61,VOLUME SURGE
218d46b86c1881d022bce9c68a7d4b15,2017-09-23 21:15:19,58,50.75,2.857142857142857,0.06896551724137931,9069.51,VOLUME SURGE
ccc4bbb5f32a6ab2b7066a4130f114e3,2017-09-23 21:15:19,17,14.5,2.5,0.058823529411764705,6199.7300000000005,VOLUME SURGE
4c2b230173bb36f9b240f2b8ac11786e,2017-09-23 21:15:19,75,62.0,4.110960958218895,0.09333333333333334,1171.01,VOLUME SURGE
f3b80352b986ab4d1057a4b724be19d0,2017-09-23 21:15:19,19,10.0,4.929503017546496,0.21052631578947367,1168.98,VOLUME SURGE
76d5af76d0271110f9af36c92573f765,2017-09-23 21:15:19,19,13.0,4.242640687119286,0.10526315789473684,5381.97,VOLUME SURGE
aaed1309374718fdd995ee4c58c9dfcd,2017-09-23 21:15:19,23,18.0,5.0,0.17391304347826086,999.79,VOLUME SURGE
537eb890efff034a88679788b647c564,2017-09-23 21:15:19,15,11.0,4.0,0.0,232.91,VOLUME SURGE
53e4c6e0f4312d4d2107a8c9cddf45cd,2017-09-23 21:15:19,69,57.75,3.896103896103896,0.15942028985507245,4880.23,VOLUME SURGE
3b15288545f8928d3e65a8f949a28291,2017-09-23 21:15:19,27,17.5,2.8643577734887544,0.037037037037037035,2758.02,VOLUME SURGE
1da3aeb70d7989d1e6d9b0e887f97c23,2017-09-23 21:15:19,43,36.0,3.8340579025361645,0.06976744186046512,1666.56,VOLUME SURGE
de23c3b98a88888289c6f5cc1209054a,2017-09-23 21:15:19,14,11.0,3.0,0.07142857142857142,2261.82,VOLUME SURGE
46dc3b2cc0980fb8ec44634e21d2718e,2017-09-23 21:15:19,92,68.5,3.670083404382243,0.043478260869565216,18066.68,VOLUME SURGE
955fee9216a65b617aa5c0531780ce60,2017-09-16 21:15:19,43,28.0,2.941742027072761,0.046511627906976744,2740.21,VOLUME SURGE
1554a68530182680ad5c8b042c3ab563,2017-09-16 21:15:19,31,35.5,-2.5352112676056335,0.0967741935483871,2713.2799999999997,VOLUME COLLAPSE
17e34d8224d27a541263c4c64b11a56b,2017-09-16 21:15:19,42,57.75,-4.172276924754891,0.09523809523809523,6444.97,VOLUME COLLAPSE
855668e0971d4dfd7bef1b6a4133b41b,2017-09-16 21:15:19,72,43.5,7.358668357794094,0.09722222222222222,7372.24,VOLUME SURGE
259f7b5e6e482c230e5bfaa670b6bb8f,2017-09-16 21:15:19,20,16.75,3.25,0.1,817.4,VOLUME SURGE
46dc3b2cc0980fb8ec44634e21d2718e,2017-09-16 21:15:19,78,66.5,3.4586466165413534,0.038461538461538464,18128.38,VOLUME SURGE
fa1c13f2614d7b5c4749cbc52fecda94,2017-09-16 21:15:19,64,54.75,3.378995433789954,0.03125,19621.38,VOLUME SURGE
8b28d096634035667e8263d57ba3368c,2017-09-16 21:15:19,27,15.0,2.9393876913398134,0.1111111111111111,1170.09,VOLUME SURGE
2e1c9f22be269ef4643f826c9e650a52,2017-09-16 21:15:19,25,16.5,2.5628464289109907,0.16,853.39,VOLUME SURGE
7d76b645482be4a332374e8223836592,2017-09-16 21:15:19,23,13.75,2.988019556422819,0.08695652173913043,468.55,VOLUME SURGE
db4350fd57ae30082dec7acbaacc17f9,2017-09-16 21:15:19,20,32.5,-4.020422005641729,0.05,343.27,VOLUME COLLAPSE
dd2bdf855a9172734fbc3744021ae9b9,2017-09-16 21:15:19,32,23.5,6.5840716885526245,0.1875,2684.2,VOLUME SURGE
c3867b4666c7d76867627c2f7fb22e21,2017-09-16 21:15:19,57,46.25,2.666746793667982,0.07017543859649122,7989.3,VOLUME SURGE
7178f9f4dd81dcef02f62acdf8151e01,2017-09-16 21:15:19,43,35.75,4.055944055944056,0.27906976744186046,6070.99,VOLUME SURGE
85d9eb9ddc5d00ca9336a2219c97bb13,2017-09-16 21:15:19,80,94.0,-2.978723404255319,0.15,1354.08,VOLUME COLLAPSE
3b15288545f8928d3e65a8f949a28291,2017-09-16 21:15:19,22,16.25,3.8333333333333326,0.045454545454545456,2110.93,VOLUME SURGE
6560211a19b47992c3666cc44a7e94c0,2017-09-16 21:15:19,249,217.5,2.896551724137931,0.17269076305220885,10832.08,VOLUME SURGE
3d871de0142ce09b7081e2b9d1733cb1,2017-09-16 21:15:19,176,147.25,2.7891596879178313,0.13068181818181818,9742.31,VOLUME SURGE
f27e33c6d29b5138fa9967bcd445b6d5,2017-09-16 21:15:19,18,11.25,5.364356046113427,0.1111111111111111,615.04,VOLUME SURGE
004c9cd9d87a3c30c522c48c4fc07416,2017-09-16 21:15:19,46,37.5,3.3775575105158584,0.06521739130434782,4149.59,VOLUME SURGE
76d5af76d0271110f9af36c92573f765,2017-09-16 21:15:19,15,12.333333333333334,2.666666666666666,0.06666666666666667,3133.09,VOLUME SURGE
8581055ce74af1daba164fdbd55a40de,2017-09-16 21:15:19,56,68.25,-3.4084808838372527,0.05357142857142857,6928.52,VOLUME COLLAPSE
955fee9216a65b617aa5c0531780ce60,2017-09-09 21:15:19,35,24.0,2.809146551503871,0.05714285714285714,2568.24,VOLUME SURGE
44073f8b7e41514de3b7815dd0237f4f,2017-09-09 21:15:19,35,29.25,3.833333333333339,0.17142857142857143,2939.62,VOLUME SURGE
8b28d096634035667e8263d57ba3368c,2017-09-09 21:15:19,21,12.0,4.166190448976482,0.09523809523809523,726.53,VOLUME SURGE
855668e0971d4dfd7bef1b6a4133b41b,2017-09-09 21:15:19,49,41.0,3.9024390243902434,0.08163265306122448,5242.7,VOLUME SURGE
a3e9a2c700480d9bb01fba070ba80a0e,2017-09-09 21:15:19,19,15.5,3.5,0.0,930.68,VOLUME SURGE
0ea22c1cfbdc755f86b9b54b39c16043,2017-09-09 21:15:19,25,39.25,-2.85476190808261,0.0,917.43,VOLUME COLLAPSE
2138ccb85b11a4ec1e37afbd1c8eda1f,2017-09-09 21:15:19,61,100.25,-6.8411913241903495,0.11475409836065574,1555.3600000000001,VOLUME COLLAPSE
ea8482cd71df3c1969d7b9473ff13abc,2017-09-09 21:15:19,21,11.5,2.6870057685088806,0.09523809523809523,192.71,VOLUME SURGE
3d871de0142ce09b7081e2b9d1733cb1,2017-09-09 21:15:19,162,140.5,3.0604982206405693,0.10493827160493827,9351.99,VOLUME SURGE
f8db351d8c4c4c22c6835c19a46f01b0,2017-09-09 21:15:19,137,164.75,-2.7996046612945147,0.058394160583941604,6216.07,VOLUME COLLAPSE
1025f0e2d44d7041d6cf58b6550e0bfa,2017-09-09 21:15:19,53,23.0,3.9391929857916765,0.11320754716981132,6698.48,VOLUME SURGE
834f3294fba9f932f56edc879193f925,2017-09-09 21:15:19,29,21.25,2.5953769106646565,0.06896551724137931,11864.88,VOLUME SURGE
1900267e848ceeba8fa32d80c1a5f5a8,2017-09-09 21:15:19,44,51.5,-2.598076211353313,0.20454545454545456,2612.11,VOLUME COLLAPSE
05f51e13da97139648b8125c31e5f51b,2017-09-02 21:15:19,22,14.0,2.7174648819470297,0.045454545454545456,3497.29,VOLUME SURGE
ce27a3cc3c8cc1ea79d11e561e9bebb6,2017-09-02 21:15:19,66,47.0,4.478342947514801,0.18181818181818182,7024.83,VOLUME SURGE
e5a3438891c0bfdb9394643f95273d8e,2017-09-02 21:15:19,22,17.75,2.8333333333333335,0.18181818181818182,773.71,VOLUME SURGE
70a12e78e608ac31179aea7f8422044b,2017-09-02 21:15:19,91,77.5,3.4838709677419355,0.13186813186813187,5151.98,VOLUME SURGE
1025f0e2d44d7041d6cf58b6550e0bfa,2017-09-02 21:15:19,34,17.75,4.304730160461392,0.08823529411764706,4593.93,VOLUME SURGE
3504c0cb71d7fa48d967e0e4c94d59d9,2017-09-02 21:15:19,33,15.5,2.5,0.030303030303030304,879.02,VOLUME SURGE
fa40cc5b934574b62717c68f3d678b6d,2017-09-02 21:15:19,69,79.0,-2.531645569620253,0.057971014492753624,1624.32,VOLUME COLLAPSE
6edacfd9f9074789dad6d62ba7950b9c,2017-09-02 21:15:19,50,57.75,-2.6839826839826837,0.04,1544.01,VOLUME COLLAPSE
2e1c9f22be269ef4643f826c9e650a52,2017-09-02 21:15:19,19,12.25,2.5665832146241354,0.15789473684210525,752.44,VOLUME SURGE
a3a38f4affed601eb87a97788c949667,2017-09-02 21:15:19,38,48.75,-2.9911158776530784,0.07894736842105263,2710.88,VOLUME COLLAPSE
620c87c171fb2a6dd6e8bb4dec959fc6,2017-09-02 21:15:19,25,33.5,-2.833333333333381,0.24,2930.16,VOLUME COLLAPSE
0d85bbda9889ce1f7e63778d24f346eb,2017-08-26 21:15:19,18,13.25,3.166666666666666,0.1111111111111111,849.12,VOLUME SURGE
77530e9772f57a62c906e1c21538ab82,2017-08-26 21:15:19,31,27.0,2.962962962962963,0.0967741935483871,3483.57,VOLUME SURGE
ce27a3cc3c8cc1ea79d11e561e9bebb6,2017-08-26 21:15:19,53,43.25,2.5828380962768356,0.09433962264150944,6021.52,VOLUME SURGE
95e03ca3d4146e4011985981aeb959b9,2017-08-26 21:15:19,32,19.25,2.6633881361221765,0.125,1477.28,VOLUME SURGE
37515688008a7a40ac93e3b2e4ab203f,2017-08-26 21:15:19,38,17.0,3.601470287992685,0.13157894736842105,630.54,VOLUME SURGE
a3a38f4affed601eb87a97788c949667,2017-08-26 21:15:19,44,50.5,-2.574257425742574,0.06818181818181818,3536.5099999999998,VOLUME COLLAPSE
e5a3438891c0bfdb9394643f95273d8e,2017-08-26 21:15:19,20,16.25,2.5,0.1,678.1999999999999,VOLUME SURGE
d1c281d3ae149232351cd8c8cc885f0d,2017-08-26 21:15:19,37,46.25,-4.0,0.16216216216216217,5215.79,VOLUME COLLAPSE
004c9cd9d87a3c30c522c48c4fc07416,2017-08-19 21:15:19,34,27.0,3.8340579025361623,0.11764705882352941,3488.88,VOLUME SURGE
db4350fd57ae30082dec7acbaacc17f9,2017-08-19 21:15:19,28,34.0,-3.529411764705882,0.10714285714285714,396.46,VOLUME COLLAPSE
1127b7f2594683f2510f1c2c834a486b,2017-08-19 21:15:19,31,23.25,4.094096714414146,0.1935483870967742,1568.25,VOLUME SURGE
001cca7ae9ae17fb1caed9dfb1094831,2017-08-19 21:15:19,57,65.25,-2.528735632183908,0.12280701754385964,4855.150000000001,VOLUME COLLAPSE
9616352088dcf83a7c06637f4ebf1c80,2017-08-19 21:15:19,24,13.25,2.5163846647168073,0.08333333333333333,748.6700000000001,VOLUME SURGE
3b15288545f8928d3e65a8f949a28291,2017-08-19 21:15:19,17,13.333333333333334,3.666666666666666,0.058823529411764705,1789.19,VOLUME SURGE
5dceca129747e92ff8ef7a997dc4f8ca,2017-08-19 21:15:19,82,95.75,-2.8720626631853783,0.15853658536585366,16109.82,VOLUME COLLAPSE
37515688008a7a40ac93e3b2e4ab203f,2017-08-19 21:15:19,25,14.333333333333334,3.6950417228136048,0.12,373.29,VOLUME SURGE
5a8e7d5003a1f221f9e1d6e411de7c23,2017-08-19 21:15:19,19,23.25,-3.6559139784946235,0.05263157894736842,760.51,VOLUME COLLAPSE
7e1fb0a3ebfb01ffb3a7dae98bf3238d,2017-08-19 21:15:19,10,13.0,-3.0,0.0,893.8,VOLUME COLLAPSE
dbb9b48c841a0e39e21f98e1a6b2ec3e,2017-08-19 21:15:19,23,28.75,-4.0,0.0,899.4100000000001,VOLUME COLLAPSE
7e93a43ef30c4f03f38b393420bc753a,2017-08-19 21:15:19,63,84.5,-3.8615139935756613,0.12698412698412698,32059.01,VOLUME COLLAPSE
dd2bdf855a9172734fbc3744021ae9b9,2017-08-19 21:15:19,25,17.5,5.809475019311133,0.16,2407.18,VOLUME SURGE
1f50f920176fa81dab994f9023523100,2017-08-19 21:15:19,148,88.25,2.964430156682081,0.060810810810810814,8325.49,VOLUME SURGE
cbd996ad3c1b7dc71fd0e5f5df9087e2,2017-08-19 21:15:19,6,24.0,-8.332380897952962,0.16666666666666666,175.74,VOLUME COLLAPSE
1da3aeb70d7989d1e6d9b0e887f97c23,2017-08-19 21:15:19,34,29.25,3.2478632478632474,0.029411764705882353,334.15,VOLUME SURGE
b2ba3715d723d245138f291a6fe42594,2017-08-19 21:15:19,24,56.5,-11.504424778761061,0.16666666666666666,3229.96,VOLUME COLLAPSE
aaed1309374718fdd995ee4c58c9dfcd,2017-08-19 21:15:19,16,13.25,2.75,0.125,983.63,VOLUME SURGE
7722b1df1b0e383e000397b2c11e3e19,2017-08-19 21:15:19,30,35.75,-3.2167832167832167,0.03333333333333333,844.34,VOLUME COLLAPSE
ef506c96320abeedfb894c34db06f478,2017-08-12 21:15:19,72,84.0,-2.857142857142857,0.16666666666666666,1184.19,VOLUME COLLAPSE
53e4c6e0f4312d4d2107a8c9cddf45cd,2017-08-12 21:15:19,59,69.0,-2.898550724637681,0.1864406779661017,4151.42,VOLUME COLLAPSE
431af27f296bc6519d890aa5a05fdb11,2017-08-12 21:15:19,33,24.25,3.5,0.2727272727272727,3044.28,VOLUME SURGE
827f8f69dfa529c561901c4f2e0f332f,2017-08-12 21:15:19,33,41.25,-3.2999999999999963,0.15151515151515152,714.27,VOLUME COLLAPSE
1127b7f2594683f2510f1c2c834a486b,2017-08-12 21:15:19,26,21.5,2.598076211353314,0.23076923076923078,1372.51,VOLUME SURGE
6cd68b3ed6d59aaa9fece558ad360c0a,2017-08-12 21:15:19,25,31.0,-2.777460299317653,0.04,1145.87,VOLUME COLLAPSE
f45122a9ab94eb4f3f8953578bc0c560,2017-08-12 21:15:19,30,44.25,-3.7749172176353767,0.06666666666666667,2352.38,VOLUME COLLAPSE
54a1852d1b8f10312c55e906355666ee,2017-08-12 21:15:19,13,19.5,-3.7527767497325746,0.07692307692307693,1068.98,VOLUME COLLAPSE
669ae81880e08f269a64487cfb287169,2017-08-12 21:15:19,41,32.5,3.21269802057843,0.0975609756097561,2352.4,VOLUME SURGE
48436dade18ac8b2bce089ec2a041202,2017-08-12 21:15:19,53,39.5,3.0441664134114585,0.16981132075471697,3189.93,VOLUME SURGE
dd7ddc04e1b6c2c614352b383efe2d36,2017-08-05 21:15:19,19,13.25,3.0375556268234027,0.42105263157894735,1547.6399999999999,VOLUME SURGE
e5a3438891c0bfdb9394643f95273d8e,2017-08-05 21:15:19,17,10.0,2.584921310565987,0.11764705882352941,499.63,VOLUME SURGE
7aa4334be125fcdd2ba64b3180029f14,2017-08-05 21:15:19,39,27.25,2.6111111111111107,0.02564102564102564,1963.03,VOLUME SURGE
7142540dd4c91e2237acb7e911c4eba2,2017-08-05 21:15:19,38,26.0,3.2863353450309973,0.13157894736842105,2456.49,VOLUME SURGE
834f3294fba9f932f56edc879193f925,2017-08-05 21:15:19,16,13.5,2.5,0.125,5873.73,VOLUME SURGE
0ea22c1cfbdc755f86b9b54b39c16043,2017-08-05 21:15:19,38,53.25,-2.509912627871443,0.02631578947368421,1469.75,VOLUME COLLAPSE
f45122a9ab94eb4f3f8953578bc0c560,2017-08-05 21:15:19,39,47.5,-2.5628464289109925,0.07692307692307693,4798.39,VOLUME COLLAPSE
6cd68b3ed6d59aaa9fece558ad360c0a,2017-08-05 21:15:19,28,32.0,-2.5,0.07142857142857142,1271.98,VOLUME COLLAPSE
669ae81880e08f269a64487cfb287169,2017-08-05 21:15:19,36,31.0,3.225806451612903,0.1111111111111111,2261.67,VOLUME SURGE
620c87c171fb2a6dd6e8bb4dec959fc6,2017-08-05 21:15:19,35,97.0,-5.49440457878674,0.2,3166.51,VOLUME COLLAPSE
4869f7a5dfa277a7dca6462dcf3b52b2,2017-08-05 21:15:19,67,36.0,3.220326628949663,0.14925373134328357,12547.0,VOLUME SURGE
fa1c13f2614d7b5c4749cbc52fecda94,2017-08-05 21:15:19,49,39.5,2.5697584588021805,0.04081632653061224,16498.88,VOLUME SURGE
48436dade18ac8b2bce089ec2a041202,2017-08-05 21:15:19,46,36.0,3.53553390593274,0.17391304347826086,2611.47,VOLUME SURGE
a416b6a846a11724393025641d4edd5e,2017-08-05 21:15:19,12,24.0,-6.572670690061986,0.16666666666666666,1269.02,VOLUME COLLAPSE
9d5a9018aee56acb367ba9c3f05d1d6a,2017-08-05 21:15:19,20,24.5,-3.6734693877551017,0.0,3174.36,VOLUME COLLAPSE
6d66611d7c44cc30ce351abc49a68421,2017-07-29 21:15:19,19,14.75,3.37755751051586,0.21052631578947367,1390.05,VOLUME SURGE
d91fb3b7d041e83b64a00a3edfb37e4f,2017-07-29 21:15:19,84,69.75,3.774917217635375,0.15476190476190477,5790.66,VOLUME SURGE
4869f7a5dfa277a7dca6462dcf3b52b2,2017-07-29 21:15:19,48,30.25,2.7749057340734824,0.1875,8012.65,VOLUME SURGE
7178f9f4dd81dcef02f62acdf8151e01,2017-07-29 21:15:19,28,15.0,2.7716093126229358,0.17857142857142858,2051.99,VOLUME SURGE
12b9676b00f60f3b700e83af21824c0e,2017-07-29 21:15:19,27,22.25,2.509285083028029,0.0,4722.47,VOLUME SURGE
a1043bafd471dff536d0c462352beb48,2017-07-29 21:15:19,25,31.0,-3.8709677419354835,0.28,2511.65,VOLUME COLLAPSE
0c8380b62e38e8a1e6adbeba7eb9688c,2017-07-29 21:15:19,34,63.25,-5.260530447872337,0.11764705882352941,2756.79,VOLUME COLLAPSE
0ea22c1cfbdc755f86b9b54b39c16043,2017-07-29 21:15:19,46,56.5,-2.598076211353315,0.021739130434782608,1740.6,VOLUME COLLAPSE
12b9676b00f60f3b700e83af21824c0e,2017-07-22 21:15:19,25,21.0,3.8095238095238093,0.0,4259.59,VOLUME SURGE
7178f9f4dd81dcef02f62acdf8151e01,2017-07-22 21:15:19,21,12.0,2.846049894151541,0.14285714285714285,1154.1599999999999,VOLUME SURGE
0ea22c1cfbdc755f86b9b54b39c16043,2017-07-22 21:15:19,51,59.0,-2.711864406779661,0.0196078431372549,1969.9299999999998,VOLUME COLLAPSE
7142540dd4c91e2237acb7e911c4eba2,2017-07-22 21:15:19,28,23.0,4.3478260869565215,0.17857142857142858,2358.25,VOLUME SURGE
70a12e78e608ac31179aea7f8422044b,2017-07-22 21:15:19,72,58.25,3.161406869112309,0.125,3635.46,VOLUME SURGE
1127b7f2594683f2510f1c2c834a486b,2017-07-22 21:15:19,22,18.5,3.499999999999993,0.22727272727272727,889.72,VOLUME SURGE
cd68562d3f44870c08922d380acae552,2017-07-22 21:15:19,35,18.0,3.0370058042946093,0.08571428571428572,2298.49,VOLUME SURGE
3d871de0142ce09b7081e2b9d1733cb1,2017-07-22 21:15:19,113,92.5,3.5685919470918037,0.09734513274336283,6021.46,VOLUME SURGE
44073f8b7e41514de3b7815dd0237f4f,2017-07-22 21:15:19,26,34.75,-2.648274679602921,0.07692307692307693,3117.58,VOLUME COLLAPSE
6560211a19b47992c3666cc44a7e94c0,2017-07-22 21:15:19,171,149.5,2.5279543103845286,0.19883040935672514,7692.54,VOLUME SURGE
1a3df491d1c4f1589fc2b934ada68bf2,2017-07-22 21:15:19,48,27.5,3.2826271530042868,0.10416666666666667,5747.49,VOLUME SURGE
520b493b57809f446cb0a233bb3e25c7,2017-07-22 21:15:19,32,25.5,2.730546163854619,0.15625,1426.24,VOLUME SURGE
1da3aeb70d7989d1e6d9b0e887f97c23,2017-07-22 21:15:19,28,22.5,2.6421145377839377,0.03571428571428571,344.27,VOLUME SURGE
1f50f920176fa81dab994f9023523100,2017-07-22 21:15:19,67,24.75,24.73906684924532,0.1044776119402985,4141.7699999999995,VOLUME SURGE
4869f7a5dfa277a7dca6462dcf3b52b2,2017-07-22 21:15:19,38,26.75,2.6828841381204294,0.23684210526315788,6525.219999999999,VOLUME SURGE
fa1c13f2614d7b5c4749cbc52fecda94,2017-07-22 21:15:19,43,35.75,4.055944055944056,0.06976744186046512,12849.03,VOLUME SURGE
37be5a7c751166fbc5f8ccba4119e043,2017-07-22 21:15:19,112,51.25,2.6982239761275073,0.044642857142857144,21329.76,VOLUME SURGE
48162d548f5b1b11b9d29d1e01f75a61,2017-07-22 21:15:19,14,11.0,3.0,0.14285714285714285,4043.12,VOLUME SURGE
ce27a3cc3c8cc1ea79d11e561e9bebb6,2017-07-22 21:15:19,37,24.25,3.858914533135685,0.10810810810810811,2893.93,VOLUME SURGE
bacb1f0ed56ad24198f5810d2b3fe9a5,2017-07-22 21:15:19,25,18.75,2.500000000000001,0.16,3764.53,VOLUME SURGE
7c67e1448b00f6e969d365cea6b010ab,2017-07-22 21:15:19,144,106.25,2.5475180465196807,0.1736111111111111,20133.12,VOLUME SURGE
cab85505710c7cb9b720bceb52b01cee,2017-07-22 21:15:19,40,31.75,3.720647838614002,0.075,1685.66,VOLUME SURGE
94144541854e298c2d976cb893b81343,2017-07-22 21:15:19,19,12.0,2.8577380332470415,0.10526315789473684,2517.5499999999997,VOLUME SURGE
85d9eb9ddc5d00ca9336a2219c97bb13,2017-07-22 21:15:19,95,83.5,2.754491017964072,0.14736842105263157,1947.61,VOLUME SURGE
1da3aeb70d7989d1e6d9b0e887f97c23,2017-07-15 21:15:19,25,21.25,2.5,0.04,374.47,VOLUME SURGE
7aa4334be125fcdd2ba64b3180029f14,2017-07-15 21:15:19,27,20.5,5.03487835006964,0.0,1403.44,VOLUME SURGE
dd7ddc04e1b6c2c614352b383efe2d36,2017-07-15 21:15:19,16,12.333333333333334,3.666666666666666,0.375,1431.75,VOLUME SURGE
41b39e28db005d9731d9d485a83b4c38,2017-07-15 21:15:19,45,38.75,2.818672605010608,0.15555555555555556,2864.35,VOLUME SURGE
128639473a139ac0f3e5f5ade55873a5,2017-07-15 21:15:19,44,25.75,4.055555555555556,0.11363636363636363,597.59,VOLUME SURGE
3d871de0142ce09b7081e2b9d1733cb1,2017-07-15 21:15:19,101,88.25,2.889518413597733,0.10891089108910891,5283.8,VOLUME SURGE
8a32e327fe2c1b3511609d81aaf9f042,2017-07-15 21:15:19,41,35.25,3.2624113475177303,0.14634146341463414,1686.24,VOLUME SURGE
4a3ca9315b744ce9f8e9374361493884,2017-07-15 21:15:19,333,283.0,3.2779544953144826,0.15615615615615616,29038.81,VOLUME SURGE
4c2b230173bb36f9b240f2b8ac11786e,2017-07-15 21:15:19,29,10.333333333333334,3.055050463303893,0.10344827586206896,504.8,VOLUME SURGE
da8622b14eb17ae2831f4ac5b9dab84a,2017-07-15 21:15:19,80,67.75,3.6162361623616235,0.125,8998.98,VOLUME SURGE
37be5a7c751166fbc5f8ccba4119e043,2017-07-15 21:15:19,79,38.0,2.7113302921910436,0.05063291139240506,15194.26,VOLUME SURGE
1900267e848ceeba8fa32d80c1a5f5a8,2017-07-15 21:15:19,40,30.25,4.7294446882084875,0.15,1943.28,VOLUME SURGE
9c0e69c7bf2619675bbadf47b43f655a,2017-07-15 21:15:19,50,31.25,3.0316953129541617,0.14,7971.97,VOLUME SURGE
70a12e78e608ac31179aea7f8422044b,2017-07-15 21:15:19,64,56.0,2.8571428571428568,0.140625,3067.68,VOLUME SURGE
7178f9f4dd81dcef02f62acdf8151e01,2017-07-15 21:15:19,16,10.25,3.0375556268234027,0.125,738.63,VOLUME SURGE
83e197e95a1bbabc8c75e883ed016c47,2017-07-15 21:15:19,20,14.5,2.8722813232690143,0.0,2365.46,VOLUME SURGE
cd68562d3f44870c08922d380acae552,2017-07-15 21:15:19,25,14.75,2.851994208925035,0.04,2566.83,VOLUME SURGE
7722b1df1b0e383e000397b2c11e3e19,2017-07-15 21:15:19,39,34.25,2.773722627737226,0.05128205128205128,1564.49,VOLUME SURGE
7c67e1448b00f6e969d365cea6b010ab,2017-07-15 21:15:19,127,96.25,3.7779149685288,0.14960629921259844,17127.83,VOLUME SURGE
850f4f8af5ea87287ac68de36e29107f,2017-07-15 21:15:19,24,16.75,2.8999999999999995,0.041666666666666664,6705.969999999999,VOLUME SURGE
cca3071e3e9bb7d12640c9fbe2301306,2017-07-15 21:15:19,126,111.0,2.702702702702702,0.11904761904761904,9389.1,VOLUME SURGE
25c5c91f63607446a97b143d2d535d31,2017-07-15 21:15:19,30,24.0,4.999999999999999,0.06666666666666667,3195.69,VOLUME SURGE
f45122a9ab94eb4f3f8953578bc0c560,2017-07-08 21:15:19,47,56.75,-2.712872540196985,0.10638297872340426,4179.62,VOLUME COLLAPSE
4d6d651bd7684af3fffabd5f08d12e5a,2017-07-08 21:15:19,40,29.25,2.8477445676898436,0.15,2139.97,VOLUME SURGE
37be5a7c751166fbc5f8ccba4119e043,2017-07-08 21:15:19,59,27.25,3.367069981811782,0.03389830508474576,11317.2,VOLUME SURGE
7a67c85e85bb2ce8582c35f2203ad736,2017-07-08 21:15:19,311,268.5,2.7042102426470565,0.10289389067524116,29100.85,VOLUME SURGE
f8db351d8c4c4c22c6835c19a46f01b0,2017-07-08 21:15:19,160,140.75,2.7353463587921847,0.0875,6981.36,VOLUME SURGE
e9779976487b77c6d4ac45f75ec7afe9,2017-07-08 21:15:19,55,47.75,2.6327397671092934,0.12727272727272726,2285.14,VOLUME SURGE
cd68562d3f44870c08922d380acae552,2017-07-08 21:15:19,20,12.75,7.25,0.05,2331.8,VOLUME SURGE
46dc3b2cc0980fb8ec44634e21d2718e,2017-07-08 21:15:19,58,47.75,3.311048697657719,0.034482758620689655,16257.04,VOLUME SURGE
9de4643a8dbde634fe55621059d92273,2017-07-08 21:15:19,21,11.25,4.729444688208494,0.047619047619047616,3989.16,VOLUME SURGE
6edacfd9f9074789dad6d62ba7950b9c,2017-07-08 21:15:19,55,42.5,2.772079766079649,0.01818181818181818,1710.6399999999999,VOLUME SURGE
4c03b9dd4c11ee2cb35c96c49efc9420,2017-07-08 21:15:19,28,18.75,3.7000000000000015,0.14285714285714285,3197.3199999999997,VOLUME SURGE
9c0e69c7bf2619675bbadf47b43f655a,2017-07-08 21:15:19,40,27.0,3.8615754176090293,0.175,7337.66,VOLUME SURGE
128639473a139ac0f3e5f5ade55873a5,2017-07-08 21:15:19,32,22.75,3.700000000000002,0.03125,295.63,VOLUME SURGE
cfb1a033743668a192316f3c6d1d2671,2017-07-01 21:15:19,18,24.75,-2.566583214624134,0.2222222222222222,1296.6,VOLUME COLLAPSE
1f50f920176fa81dab994f9023523100,2017-07-01 21:15:19,27,18.75,2.664990415187919,0.1111111111111111,2020.7,VOLUME SURGE
e9d99831abad74458942f21e16f33f92,2017-07-01 21:15:19,24,15.0,7.79422863405995,0.08333333333333333,527.29,VOLUME SURGE
1a3df491d1c4f1589fc2b934ada68bf2,2017-07-01 21:15:19,26,15.0,2.8091465515038707,0.038461538461538464,3126.55,VOLUME SURGE
46dc3b2cc0980fb8ec44634e21d2718e,2017-07-01 21:15:19,52,46.0,2.6086956521739126,0.038461538461538464,15171.67,VOLUME SURGE
87142160b41353c4e5fca2360caf6f92,2017-07-01 21:15:19,50,57.5,-2.608695652173913,0.0,3437.64,VOLUME COLLAPSE
d12c926d74ceff0a90a21184466ce161,2017-07-01 21:15:19,15,17.5,-2.5,0.06666666666666667,291.0,VOLUME COLLAPSE
8581055ce74af1daba164fdbd55a40de,2017-07-01 21:15:19,85,75.25,2.5913621262458473,0.09411764705882353,12285.84,VOLUME SURGE
48436dade18ac8b2bce089ec2a041202,2017-07-01 21:15:19,32,26.75,2.546624062881496,0.15625,2799.41,VOLUME SURGE
fa1c13f2614d7b5c4749cbc52fecda94,2017-06-24 21:15:19,34,41.25,-3.2696602218123028,0.08823529411764706,8148.570000000001,VOLUME COLLAPSE
813348c996469b40f2e028d5429d3495,2017-06-24 21:15:19,51,17.0,6.667948594698258,0.13725490196078433,2460.65,VOLUME SURGE
855668e0971d4dfd7bef1b6a4133b41b,2017-06-24 21:15:19,22,11.5,2.9698484809834995,0.2727272727272727,2294.58,VOLUME SURGE
cab85505710c7cb9b720bceb52b01cee,2017-06-24 21:15:19,29,22.75,2.8186726050106077,0.06896551724137931,1201.08,VOLUME SURGE
c3867b4666c7d76867627c2f7fb22e21,2017-06-24 21:15:19,31,23.5,3.1506301890630266,0.0967741935483871,3455.52,VOLUME SURGE
cfb1a033743668a192316f3c6d1d2671,2017-06-24 21:15:19,21,25.75,-3.6893203883495143,0.19047619047619047,1412.16,VOLUME COLLAPSE
17e34d8224d27a541263c4c64b11a56b,2017-06-24 21:15:19,50,33.25,2.7567892797932245,0.12,9900.83,VOLUME SURGE
620c87c171fb2a6dd6e8bb4dec959fc6,2017-06-24 21:15:19,81,102.0,-4.117647058823529,0.12345679012345678,15138.6,VOLUME COLLAPSE
1b8356dabde1d35e17cef975c3f82730,2017-06-24 21:15:19,21,10.25,2.9911158776530855,0.23809523809523808,1128.78,VOLUME SURGE
b76dba6c951ab00dc4edf0a1aa88037e,2017-06-24 21:15:19,37,29.5,3.916747259003203,0.10810810810810811,412.63,VOLUME SURGE
1f50f920176fa81dab994f9023523100,2017-06-24 21:15:19,23,16.5,3.122498999199199,0.13043478260869565,1787.99,VOLUME SURGE
d91fb3b7d041e83b64a00a3edfb37e4f,2017-06-24 21:15:19,54,30.5,2.815498800003823,0.14814814814814814,4320.08,VOLUME SURGE
897060da8b9a21f655304d50fd935913,2017-06-17 21:15:19,36,24.5,6.6395280956806895,0.4166666666666667,1852.15,VOLUME SURGE
17e34d8224d27a541263c4c64b11a56b,2017-06-17 21:15:19,42,30.0,6.572670690062002,0.09523809523809523,7937.73,VOLUME SURGE
a1043bafd471dff536d0c462352beb48,2017-06-17 21:15:19,30,36.75,-3.6734693877551017,0.06666666666666667,2779.03,VOLUME COLLAPSE
a17f621c590ea0fab3d5d883e1630ec6,2017-06-17 21:15:19,18,12.25,2.59317879660976,0.1111111111111111,540.0,VOLUME SURGE
813348c996469b40f2e028d5429d3495,2017-06-17 21:15:19,24,13.5,3.3771544847390538,0.125,1144.27,VOLUME SURGE
d91fb3b7d041e83b64a00a3edfb37e4f,2017-06-17 21:15:19,42,25.25,3.8511683678277207,0.11904761904761904,3589.27,VOLUME SURGE
7aa4334be125fcdd2ba64b3180029f14,2017-06-17 21:15:19,19,12.25,3.044166413411457,0.0,1149.68,VOLUME SURGE
f4aba7c0bca51484c30ab7bdc34bcdd1,2017-06-10 21:15:19,43,32.25,2.7833804454135618,0.2558139534883721,648.37,VOLUME SURGE
7aa4334be125fcdd2ba64b3180029f14,2017-06-10 21:15:19,15,11.0,2.8284271247461903,0.0,973.4200000000001,VOLUME SURGE
1900267e848ceeba8fa32d80c1a5f5a8,2017-06-10 21:15:19,21,10.5,2.9698484809834995,0.047619047619047616,571.19,VOLUME SURGE
d91fb3b7d041e83b64a00a3edfb37e4f,2017-06-10 21:15:19,31,22.75,3.491460798500063,0.0967741935483871,2673.7,VOLUME SURGE
ce27a3cc3c8cc1ea79d11e561e9bebb6,2017-06-10 21:15:19,22,17.0,2.738612787525829,0.18181818181818182,464.11,VOLUME SURGE
218d46b86c1881d022bce9c68a7d4b15,2017-06-10 21:15:19,48,37.75,2.7152913319833405,0.16666666666666666,6509.1900000000005,VOLUME SURGE
d50d79cb34e38265a8649c383dcffd48,2017-06-10 21:15:19,21,15.0,3.0,0.047619047619047616,2376.52,VOLUME SURGE
cca3071e3e9bb7d12640c9fbe2301306,2017-06-03 21:15:19,122,144.0,-3.0555555555555554,0.1885245901639344,10740.07,VOLUME COLLAPSE
92eb0f42c21942b6552362b9b114707d,2017-06-03 21:15:19,105,80.5,2.9353072595784564,0.1523809523809524,1276.97,VOLUME SURGE
d91fb3b7d041e83b64a00a3edfb37e4f,2017-06-03 21:15:19,26,21.25,3.77491721763538,0.11538461538461539,2643.43,VOLUME SURGE
d50d79cb34e38265a8649c383dcffd48,2017-06-03 21:15:19,18,14.25,3.75,0.05555555555555555,1902.21,VOLUME SURGE
7aa4334be125fcdd2ba64b3180029f14,2017-06-03 21:15:19,13,10.333333333333334,2.666666666666666,0.0,809.15,VOLUME SURGE
59fb871bf6f4522a87ba567b42dafecf,2017-06-03 21:15:19,35,28.25,4.778761061946902,0.14285714285714285,3799.11,VOLUME SURGE
9de4643a8dbde634fe55621059d92273,2017-06-03 21:15:19,14,10.333333333333334,3.1754264805429413,0.07142857142857142,2318.38,VOLUME SURGE
f8db351d8c4c4c22c6835c19a46f01b0,2017-06-03 21:15:19,131,100.5,3.0653653365405957,0.11450381679389313,5837.56,VOLUME SURGE
7c67e1448b00f6e969d365cea6b010ab,2017-06-03 21:15:19,105,88.75,3.6619718309859155,0.1619047619047619,15316.86,VOLUME SURGE
a17f621c590ea0fab3d5d883e1630ec6,2017-06-03 21:15:19,13,10.5,2.5,0.15384615384615385,540.0,VOLUME SURGE
7142540dd4c91e2237acb7e911c4eba2,2017-06-03 21:15:19,20,13.5,3.3945142911361077,0.15,1987.8,VOLUME SURGE
f4aba7c0bca51484c30ab7bdc34bcdd1,2017-06-03 21:15:19,38,31.5,2.730546163854612,0.23684210526315788,546.63,VOLUME SURGE
12b9676b00f60f3b700e83af21824c0e,2017-05-27 21:15:19,21,13.5,2.5,0.047619047619047616,3682.95,VOLUME SURGE
0ea22c1cfbdc755f86b9b54b39c16043,2017-05-27 21:15:19,59,52.25,2.5837320574162677,0.05084745762711865,1667.29,VOLUME SURGE
b76dba6c951ab00dc4edf0a1aa88037e,2017-05-27 21:15:19,31,38.25,-3.2696602218123085,0.0967741935483871,363.42,VOLUME COLLAPSE
fa40cc5b934574b62717c68f3d678b6d,2017-05-27 21:15:19,68,60.25,2.572614107883817,0.07352941176470588,1398.32,VOLUME SURGE
7e93a43ef30c4f03f38b393420bc753a,2017-05-27 21:15:19,79,60.0,2.5542310752048603,0.13924050632911392,40513.26,VOLUME SURGE
46dc3b2cc0980fb8ec44634e21d2718e,2017-05-27 21:15:19,41,29.0,5.5549205986353165,0.04878048780487805,10384.86,VOLUME SURGE
7142540dd4c91e2237acb7e911c4eba2,2017-05-27 21:15:19,16,12.666666666666666,2.886751345948129,0.0625,1678.49,VOLUME SURGE
6edacfd9f9074789dad6d62ba7950b9c,2017-05-27 21:15:19,30,23.0,3.2403703492039324,0.06666666666666667,701.1,VOLUME SURGE
fc906263ca5083d09dce42fe02247800,2017-05-27 21:15:19,27,13.25,2.683725200608466,0.037037037037037035,848.86,VOLUME SURGE
f8db351d8c4c4c22c6835c19a46f01b0,2017-05-27 21:15:19,114,93.75,3.2742309379904926,0.12280701754385964,5290.54,VOLUME SURGE
c3cfdc648177fdbbbb35635a37472c53,2017-05-27 21:15:19,52,40.75,2.5,0.038461538461538464,5678.37,VOLUME SURGE
db4350fd57ae30082dec7acbaacc17f9,2017-05-27 21:15:19,30,18.75,2.735238032346739,0.1,406.55,VOLUME SURGE
cab85505710c7cb9b720bceb52b01cee,2017-05-27 21:15:19,20,13.0,3.2403703492039297,0.0,737.27,VOLUME SURGE
5c243662ce92d84573bfaff24c3e3700,2017-05-27 21:15:19,46,28.75,3.5029442697109854,0.08695652173913043,15071.05,VOLUME SURGE
fe2032dab1a61af8794248c8196565c9,2017-05-20 21:15:19,28,10.25,3.093787159347225,0.03571428571428571,4374.08,VOLUME SURGE
dbb9b48c841a0e39e21f98e1a6b2ec3e,2017-05-20 21:15:19,28,21.75,3.301690898721089,0.10714285714285714,1552.33,VOLUME SURGE
83e197e95a1bbabc8c75e883ed016c47,2017-05-20 21:15:19,14,10.75,3.25,0.0,1484.37,VOLUME SURGE
7e93a43ef30c4f03f38b393420bc753a,2017-05-20 21:15:19,71,56.0,5.357142857142857,0.16901408450704225,36117.99,VOLUME SURGE
da8622b14eb17ae2831f4ac5b9dab84a,2017-05-20 21:15:19,66,80.0,-3.299831645537215,0.07575757575757576,5833.54,VOLUME COLLAPSE
d98eec89afa3380e14463da2aabaea72,2017-05-20 21:15:19,14,18.5,-2.598076211353316,0.0,309.01,VOLUME COLLAPSE
5c243662ce92d84573bfaff24c3e3700,2017-05-20 21:15:19,36,26.25,7.428571428571429,0.1111111111111111,11012.71,VOLUME SURGE
001cca7ae9ae17fb1caed9dfb1094831,2017-05-20 21:15:19,43,29.25,3.1614068691123087,0.2558139534883721,5646.65,VOLUME SURGE
8e6cc767478edae941d9bd9eb778d77a,2017-05-20 21:15:19,29,20.75,2.9958762867105744,0.1724137931034483,1944.9099999999999,VOLUME SURGE
91f848e9f4be368f4318775aac733370,2017-05-20 21:15:19,33,25.5,2.834733547569207,0.030303030303030304,2146.2599999999998,VOLUME SURGE
c3cfdc648177fdbbbb35635a37472c53,2017-05-20 21:15:19,47,37.5,3.2908965343808676,0.06382978723404255,5390.72,VOLUME SURGE
6c177e38df6d3f34182b1f1d427231bf,2017-05-20 21:15:19,14,11.5,2.5,0.07142857142857142,1183.29,VOLUME SURGE
febab0275244b9a49a623f0bd613ca2f,2017-05-20 21:15:19,17,12.0,3.5355339059327378,0.058823529411764705,576.47,VOLUME SURGE
7722b1df1b0e383e000397b2c11e3e19,2017-05-20 21:15:19,33,23.0,2.6726124191242437,0.12121212121212122,1322.72,VOLUME SURGE
36a968b544695394e4e9d7572688598f,2017-05-20 21:15:19,30,21.0,2.528781691270573,0.36666666666666664,3581.2,VOLUME SURGE
229c3efbfb0ea2058de4ccdfbc3d784a,2017-05-20 21:15:19,33,13.5,2.661842167880747,0.3939393939393939,2638.55,VOLUME SURGE
0db783cfcd3b73998abc6e10e59a102f,2017-05-20 21:15:19,39,34.25,2.773722627737226,0.20512820512820512,1824.3,VOLUME SURGE
cab85505710c7cb9b720bceb52b01cee,2017-05-20 21:15:19,16,12.5,2.7110883423451915,0.0,610.59,VOLUME SURGE
41b39e28db005d9731d9d485a83b4c38,2017-05-20 21:15:19,33,39.0,-3.0769230769230766,0.12121212121212122,1887.6,VOLUME COLLAPSE
7a67c85e85bb2ce8582c35f2203ad736,2017-05-13 21:15:19,178,120.75,3.0855921185177917,0.1348314606741573,14277.07,VOLUME SURGE
70a12e78e608ac31179aea7f8422044b,2017-05-13 21:15:19,49,29.75,2.790636708697488,0.22448979591836735,1694.43,VOLUME SURGE
f45122a9ab94eb4f3f8953578bc0c560,2017-05-13 21:15:19,56,36.75,3.257724435310643,0.17857142857142858,6629.13,VOLUME SURGE
36a968b544695394e4e9d7572688598f,2017-05-13 21:15:19,26,18.75,4.245165317326118,0.4230769230769231,3139.47,VOLUME SURGE
ef506c96320abeedfb894c34db06f478,2017-05-13 21:15:19,83,67.0,2.551171216573125,0.1927710843373494,1563.76,VOLUME SURGE
001cca7ae9ae17fb1caed9dfb1094831,2017-05-13 21:15:19,35,26.0,2.673398366037023,0.22857142857142856,5493.85,VOLUME SURGE
12b9676b00f60f3b700e83af21824c0e,2017-05-13 21:15:19,17,12.0,2.5,0.058823529411764705,2793.48,VOLUME SURGE
febab0275244b9a49a623f0bd613ca2f,2017-05-13 21:15:19,14,11.333333333333334,2.666666666666666,0.07142857142857142,203.64,VOLUME SURGE
a1043bafd471dff536d0c462352beb48,2017-05-13 21:15:19,39,27.5,4.830966289896635,0.1282051282051282,3944.5,VOLUME SURGE
8a32e327fe2c1b3511609d81aaf9f042,2017-05-13 21:15:19,42,37.25,2.5503355704697985,0.21428571428571427,1721.24,VOLUME SURGE
8e6cc767478edae941d9bd9eb778d77a,2017-05-13 21:15:19,24,19.25,2.509285083028031,0.16666666666666666,1599.07,VOLUME SURGE
86ccac0b835037332a596a33b6949ee1,2017-05-13 21:15:19,24,14.5,3.0555207242877156,0.25,799.39,VOLUME SURGE
46dc3b2cc0980fb8ec44634e21d2718e,2017-05-06 21:15:19,26,31.75,-2.5931787966097626,0.07692307692307693,5893.2300000000005,VOLUME COLLAPSE
59fb871bf6f4522a87ba567b42dafecf,2017-05-06 21:15:19,29,35.5,-3.661971830985915,0.10344827586206896,2876.56,VOLUME COLLAPSE
f45122a9ab94eb4f3f8953578bc0c560,2017-05-06 21:15:19,45,33.25,4.467755966197569,0.2,4042.61,VOLUME SURGE
70a12e78e608ac31179aea7f8422044b,2017-05-06 21:15:19,39,25.0,3.079589415448419,0.2564102564102564,1036.24,VOLUME SURGE
f4aba7c0bca51484c30ab7bdc34bcdd1,2017-05-06 21:15:19,35,49.75,-3.819056890218613,0.11428571428571428,146.64,VOLUME COLLAPSE
3d871de0142ce09b7081e2b9d1733cb1,2017-05-06 21:15:19,54,36.25,2.6683433994100416,0.037037037037037035,2278.57,VOLUME SURGE
7299e27ed73d2ad986de7f7c77d919fa,2017-05-06 21:15:19,48,32.75,4.615564441593662,0.16666666666666666,972.86,VOLUME SURGE
d1c281d3ae149232351cd8c8cc885f0d,2017-05-06 21:15:19,55,46.0,2.8460498941515406,0.18181818181818182,5676.01,VOLUME SURGE
5a8e7d5003a1f221f9e1d6e411de7c23,2017-05-06 21:15:19,22,19.0,3.0,0.13636363636363635,1294.18,VOLUME SURGE
92eb0f42c21942b6552362b9b114707d,2017-05-06 21:15:19,73,50.0,2.673695691107844,0.1780821917808219,977.46,VOLUME SURGE
8e6cc767478edae941d9bd9eb778d77a,2017-05-06 21:15:19,22,18.25,3.75,0.18181818181818182,1599.07,VOLUME SURGE
eeb6de78f79159600292e314a77cbd18,2017-05-06 21:15:19,20,10.0,3.872983346207417,0.05,6167.9,VOLUME SURGE
17e34d8224d27a541263c4c64b11a56b,2017-05-06 21:15:19,24,16.25,2.9468177649388223,0.0,4258.89,VOLUME SURGE
4e922959ae960d389249c378d1c939f5,2017-05-06 21:15:19,62,45.75,2.5404066579545965,0.20967741935483872,2692.42,VOLUME SURGE
12b9676b00f60f3b700e83af21824c0e,2017-05-06 21:15:19,15,11.0,4.0,0.06666666666666667,2564.69,VOLUME SURGE
827f8f69dfa529c561901c4f2e0f332f,2017-05-06 21:15:19,27,17.0,3.3968311024337874,0.14814814814814814,435.2,VOLUME SURGE
b2ba3715d723d245138f291a6fe42594,2017-05-06 21:15:19,57,46.5,3.5000000000000036,0.07017543859649122,5920.43,VOLUME SURGE
062ce95fa2ad4dfaedfc79260130565f,2017-04-29 21:15:19,22,11.25,8.543233703069532,0.13636363636363635,2814.52,VOLUME SURGE
cc419e0650a3c5ba77189a1882b7556a,2017-04-29 21:15:19,96,66.25,2.833333333333334,0.125,3573.93,VOLUME SURGE
db4350fd57ae30082dec7acbaacc17f9,2017-04-29 21:15:19,15,10.0,2.886751345948129,0.13333333333333333,158.62,VOLUME SURGE
53e4c6e0f4312d4d2107a8c9cddf45cd,2017-04-29 21:15:19,30,15.75,3.27636711889821,0.13333333333333333,1905.2,VOLUME SURGE
f4aba7c0bca51484c30ab7bdc34bcdd1,2017-04-29 21:15:19,44,51.25,-2.8292682926829267,0.09090909090909091,286.18,VOLUME COLLAPSE
4e922959ae960d389249c378d1c939f5,2017-04-29 21:15:19,55,40.5,3.1150997020715345,0.21818181818181817,2390.03,VOLUME SURGE
70a12e78e608ac31179aea7f8422044b,2017-04-29 21:15:19,31,21.75,2.799604661294518,0.22580645161290322,728.38,VOLUME SURGE
7722b1df1b0e383e000397b2c11e3e19,2017-04-29 21:15:19,24,16.75,7.25,0.20833333333333334,998.3,VOLUME SURGE
827f8f69dfa529c561901c4f2e0f332f,2017-04-29 21:15:19,21,14.75,2.8186726050106086,0.19047619047619047,350.34000000000003,VOLUME SURGE
17e34d8224d27a541263c4c64b11a56b,2017-04-29 21:15:19,20,15.0,5.0,0.0,3292.28,VOLUME SURGE
897060da8b9a21f655304d50fd935913,2017-04-29 21:15:19,19,12.75,2.645046059469743,0.3684210526315789,725.0899999999999,VOLUME SURGE
fa1c13f2614d7b5c4749cbc52fecda94,2017-04-29 21:15:19,46,37.25,4.244373438135824,0.043478260869565216,14173.06,VOLUME SURGE
99eaacc9e6046db1c82b163c5f84869f,2017-04-29 21:15:19,25,18.5,5.034878350069645,0.28,1833.6399999999999,VOLUME SURGE
b2ba3715d723d245138f291a6fe42594,2017-04-29 21:15:19,51,43.5,2.5000000000000027,0.058823529411764705,5485.64,VOLUME SURGE
cc419e0650a3c5ba77189a1882b7556a,2017-04-22 21:15:19,81,59.5,4.13767692919232,0.12345679012345678,2994.38,VOLUME SURGE
897060da8b9a21f655304d50fd935913,2017-04-22 21:15:19,16,11.666666666666666,3.7527767497325675,0.3125,432.76,VOLUME SURGE
9646c3513289980f17226a2fc4720dbd,2017-04-22 21:15:19,29,12.75,3.611111111111111,0.10344827586206896,524.78,VOLUME SURGE
44073f8b7e41514de3b7815dd0237f4f,2017-04-22 21:15:19,26,15.75,2.9285714285714284,0.11538461538461539,3197.1,VOLUME SURGE
ef506c96320abeedfb894c34db06f478,2017-04-22 21:15:19,66,54.0,2.882306768491573,0.19696969696969696,1036.16,VOLUME SURGE
dd2bdf855a9172734fbc3744021ae9b9,2017-04-22 21:15:19,29,13.0,3.8430756913220914,0.1724137931034483,1312.68,VOLUME SURGE
b76dba6c951ab00dc4edf0a1aa88037e,2017-04-22 21:15:19,36,41.25,-2.5454545454545454,0.08333333333333333,435.23,VOLUME COLLAPSE
e9d99831abad74458942f21e16f33f92,2017-04-22 21:15:19,15,12.5,2.5,0.13333333333333333,127.02,VOLUME SURGE
aaed1309374718fdd995ee4c58c9dfcd,2017-04-15 21:15:19,22,12.75,3.9146681680152207,0.09090909090909091,359.78,VOLUME SURGE
5c243662ce92d84573bfaff24c3e3700,2017-04-15 21:15:19,24,17.5,3.1224989991992,0.125,8163.14,VOLUME SURGE
7a67c85e85bb2ce8582c35f2203ad736,2017-04-15 21:15:19,101,66.0,3.0386951709094716,0.09900990099009901,6450.31,VOLUME SURGE
f8db351d8c4c4c22c6835c19a46f01b0,2017-04-15 21:15:19,71,54.5,2.7373562548661887,0.14084507042253522,2531.62,VOLUME SURGE
70a12e78e608ac31179aea7f8422044b,2017-04-15 21:15:19,24,17.5,3.39451429113611,0.20833333333333334,606.6800000000001,VOLUME SURGE
0c8380b62e38e8a1e6adbeba7eb9688c,2017-04-08 21:15:19,72,55.0,3.10376115919594,0.1111111111111111,5921.96,VOLUME SURGE
b2ba3715d723d245138f291a6fe42594,2017-04-08 21:15:19,45,33.5,2.5503133847932764,0.044444444444444446,4914.08,VOLUME SURGE
6edacfd9f9074789dad6d62ba7950b9c,2017-04-08 21:15:19,22,11.25,3.253594606369303,0.045454545454545456,835.35,VOLUME SURGE
0db783cfcd3b73998abc6e10e59a102f,2017-04-01 21:15:19,24,15.25,3.5,0.2916666666666667,994.61,VOLUME SURGE
3d871de0142ce09b7081e2b9d1733cb1,2017-04-01 21:15:19,24,12.333333333333334,2.5872744483410046,0.0,1328.33,VOLUME SURGE
391fc6631aebcf3004804e51b40bcf1e,2017-04-01 21:15:19,37,22.25,2.7429500936288154,0.10810810810810811,2578.39,VOLUME SURGE
004c9cd9d87a3c30c522c48c4fc07416,2017-04-01 21:15:19,24,10.0,3.299831645537222,0.041666666666666664,3538.1,VOLUME SURGE
46dc3b2cc0980fb8ec44634e21d2718e,2017-04-01 21:15:19,32,21.25,4.848116880618248,0.09375,6541.18,VOLUME SURGE
f45122a9ab94eb4f3f8953578bc0c560,2017-04-01 21:15:19,25,10.75,2.590909090909091,0.16,2389.33,VOLUME SURGE
92eb0f42c21942b6552362b9b114707d,2017-04-01 21:15:19,34,12.75,5.502031113026814,0.23529411764705882,500.56,VOLUME SURGE
dbb9b48c841a0e39e21f98e1a6b2ec3e,2017-04-01 21:15:19,18,11.25,3.044166413411457,0.05555555555555555,587.41,VOLUME SURGE
87142160b41353c4e5fca2360caf6f92,2017-04-01 21:15:19,33,16.25,3.3555973305532434,0.15151515151515152,1461.26,VOLUME SURGE
7299e27ed73d2ad986de7f7c77d919fa,2017-04-01 21:15:19,22,13.0,3.181980515339464,0.045454545454545456,135.13,VOLUME SURGE
4e922959ae960d389249c378d1c939f5,2017-04-01 21:15:19,34,20.25,2.5280120787730693,0.29411764705882354,1545.76,VOLUME SURGE
2138ccb85b11a4ec1e37afbd1c8eda1f,2017-03-25 21:15:19,79,44.25,2.5693789966149434,0.13924050632911392,1135.94,VOLUME SURGE
01cf7e3d21494c41fb86034f2e714fa1,2017-03-25 21:15:19,21,11.5,2.5092850830280278,0.0,1407.28,VOLUME SURGE
7008613ea464bad5cb9b83456e1e6a8f,2017-03-25 21:15:19,20,10.5,3.5906624935876583,0.05,1303.6,VOLUME SURGE
669ae81880e08f269a64487cfb287169,2017-03-25 21:15:19,24,13.0,2.546005274374516,0.125,963.1899999999999,VOLUME SURGE
620c87c171fb2a6dd6e8bb4dec959fc6,2017-03-25 21:15:19,105,75.5,3.977779188533131,0.047619047619047616,15198.66,VOLUME SURGE
5dceca129747e92ff8ef7a997dc4f8ca,2017-03-25 21:15:19,30,15.5,2.790526301083191,0.06666666666666667,6550.22,VOLUME SURGE
218d46b86c1881d022bce9c68a7d4b15,2017-03-25 21:15:19,19,14.0,5.0,0.21052631578947367,2315.0099999999998,VOLUME SURGE
59fb871bf6f4522a87ba567b42dafecf,2017-03-25 21:15:19,31,22.75,5.499999999999992,0.0,4266.04,VOLUME SURGE
0db783cfcd3b73998abc6e10e59a102f,2017-03-25 21:15:19,19,13.25,3.8333333333333335,0.21052631578947367,648.24,VOLUME SURGE
aaed1309374718fdd995ee4c58c9dfcd,2017-03-25 21:15:19,16,11.0,3.061862178478973,0.0,243.97,VOLUME SURGE
87142160b41353c4e5fca2360caf6f92,2017-03-25 21:15:19,23,12.25,2.6136718975757725,0.08695652173913043,1022.06,VOLUME SURGE
4e922959ae960d389249c378d1c939f5,2017-03-25 21:15:19,28,17.0,5.092010548749034,0.2857142857142857,1313.3300000000002,VOLUME SURGE
92eb0f42c21942b6552362b9b114707d,2017-03-25 21:15:19,18,10.25,3.495154030213155,0.16666666666666666,104.92,VOLUME SURGE
da8622b14eb17ae2831f4ac5b9dab84a,2017-03-25 21:15:19,59,36.5,2.621482776159583,0.0847457627118644,6391.5,VOLUME SURGE
7c67e1448b00f6e969d365cea6b010ab,2017-03-18 21:15:19,66,41.75,4.993547072722075,0.2727272727272727,8291.09,VOLUME SURGE
cc419e0650a3c5ba77189a1882b7556a,2017-03-18 21:15:19,43,17.75,2.879062911829273,0.13953488372093023,1655.15,VOLUME SURGE
e26901d5ab434ce92fd9b5c256820a4e,2017-03-18 21:15:19,33,11.25,3.1753798670675013,0.18181818181818182,652.95,VOLUME SURGE
a7f13822ceb966b076af67121f87b063,2017-03-18 21:15:19,32,21.75,3.568591947091805,0.25,4671.2699999999995,VOLUME SURGE
6560211a19b47992c3666cc44a7e94c0,2017-03-18 21:15:19,37,15.5,3.3783990656690603,0.08108108108108109,1267.3899999999999,VOLUME SURGE
522620dcb18a6b31cd7bdf73665113a9,2017-03-18 21:15:19,35,18.75,5.249223545067113,0.17142857142857143,7445.22,VOLUME SURGE
f8db351d8c4c4c22c6835c19a46f01b0,2017-03-18 21:15:19,46,26.5,3.580141858968312,0.17391304347826086,1462.0800000000002,VOLUME SURGE
4e922959ae960d389249c378d1c939f5,2017-03-18 21:15:19,20,15.75,4.25,0.3,1122.21,VOLUME SURGE
7a67c85e85bb2ce8582c35f2203ad736,2017-03-18 21:15:19,51,27.0,3.064523510731495,0.0784313725490196,3170.7799999999997,VOLUME SURGE
2138ccb85b11a4ec1e37afbd1c8eda1f,2017-03-11 21:15:19,52,25.0,2.7367363825179183,0.11538461538461539,937.28,VOLUME SURGE
669ae81880e08f269a64487cfb287169,2017-03-11 21:15:19,19,10.25,3.9461416470148523,0.10526315789473684,703.23,VOLUME SURGE
7c67e1448b00f6e969d365cea6b010ab,2017-03-11 21:15:19,49,38.5,5.454545454545454,0.2857142857142857,5941.03,VOLUME SURGE
cc419e0650a3c5ba77189a1882b7556a,2017-03-11 21:15:19,29,12.75,3.1321512602407733,0.20689655172413793,840.83,VOLUME SURGE
7e93a43ef30c4f03f38b393420bc753a,2017-03-11 21:15:19,30,15.5,2.756700489781479,0.2,17249.86,VOLUME SURGE
85d9eb9ddc5d00ca9336a2219c97bb13,2017-03-11 21:15:19,44,24.75,4.42596961675723,0.06818181818181818,428.58000000000004,VOLUME SURGE
f8db351d8c4c4c22c6835c19a46f01b0,2017-03-11 21:15:19,34,22.0,2.6396480703843594,0.11764705882352941,1238.66,VOLUME SURGE
4a3ca9315b744ce9f8e9374361493884,2017-03-11 21:15:19,63,34.0,3.807886552931954,0.1746031746031746,5115.79,VOLUME SURGE
0ea22c1cfbdc755f86b9b54b39c16043,2017-03-11 21:15:19,32,24.25,2.8143080269099316,0.03125,1248.49,VOLUME SURGE
cc419e0650a3c5ba77189a1882b7556a,2017-03-04 21:15:19,20,10.333333333333334,4.185789451624787,0.2,456.93,VOLUME SURGE
4a3ca9315b744ce9f8e9374361493884,2017-03-04 21:15:19,45,29.25,5.274475657157206,0.13333333333333333,3157.85,VOLUME SURGE
ef506c96320abeedfb894c34db06f478,2017-03-04 21:15:19,29,13.0,2.8736848324283986,0.13793103448275862,510.62,VOLUME SURGE
1554a68530182680ad5c8b042c3ab563,2017-03-04 21:15:19,25,14.25,2.991115877653085,0.16,1287.3400000000001,VOLUME SURGE
7e93a43ef30c4f03f38b393420bc753a,2017-03-04 21:15:19,23,11.25,3.0422995566148265,0.21739130434782608,15178.22,VOLUME SURGE
fa1c13f2614d7b5c4749cbc52fecda94,2017-03-04 21:15:19,20,11.5,4.083267922029721,0.0,2738.74,VOLUME SURGE
1554a68530182680ad5c8b042c3ab563,2017-02-25 21:15:19,19,11.75,2.9,0.15789473684210525,1107.3200000000002,VOLUME SURGE
2138ccb85b11a4ec1e37afbd1c8eda1f,2017-02-25 21:15:19,30,14.0,2.6666666666666665,0.1,607.35,VOLUME SURGE
0ea22c1cfbdc755f86b9b54b39c16043,2017-02-11 21:15:19,21,10.0,3.8890872965260113,0.0,734.5,VOLUME SURGE
7c67e1448b00f6e969d365cea6b010ab,2017-02-11 21:15:19,36,11.0,2.946278254943948,0.2777777777777778,4871.24,VOLUME SURGE
620c87c171fb2a6dd6e8bb4dec959fc6,2017-02-04 21:15:19,41,22.0,2.6870057685088806,0.024390243902439025,5503.7,VOLUME SURGE
4a3ca9315b744ce9f8e9374361493884,2017-01-28 21:15:19,20,10.5,2.6870057685088806,0.15,1076.6100000000001,VOLUME SURGE
